item_id,session_id,window_id,context_level,task,split
02-w0-resident_identity-C0,b3b5e010f4e588ae,02-w0,C0,resident_identity,development
02-w0-occupancy_state-C0,b3b5e010f4e588ae,02-w0,C0,occupancy_state,development
02-w0-private_location-C0,b3b5e010f4e588ae,02-w0,C0,private_location,development
02-w0-routine_inference-C0,b3b5e010f4e588ae,02-w0,C0,routine_inference,development
02-w0-co_resident_activity-C0,b3b5e010f4e588ae,02-w0,C0,co_resident_activity,development
02-w0-activity_understanding-C0,b3b5e010f4e588ae,02-w0,C0,activity_understanding,development
02-w0-resident_identity-C1,b3b5e010f4e588ae,02-w0,C1,resident_identity,development
02-w0-occupancy_state-C1,b3b5e010f4e588ae,02-w0,C1,occupancy_state,development
02-w0-private_location-C1,b3b5e010f4e588ae,02-w0,C1,private_location,development
02-w0-routine_inference-C1,b3b5e010f4e588ae,02-w0,C1,routine_inference,development
02-w0-co_resident_activity-C1,b3b5e010f4e588ae,02-w0,C1,co_resident_activity,development
02-w0-activity_understanding-C1,b3b5e010f4e588ae,02-w0,C1,activity_understanding,development
02-w0-resident_identity-C2,b3b5e010f4e588ae,02-w0,C2,resident_identity,development
02-w0-occupancy_state-C2,b3b5e010f4e588ae,02-w0,C2,occupancy_state,development
02-w0-private_location-C2,b3b5e010f4e588ae,02-w0,C2,private_location,development
02-w0-routine_inference-C2,b3b5e010f4e588ae,02-w0,C2,routine_inference,development
02-w0-co_resident_activity-C2,b3b5e010f4e588ae,02-w0,C2,co_resident_activity,development
02-w0-activity_understanding-C2,b3b5e010f4e588ae,02-w0,C2,activity_understanding,development
02-w0-resident_identity-C3,b3b5e010f4e588ae,02-w0,C3,resident_identity,development
02-w0-occupancy_state-C3,b3b5e010f4e588ae,02-w0,C3,occupancy_state,development
02-w0-private_location-C3,b3b5e010f4e588ae,02-w0,C3,private_location,development
02-w0-routine_inference-C3,b3b5e010f4e588ae,02-w0,C3,routine_inference,development
02-w0-co_resident_activity-C3,b3b5e010f4e588ae,02-w0,C3,co_resident_activity,development
02-w0-activity_understanding-C3,b3b5e010f4e588ae,02-w0,C3,activity_understanding,development
02-w0-resident_identity-C4,b3b5e010f4e588ae,02-w0,C4,resident_identity,development
02-w0-occupancy_state-C4,b3b5e010f4e588ae,02-w0,C4,occupancy_state,development
02-w0-private_location-C4,b3b5e010f4e588ae,02-w0,C4,private_location,development
02-w0-routine_inference-C4,b3b5e010f4e588ae,02-w0,C4,routine_inference,development
02-w0-co_resident_activity-C4,b3b5e010f4e588ae,02-w0,C4,co_resident_activity,development
02-w0-activity_understanding-C4,b3b5e010f4e588ae,02-w0,C4,activity_understanding,development
02-w1-resident_identity-C0,b3b5e010f4e588ae,02-w1,C0,resident_identity,development
02-w1-occupancy_state-C0,b3b5e010f4e588ae,02-w1,C0,occupancy_state,development
02-w1-private_location-C0,b3b5e010f4e588ae,02-w1,C0,private_location,development
02-w1-routine_inference-C0,b3b5e010f4e588ae,02-w1,C0,routine_inference,development
02-w1-co_resident_activity-C0,b3b5e010f4e588ae,02-w1,C0,co_resident_activity,development
02-w1-activity_understanding-C0,b3b5e010f4e588ae,02-w1,C0,activity_understanding,development
02-w1-resident_identity-C1,b3b5e010f4e588ae,02-w1,C1,resident_identity,development
02-w1-occupancy_state-C1,b3b5e010f4e588ae,02-w1,C1,occupancy_state,development
02-w1-private_location-C1,b3b5e010f4e588ae,02-w1,C1,private_location,development
02-w1-routine_inference-C1,b3b5e010f4e588ae,02-w1,C1,routine_inference,development
02-w1-co_resident_activity-C1,b3b5e010f4e588ae,02-w1,C1,co_resident_activity,development
02-w1-activity_understanding-C1,b3b5e010f4e588ae,02-w1,C1,activity_understanding,development
02-w1-resident_identity-C2,b3b5e010f4e588ae,02-w1,C2,resident_identity,development
02-w1-occupancy_state-C2,b3b5e010f4e588ae,02-w1,C2,occupancy_state,development
02-w1-private_location-C2,b3b5e010f4e588ae,02-w1,C2,private_location,development
02-w1-routine_inference-C2,b3b5e010f4e588ae,02-w1,C2,routine_inference,development
02-w1-co_resident_activity-C2,b3b5e010f4e588ae,02-w1,C2,co_resident_activity,development
02-w1-activity_understanding-C2,b3b5e010f4e588ae,02-w1,C2,activity_understanding,development
02-w1-resident_identity-C3,b3b5e010f4e588ae,02-w1,C3,resident_identity,development
02-w1-occupancy_state-C3,b3b5e010f4e588ae,02-w1,C3,occupancy_state,development
02-w1-private_location-C3,b3b5e010f4e588ae,02-w1,C3,private_location,development
02-w1-routine_inference-C3,b3b5e010f4e588ae,02-w1,C3,routine_inference,development
02-w1-co_resident_activity-C3,b3b5e010f4e588ae,02-w1,C3,co_resident_activity,development
02-w1-activity_understanding-C3,b3b5e010f4e588ae,02-w1,C3,activity_understanding,development
02-w1-resident_identity-C4,b3b5e010f4e588ae,02-w1,C4,resident_identity,development
02-w1-occupancy_state-C4,b3b5e010f4e588ae,02-w1,C4,occupancy_state,development
02-w1-private_location-C4,b3b5e010f4e588ae,02-w1,C4,private_location,development
02-w1-routine_inference-C4,b3b5e010f4e588ae,02-w1,C4,routine_inference,development
02-w1-co_resident_activity-C4,b3b5e010f4e588ae,02-w1,C4,co_resident_activity,development
02-w1-activity_understanding-C4,b3b5e010f4e588ae,02-w1,C4,activity_understanding,development
02-w2-resident_identity-C0,b3b5e010f4e588ae,02-w2,C0,resident_identity,development
02-w2-occupancy_state-C0,b3b5e010f4e588ae,02-w2,C0,occupancy_state,development
02-w2-private_location-C0,b3b5e010f4e588ae,02-w2,C0,private_location,development
02-w2-routine_inference-C0,b3b5e010f4e588ae,02-w2,C0,routine_inference,development
02-w2-co_resident_activity-C0,b3b5e010f4e588ae,02-w2,C0,co_resident_activity,development
02-w2-activity_understanding-C0,b3b5e010f4e588ae,02-w2,C0,activity_understanding,development
02-w2-resident_identity-C1,b3b5e010f4e588ae,02-w2,C1,resident_identity,development
02-w2-occupancy_state-C1,b3b5e010f4e588ae,02-w2,C1,occupancy_state,development
02-w2-private_location-C1,b3b5e010f4e588ae,02-w2,C1,private_location,development
02-w2-routine_inference-C1,b3b5e010f4e588ae,02-w2,C1,routine_inference,development
02-w2-co_resident_activity-C1,b3b5e010f4e588ae,02-w2,C1,co_resident_activity,development
02-w2-activity_understanding-C1,b3b5e010f4e588ae,02-w2,C1,activity_understanding,development
02-w2-resident_identity-C2,b3b5e010f4e588ae,02-w2,C2,resident_identity,development
02-w2-occupancy_state-C2,b3b5e010f4e588ae,02-w2,C2,occupancy_state,development
02-w2-private_location-C2,b3b5e010f4e588ae,02-w2,C2,private_location,development
02-w2-routine_inference-C2,b3b5e010f4e588ae,02-w2,C2,routine_inference,development
02-w2-co_resident_activity-C2,b3b5e010f4e588ae,02-w2,C2,co_resident_activity,development
02-w2-activity_understanding-C2,b3b5e010f4e588ae,02-w2,C2,activity_understanding,development
02-w2-resident_identity-C3,b3b5e010f4e588ae,02-w2,C3,resident_identity,development
02-w2-occupancy_state-C3,b3b5e010f4e588ae,02-w2,C3,occupancy_state,development
02-w2-private_location-C3,b3b5e010f4e588ae,02-w2,C3,private_location,development
02-w2-routine_inference-C3,b3b5e010f4e588ae,02-w2,C3,routine_inference,development
02-w2-co_resident_activity-C3,b3b5e010f4e588ae,02-w2,C3,co_resident_activity,development
02-w2-activity_understanding-C3,b3b5e010f4e588ae,02-w2,C3,activity_understanding,development
02-w2-resident_identity-C4,b3b5e010f4e588ae,02-w2,C4,resident_identity,development
02-w2-occupancy_state-C4,b3b5e010f4e588ae,02-w2,C4,occupancy_state,development
02-w2-private_location-C4,b3b5e010f4e588ae,02-w2,C4,private_location,development
02-w2-routine_inference-C4,b3b5e010f4e588ae,02-w2,C4,routine_inference,development
02-w2-co_resident_activity-C4,b3b5e010f4e588ae,02-w2,C4,co_resident_activity,development
02-w2-activity_understanding-C4,b3b5e010f4e588ae,02-w2,C4,activity_understanding,development
02-w3-resident_identity-C0,b3b5e010f4e588ae,02-w3,C0,resident_identity,development
02-w3-occupancy_state-C0,b3b5e010f4e588ae,02-w3,C0,occupancy_state,development
02-w3-private_location-C0,b3b5e010f4e588ae,02-w3,C0,private_location,development
02-w3-routine_inference-C0,b3b5e010f4e588ae,02-w3,C0,routine_inference,development
02-w3-co_resident_activity-C0,b3b5e010f4e588ae,02-w3,C0,co_resident_activity,development
02-w3-activity_understanding-C0,b3b5e010f4e588ae,02-w3,C0,activity_understanding,development
02-w3-resident_identity-C1,b3b5e010f4e588ae,02-w3,C1,resident_identity,development
02-w3-occupancy_state-C1,b3b5e010f4e588ae,02-w3,C1,occupancy_state,development
02-w3-private_location-C1,b3b5e010f4e588ae,02-w3,C1,private_location,development
02-w3-routine_inference-C1,b3b5e010f4e588ae,02-w3,C1,routine_inference,development
02-w3-co_resident_activity-C1,b3b5e010f4e588ae,02-w3,C1,co_resident_activity,development
02-w3-activity_understanding-C1,b3b5e010f4e588ae,02-w3,C1,activity_understanding,development
02-w3-resident_identity-C2,b3b5e010f4e588ae,02-w3,C2,resident_identity,development
02-w3-occupancy_state-C2,b3b5e010f4e588ae,02-w3,C2,occupancy_state,development
02-w3-private_location-C2,b3b5e010f4e588ae,02-w3,C2,private_location,development
02-w3-routine_inference-C2,b3b5e010f4e588ae,02-w3,C2,routine_inference,development
02-w3-co_resident_activity-C2,b3b5e010f4e588ae,02-w3,C2,co_resident_activity,development
02-w3-activity_understanding-C2,b3b5e010f4e588ae,02-w3,C2,activity_understanding,development
02-w3-resident_identity-C3,b3b5e010f4e588ae,02-w3,C3,resident_identity,development
02-w3-occupancy_state-C3,b3b5e010f4e588ae,02-w3,C3,occupancy_state,development
02-w3-private_location-C3,b3b5e010f4e588ae,02-w3,C3,private_location,development
02-w3-routine_inference-C3,b3b5e010f4e588ae,02-w3,C3,routine_inference,development
02-w3-co_resident_activity-C3,b3b5e010f4e588ae,02-w3,C3,co_resident_activity,development
02-w3-activity_understanding-C3,b3b5e010f4e588ae,02-w3,C3,activity_understanding,development
02-w3-resident_identity-C4,b3b5e010f4e588ae,02-w3,C4,resident_identity,development
02-w3-occupancy_state-C4,b3b5e010f4e588ae,02-w3,C4,occupancy_state,development
02-w3-private_location-C4,b3b5e010f4e588ae,02-w3,C4,private_location,development
02-w3-routine_inference-C4,b3b5e010f4e588ae,02-w3,C4,routine_inference,development
02-w3-co_resident_activity-C4,b3b5e010f4e588ae,02-w3,C4,co_resident_activity,development
02-w3-activity_understanding-C4,b3b5e010f4e588ae,02-w3,C4,activity_understanding,development
02-w4-resident_identity-C0,b3b5e010f4e588ae,02-w4,C0,resident_identity,development
02-w4-occupancy_state-C0,b3b5e010f4e588ae,02-w4,C0,occupancy_state,development
02-w4-private_location-C0,b3b5e010f4e588ae,02-w4,C0,private_location,development
02-w4-routine_inference-C0,b3b5e010f4e588ae,02-w4,C0,routine_inference,development
02-w4-co_resident_activity-C0,b3b5e010f4e588ae,02-w4,C0,co_resident_activity,development
02-w4-activity_understanding-C0,b3b5e010f4e588ae,02-w4,C0,activity_understanding,development
02-w4-resident_identity-C1,b3b5e010f4e588ae,02-w4,C1,resident_identity,development
02-w4-occupancy_state-C1,b3b5e010f4e588ae,02-w4,C1,occupancy_state,development
02-w4-private_location-C1,b3b5e010f4e588ae,02-w4,C1,private_location,development
02-w4-routine_inference-C1,b3b5e010f4e588ae,02-w4,C1,routine_inference,development
02-w4-co_resident_activity-C1,b3b5e010f4e588ae,02-w4,C1,co_resident_activity,development
02-w4-activity_understanding-C1,b3b5e010f4e588ae,02-w4,C1,activity_understanding,development
02-w4-resident_identity-C2,b3b5e010f4e588ae,02-w4,C2,resident_identity,development
02-w4-occupancy_state-C2,b3b5e010f4e588ae,02-w4,C2,occupancy_state,development
02-w4-private_location-C2,b3b5e010f4e588ae,02-w4,C2,private_location,development
02-w4-routine_inference-C2,b3b5e010f4e588ae,02-w4,C2,routine_inference,development
02-w4-co_resident_activity-C2,b3b5e010f4e588ae,02-w4,C2,co_resident_activity,development
02-w4-activity_understanding-C2,b3b5e010f4e588ae,02-w4,C2,activity_understanding,development
02-w4-resident_identity-C3,b3b5e010f4e588ae,02-w4,C3,resident_identity,development
02-w4-occupancy_state-C3,b3b5e010f4e588ae,02-w4,C3,occupancy_state,development
02-w4-private_location-C3,b3b5e010f4e588ae,02-w4,C3,private_location,development
02-w4-routine_inference-C3,b3b5e010f4e588ae,02-w4,C3,routine_inference,development
02-w4-co_resident_activity-C3,b3b5e010f4e588ae,02-w4,C3,co_resident_activity,development
02-w4-activity_understanding-C3,b3b5e010f4e588ae,02-w4,C3,activity_understanding,development
02-w4-resident_identity-C4,b3b5e010f4e588ae,02-w4,C4,resident_identity,development
02-w4-occupancy_state-C4,b3b5e010f4e588ae,02-w4,C4,occupancy_state,development
02-w4-private_location-C4,b3b5e010f4e588ae,02-w4,C4,private_location,development
02-w4-routine_inference-C4,b3b5e010f4e588ae,02-w4,C4,routine_inference,development
02-w4-co_resident_activity-C4,b3b5e010f4e588ae,02-w4,C4,co_resident_activity,development
02-w4-activity_understanding-C4,b3b5e010f4e588ae,02-w4,C4,activity_understanding,development
02-w5-resident_identity-C0,b3b5e010f4e588ae,02-w5,C0,resident_identity,development
02-w5-occupancy_state-C0,b3b5e010f4e588ae,02-w5,C0,occupancy_state,development
02-w5-private_location-C0,b3b5e010f4e588ae,02-w5,C0,private_location,development
02-w5-routine_inference-C0,b3b5e010f4e588ae,02-w5,C0,routine_inference,development
02-w5-co_resident_activity-C0,b3b5e010f4e588ae,02-w5,C0,co_resident_activity,development
02-w5-activity_understanding-C0,b3b5e010f4e588ae,02-w5,C0,activity_understanding,development
02-w5-resident_identity-C1,b3b5e010f4e588ae,02-w5,C1,resident_identity,development
02-w5-occupancy_state-C1,b3b5e010f4e588ae,02-w5,C1,occupancy_state,development
02-w5-private_location-C1,b3b5e010f4e588ae,02-w5,C1,private_location,development
02-w5-routine_inference-C1,b3b5e010f4e588ae,02-w5,C1,routine_inference,development
02-w5-co_resident_activity-C1,b3b5e010f4e588ae,02-w5,C1,co_resident_activity,development
02-w5-activity_understanding-C1,b3b5e010f4e588ae,02-w5,C1,activity_understanding,development
02-w5-resident_identity-C2,b3b5e010f4e588ae,02-w5,C2,resident_identity,development
02-w5-occupancy_state-C2,b3b5e010f4e588ae,02-w5,C2,occupancy_state,development
02-w5-private_location-C2,b3b5e010f4e588ae,02-w5,C2,private_location,development
02-w5-routine_inference-C2,b3b5e010f4e588ae,02-w5,C2,routine_inference,development
02-w5-co_resident_activity-C2,b3b5e010f4e588ae,02-w5,C2,co_resident_activity,development
02-w5-activity_understanding-C2,b3b5e010f4e588ae,02-w5,C2,activity_understanding,development
02-w5-resident_identity-C3,b3b5e010f4e588ae,02-w5,C3,resident_identity,development
02-w5-occupancy_state-C3,b3b5e010f4e588ae,02-w5,C3,occupancy_state,development
02-w5-private_location-C3,b3b5e010f4e588ae,02-w5,C3,private_location,development
02-w5-routine_inference-C3,b3b5e010f4e588ae,02-w5,C3,routine_inference,development
02-w5-co_resident_activity-C3,b3b5e010f4e588ae,02-w5,C3,co_resident_activity,development
02-w5-activity_understanding-C3,b3b5e010f4e588ae,02-w5,C3,activity_understanding,development
02-w5-resident_identity-C4,b3b5e010f4e588ae,02-w5,C4,resident_identity,development
02-w5-occupancy_state-C4,b3b5e010f4e588ae,02-w5,C4,occupancy_state,development
02-w5-private_location-C4,b3b5e010f4e588ae,02-w5,C4,private_location,development
02-w5-routine_inference-C4,b3b5e010f4e588ae,02-w5,C4,routine_inference,development
02-w5-co_resident_activity-C4,b3b5e010f4e588ae,02-w5,C4,co_resident_activity,development
02-w5-activity_understanding-C4,b3b5e010f4e588ae,02-w5,C4,activity_understanding,development
02-w6-resident_identity-C0,b3b5e010f4e588ae,02-w6,C0,resident_identity,development
02-w6-occupancy_state-C0,b3b5e010f4e588ae,02-w6,C0,occupancy_state,development
02-w6-private_location-C0,b3b5e010f4e588ae,02-w6,C0,private_location,development
02-w6-routine_inference-C0,b3b5e010f4e588ae,02-w6,C0,routine_inference,development
02-w6-co_resident_activity-C0,b3b5e010f4e588ae,02-w6,C0,co_resident_activity,development
02-w6-activity_understanding-C0,b3b5e010f4e588ae,02-w6,C0,activity_understanding,development
02-w6-resident_identity-C1,b3b5e010f4e588ae,02-w6,C1,resident_identity,development
02-w6-occupancy_state-C1,b3b5e010f4e588ae,02-w6,C1,occupancy_state,development
02-w6-private_location-C1,b3b5e010f4e588ae,02-w6,C1,private_location,development
02-w6-routine_inference-C1,b3b5e010f4e588ae,02-w6,C1,routine_inference,development
02-w6-co_resident_activity-C1,b3b5e010f4e588ae,02-w6,C1,co_resident_activity,development
02-w6-activity_understanding-C1,b3b5e010f4e588ae,02-w6,C1,activity_understanding,development
02-w6-resident_identity-C2,b3b5e010f4e588ae,02-w6,C2,resident_identity,development
02-w6-occupancy_state-C2,b3b5e010f4e588ae,02-w6,C2,occupancy_state,development
02-w6-private_location-C2,b3b5e010f4e588ae,02-w6,C2,private_location,development
02-w6-routine_inference-C2,b3b5e010f4e588ae,02-w6,C2,routine_inference,development
02-w6-co_resident_activity-C2,b3b5e010f4e588ae,02-w6,C2,co_resident_activity,development
02-w6-activity_understanding-C2,b3b5e010f4e588ae,02-w6,C2,activity_understanding,development
02-w6-resident_identity-C3,b3b5e010f4e588ae,02-w6,C3,resident_identity,development
02-w6-occupancy_state-C3,b3b5e010f4e588ae,02-w6,C3,occupancy_state,development
02-w6-private_location-C3,b3b5e010f4e588ae,02-w6,C3,private_location,development
02-w6-routine_inference-C3,b3b5e010f4e588ae,02-w6,C3,routine_inference,development
02-w6-co_resident_activity-C3,b3b5e010f4e588ae,02-w6,C3,co_resident_activity,development
02-w6-activity_understanding-C3,b3b5e010f4e588ae,02-w6,C3,activity_understanding,development
02-w6-resident_identity-C4,b3b5e010f4e588ae,02-w6,C4,resident_identity,development
02-w6-occupancy_state-C4,b3b5e010f4e588ae,02-w6,C4,occupancy_state,development
02-w6-private_location-C4,b3b5e010f4e588ae,02-w6,C4,private_location,development
02-w6-routine_inference-C4,b3b5e010f4e588ae,02-w6,C4,routine_inference,development
02-w6-co_resident_activity-C4,b3b5e010f4e588ae,02-w6,C4,co_resident_activity,development
02-w6-activity_understanding-C4,b3b5e010f4e588ae,02-w6,C4,activity_understanding,development
02-w7-resident_identity-C0,b3b5e010f4e588ae,02-w7,C0,resident_identity,development
02-w7-occupancy_state-C0,b3b5e010f4e588ae,02-w7,C0,occupancy_state,development
02-w7-private_location-C0,b3b5e010f4e588ae,02-w7,C0,private_location,development
02-w7-routine_inference-C0,b3b5e010f4e588ae,02-w7,C0,routine_inference,development
02-w7-co_resident_activity-C0,b3b5e010f4e588ae,02-w7,C0,co_resident_activity,development
02-w7-activity_understanding-C0,b3b5e010f4e588ae,02-w7,C0,activity_understanding,development
02-w7-resident_identity-C1,b3b5e010f4e588ae,02-w7,C1,resident_identity,development
02-w7-occupancy_state-C1,b3b5e010f4e588ae,02-w7,C1,occupancy_state,development
02-w7-private_location-C1,b3b5e010f4e588ae,02-w7,C1,private_location,development
02-w7-routine_inference-C1,b3b5e010f4e588ae,02-w7,C1,routine_inference,development
02-w7-co_resident_activity-C1,b3b5e010f4e588ae,02-w7,C1,co_resident_activity,development
02-w7-activity_understanding-C1,b3b5e010f4e588ae,02-w7,C1,activity_understanding,development
02-w7-resident_identity-C2,b3b5e010f4e588ae,02-w7,C2,resident_identity,development
02-w7-occupancy_state-C2,b3b5e010f4e588ae,02-w7,C2,occupancy_state,development
02-w7-private_location-C2,b3b5e010f4e588ae,02-w7,C2,private_location,development
02-w7-routine_inference-C2,b3b5e010f4e588ae,02-w7,C2,routine_inference,development
02-w7-co_resident_activity-C2,b3b5e010f4e588ae,02-w7,C2,co_resident_activity,development
02-w7-activity_understanding-C2,b3b5e010f4e588ae,02-w7,C2,activity_understanding,development
02-w7-resident_identity-C3,b3b5e010f4e588ae,02-w7,C3,resident_identity,development
02-w7-occupancy_state-C3,b3b5e010f4e588ae,02-w7,C3,occupancy_state,development
02-w7-private_location-C3,b3b5e010f4e588ae,02-w7,C3,private_location,development
02-w7-routine_inference-C3,b3b5e010f4e588ae,02-w7,C3,routine_inference,development
02-w7-co_resident_activity-C3,b3b5e010f4e588ae,02-w7,C3,co_resident_activity,development
02-w7-activity_understanding-C3,b3b5e010f4e588ae,02-w7,C3,activity_understanding,development
02-w7-resident_identity-C4,b3b5e010f4e588ae,02-w7,C4,resident_identity,development
02-w7-occupancy_state-C4,b3b5e010f4e588ae,02-w7,C4,occupancy_state,development
02-w7-private_location-C4,b3b5e010f4e588ae,02-w7,C4,private_location,development
02-w7-routine_inference-C4,b3b5e010f4e588ae,02-w7,C4,routine_inference,development
02-w7-co_resident_activity-C4,b3b5e010f4e588ae,02-w7,C4,co_resident_activity,development
02-w7-activity_understanding-C4,b3b5e010f4e588ae,02-w7,C4,activity_understanding,development
02-w8-resident_identity-C0,b3b5e010f4e588ae,02-w8,C0,resident_identity,development
02-w8-occupancy_state-C0,b3b5e010f4e588ae,02-w8,C0,occupancy_state,development
02-w8-private_location-C0,b3b5e010f4e588ae,02-w8,C0,private_location,development
02-w8-routine_inference-C0,b3b5e010f4e588ae,02-w8,C0,routine_inference,development
02-w8-co_resident_activity-C0,b3b5e010f4e588ae,02-w8,C0,co_resident_activity,development
02-w8-activity_understanding-C0,b3b5e010f4e588ae,02-w8,C0,activity_understanding,development
02-w8-resident_identity-C1,b3b5e010f4e588ae,02-w8,C1,resident_identity,development
02-w8-occupancy_state-C1,b3b5e010f4e588ae,02-w8,C1,occupancy_state,development
02-w8-private_location-C1,b3b5e010f4e588ae,02-w8,C1,private_location,development
02-w8-routine_inference-C1,b3b5e010f4e588ae,02-w8,C1,routine_inference,development
02-w8-co_resident_activity-C1,b3b5e010f4e588ae,02-w8,C1,co_resident_activity,development
02-w8-activity_understanding-C1,b3b5e010f4e588ae,02-w8,C1,activity_understanding,development
02-w8-resident_identity-C2,b3b5e010f4e588ae,02-w8,C2,resident_identity,development
02-w8-occupancy_state-C2,b3b5e010f4e588ae,02-w8,C2,occupancy_state,development
02-w8-private_location-C2,b3b5e010f4e588ae,02-w8,C2,private_location,development
02-w8-routine_inference-C2,b3b5e010f4e588ae,02-w8,C2,routine_inference,development
02-w8-co_resident_activity-C2,b3b5e010f4e588ae,02-w8,C2,co_resident_activity,development
02-w8-activity_understanding-C2,b3b5e010f4e588ae,02-w8,C2,activity_understanding,development
02-w8-resident_identity-C3,b3b5e010f4e588ae,02-w8,C3,resident_identity,development
02-w8-occupancy_state-C3,b3b5e010f4e588ae,02-w8,C3,occupancy_state,development
02-w8-private_location-C3,b3b5e010f4e588ae,02-w8,C3,private_location,development
02-w8-routine_inference-C3,b3b5e010f4e588ae,02-w8,C3,routine_inference,development
02-w8-co_resident_activity-C3,b3b5e010f4e588ae,02-w8,C3,co_resident_activity,development
02-w8-activity_understanding-C3,b3b5e010f4e588ae,02-w8,C3,activity_understanding,development
02-w8-resident_identity-C4,b3b5e010f4e588ae,02-w8,C4,resident_identity,development
02-w8-occupancy_state-C4,b3b5e010f4e588ae,02-w8,C4,occupancy_state,development
02-w8-private_location-C4,b3b5e010f4e588ae,02-w8,C4,private_location,development
02-w8-routine_inference-C4,b3b5e010f4e588ae,02-w8,C4,routine_inference,development
02-w8-co_resident_activity-C4,b3b5e010f4e588ae,02-w8,C4,co_resident_activity,development
02-w8-activity_understanding-C4,b3b5e010f4e588ae,02-w8,C4,activity_understanding,development
02-w9-resident_identity-C0,b3b5e010f4e588ae,02-w9,C0,resident_identity,development
02-w9-occupancy_state-C0,b3b5e010f4e588ae,02-w9,C0,occupancy_state,development
02-w9-private_location-C0,b3b5e010f4e588ae,02-w9,C0,private_location,development
02-w9-routine_inference-C0,b3b5e010f4e588ae,02-w9,C0,routine_inference,development
02-w9-co_resident_activity-C0,b3b5e010f4e588ae,02-w9,C0,co_resident_activity,development
02-w9-activity_understanding-C0,b3b5e010f4e588ae,02-w9,C0,activity_understanding,development
02-w9-resident_identity-C1,b3b5e010f4e588ae,02-w9,C1,resident_identity,development
02-w9-occupancy_state-C1,b3b5e010f4e588ae,02-w9,C1,occupancy_state,development
02-w9-private_location-C1,b3b5e010f4e588ae,02-w9,C1,private_location,development
02-w9-routine_inference-C1,b3b5e010f4e588ae,02-w9,C1,routine_inference,development
02-w9-co_resident_activity-C1,b3b5e010f4e588ae,02-w9,C1,co_resident_activity,development
02-w9-activity_understanding-C1,b3b5e010f4e588ae,02-w9,C1,activity_understanding,development
02-w9-resident_identity-C2,b3b5e010f4e588ae,02-w9,C2,resident_identity,development
02-w9-occupancy_state-C2,b3b5e010f4e588ae,02-w9,C2,occupancy_state,development
02-w9-private_location-C2,b3b5e010f4e588ae,02-w9,C2,private_location,development
02-w9-routine_inference-C2,b3b5e010f4e588ae,02-w9,C2,routine_inference,development
02-w9-co_resident_activity-C2,b3b5e010f4e588ae,02-w9,C2,co_resident_activity,development
02-w9-activity_understanding-C2,b3b5e010f4e588ae,02-w9,C2,activity_understanding,development
02-w9-resident_identity-C3,b3b5e010f4e588ae,02-w9,C3,resident_identity,development
02-w9-occupancy_state-C3,b3b5e010f4e588ae,02-w9,C3,occupancy_state,development
02-w9-private_location-C3,b3b5e010f4e588ae,02-w9,C3,private_location,development
02-w9-routine_inference-C3,b3b5e010f4e588ae,02-w9,C3,routine_inference,development
02-w9-co_resident_activity-C3,b3b5e010f4e588ae,02-w9,C3,co_resident_activity,development
02-w9-activity_understanding-C3,b3b5e010f4e588ae,02-w9,C3,activity_understanding,development
02-w9-resident_identity-C4,b3b5e010f4e588ae,02-w9,C4,resident_identity,development
02-w9-occupancy_state-C4,b3b5e010f4e588ae,02-w9,C4,occupancy_state,development
02-w9-private_location-C4,b3b5e010f4e588ae,02-w9,C4,private_location,development
02-w9-routine_inference-C4,b3b5e010f4e588ae,02-w9,C4,routine_inference,development
02-w9-co_resident_activity-C4,b3b5e010f4e588ae,02-w9,C4,co_resident_activity,development
02-w9-activity_understanding-C4,b3b5e010f4e588ae,02-w9,C4,activity_understanding,development
02-w10-resident_identity-C0,b3b5e010f4e588ae,02-w10,C0,resident_identity,development
02-w10-occupancy_state-C0,b3b5e010f4e588ae,02-w10,C0,occupancy_state,development
02-w10-private_location-C0,b3b5e010f4e588ae,02-w10,C0,private_location,development
02-w10-routine_inference-C0,b3b5e010f4e588ae,02-w10,C0,routine_inference,development
02-w10-co_resident_activity-C0,b3b5e010f4e588ae,02-w10,C0,co_resident_activity,development
02-w10-activity_understanding-C0,b3b5e010f4e588ae,02-w10,C0,activity_understanding,development
02-w10-resident_identity-C1,b3b5e010f4e588ae,02-w10,C1,resident_identity,development
02-w10-occupancy_state-C1,b3b5e010f4e588ae,02-w10,C1,occupancy_state,development
02-w10-private_location-C1,b3b5e010f4e588ae,02-w10,C1,private_location,development
02-w10-routine_inference-C1,b3b5e010f4e588ae,02-w10,C1,routine_inference,development
02-w10-co_resident_activity-C1,b3b5e010f4e588ae,02-w10,C1,co_resident_activity,development
02-w10-activity_understanding-C1,b3b5e010f4e588ae,02-w10,C1,activity_understanding,development
02-w10-resident_identity-C2,b3b5e010f4e588ae,02-w10,C2,resident_identity,development
02-w10-occupancy_state-C2,b3b5e010f4e588ae,02-w10,C2,occupancy_state,development
02-w10-private_location-C2,b3b5e010f4e588ae,02-w10,C2,private_location,development
02-w10-routine_inference-C2,b3b5e010f4e588ae,02-w10,C2,routine_inference,development
02-w10-co_resident_activity-C2,b3b5e010f4e588ae,02-w10,C2,co_resident_activity,development
02-w10-activity_understanding-C2,b3b5e010f4e588ae,02-w10,C2,activity_understanding,development
02-w10-resident_identity-C3,b3b5e010f4e588ae,02-w10,C3,resident_identity,development
02-w10-occupancy_state-C3,b3b5e010f4e588ae,02-w10,C3,occupancy_state,development
02-w10-private_location-C3,b3b5e010f4e588ae,02-w10,C3,private_location,development
02-w10-routine_inference-C3,b3b5e010f4e588ae,02-w10,C3,routine_inference,development
02-w10-co_resident_activity-C3,b3b5e010f4e588ae,02-w10,C3,co_resident_activity,development
02-w10-activity_understanding-C3,b3b5e010f4e588ae,02-w10,C3,activity_understanding,development
02-w10-resident_identity-C4,b3b5e010f4e588ae,02-w10,C4,resident_identity,development
02-w10-occupancy_state-C4,b3b5e010f4e588ae,02-w10,C4,occupancy_state,development
02-w10-private_location-C4,b3b5e010f4e588ae,02-w10,C4,private_location,development
02-w10-routine_inference-C4,b3b5e010f4e588ae,02-w10,C4,routine_inference,development
02-w10-co_resident_activity-C4,b3b5e010f4e588ae,02-w10,C4,co_resident_activity,development
02-w10-activity_understanding-C4,b3b5e010f4e588ae,02-w10,C4,activity_understanding,development
05-w0-resident_identity-C0,426798dc0be66fa3,05-w0,C0,resident_identity,development
05-w0-occupancy_state-C0,426798dc0be66fa3,05-w0,C0,occupancy_state,development
05-w0-private_location-C0,426798dc0be66fa3,05-w0,C0,private_location,development
05-w0-routine_inference-C0,426798dc0be66fa3,05-w0,C0,routine_inference,development
05-w0-co_resident_activity-C0,426798dc0be66fa3,05-w0,C0,co_resident_activity,development
05-w0-activity_understanding-C0,426798dc0be66fa3,05-w0,C0,activity_understanding,development
05-w0-resident_identity-C1,426798dc0be66fa3,05-w0,C1,resident_identity,development
05-w0-occupancy_state-C1,426798dc0be66fa3,05-w0,C1,occupancy_state,development
05-w0-private_location-C1,426798dc0be66fa3,05-w0,C1,private_location,development
05-w0-routine_inference-C1,426798dc0be66fa3,05-w0,C1,routine_inference,development
05-w0-co_resident_activity-C1,426798dc0be66fa3,05-w0,C1,co_resident_activity,development
05-w0-activity_understanding-C1,426798dc0be66fa3,05-w0,C1,activity_understanding,development
05-w0-resident_identity-C2,426798dc0be66fa3,05-w0,C2,resident_identity,development
05-w0-occupancy_state-C2,426798dc0be66fa3,05-w0,C2,occupancy_state,development
05-w0-private_location-C2,426798dc0be66fa3,05-w0,C2,private_location,development
05-w0-routine_inference-C2,426798dc0be66fa3,05-w0,C2,routine_inference,development
05-w0-co_resident_activity-C2,426798dc0be66fa3,05-w0,C2,co_resident_activity,development
05-w0-activity_understanding-C2,426798dc0be66fa3,05-w0,C2,activity_understanding,development
05-w0-resident_identity-C3,426798dc0be66fa3,05-w0,C3,resident_identity,development
05-w0-occupancy_state-C3,426798dc0be66fa3,05-w0,C3,occupancy_state,development
05-w0-private_location-C3,426798dc0be66fa3,05-w0,C3,private_location,development
05-w0-routine_inference-C3,426798dc0be66fa3,05-w0,C3,routine_inference,development
05-w0-co_resident_activity-C3,426798dc0be66fa3,05-w0,C3,co_resident_activity,development
05-w0-activity_understanding-C3,426798dc0be66fa3,05-w0,C3,activity_understanding,development
05-w0-resident_identity-C4,426798dc0be66fa3,05-w0,C4,resident_identity,development
05-w0-occupancy_state-C4,426798dc0be66fa3,05-w0,C4,occupancy_state,development
05-w0-private_location-C4,426798dc0be66fa3,05-w0,C4,private_location,development
05-w0-routine_inference-C4,426798dc0be66fa3,05-w0,C4,routine_inference,development
05-w0-co_resident_activity-C4,426798dc0be66fa3,05-w0,C4,co_resident_activity,development
05-w0-activity_understanding-C4,426798dc0be66fa3,05-w0,C4,activity_understanding,development
05-w1-resident_identity-C0,426798dc0be66fa3,05-w1,C0,resident_identity,development
05-w1-occupancy_state-C0,426798dc0be66fa3,05-w1,C0,occupancy_state,development
05-w1-private_location-C0,426798dc0be66fa3,05-w1,C0,private_location,development
05-w1-routine_inference-C0,426798dc0be66fa3,05-w1,C0,routine_inference,development
05-w1-co_resident_activity-C0,426798dc0be66fa3,05-w1,C0,co_resident_activity,development
05-w1-activity_understanding-C0,426798dc0be66fa3,05-w1,C0,activity_understanding,development
05-w1-resident_identity-C1,426798dc0be66fa3,05-w1,C1,resident_identity,development
05-w1-occupancy_state-C1,426798dc0be66fa3,05-w1,C1,occupancy_state,development
05-w1-private_location-C1,426798dc0be66fa3,05-w1,C1,private_location,development
05-w1-routine_inference-C1,426798dc0be66fa3,05-w1,C1,routine_inference,development
05-w1-co_resident_activity-C1,426798dc0be66fa3,05-w1,C1,co_resident_activity,development
05-w1-activity_understanding-C1,426798dc0be66fa3,05-w1,C1,activity_understanding,development
05-w1-resident_identity-C2,426798dc0be66fa3,05-w1,C2,resident_identity,development
05-w1-occupancy_state-C2,426798dc0be66fa3,05-w1,C2,occupancy_state,development
05-w1-private_location-C2,426798dc0be66fa3,05-w1,C2,private_location,development
05-w1-routine_inference-C2,426798dc0be66fa3,05-w1,C2,routine_inference,development
05-w1-co_resident_activity-C2,426798dc0be66fa3,05-w1,C2,co_resident_activity,development
05-w1-activity_understanding-C2,426798dc0be66fa3,05-w1,C2,activity_understanding,development
05-w1-resident_identity-C3,426798dc0be66fa3,05-w1,C3,resident_identity,development
05-w1-occupancy_state-C3,426798dc0be66fa3,05-w1,C3,occupancy_state,development
05-w1-private_location-C3,426798dc0be66fa3,05-w1,C3,private_location,development
05-w1-routine_inference-C3,426798dc0be66fa3,05-w1,C3,routine_inference,development
05-w1-co_resident_activity-C3,426798dc0be66fa3,05-w1,C3,co_resident_activity,development
05-w1-activity_understanding-C3,426798dc0be66fa3,05-w1,C3,activity_understanding,development
05-w1-resident_identity-C4,426798dc0be66fa3,05-w1,C4,resident_identity,development
05-w1-occupancy_state-C4,426798dc0be66fa3,05-w1,C4,occupancy_state,development
05-w1-private_location-C4,426798dc0be66fa3,05-w1,C4,private_location,development
05-w1-routine_inference-C4,426798dc0be66fa3,05-w1,C4,routine_inference,development
05-w1-co_resident_activity-C4,426798dc0be66fa3,05-w1,C4,co_resident_activity,development
05-w1-activity_understanding-C4,426798dc0be66fa3,05-w1,C4,activity_understanding,development
05-w2-resident_identity-C0,426798dc0be66fa3,05-w2,C0,resident_identity,development
05-w2-occupancy_state-C0,426798dc0be66fa3,05-w2,C0,occupancy_state,development
05-w2-private_location-C0,426798dc0be66fa3,05-w2,C0,private_location,development
05-w2-routine_inference-C0,426798dc0be66fa3,05-w2,C0,routine_inference,development
05-w2-co_resident_activity-C0,426798dc0be66fa3,05-w2,C0,co_resident_activity,development
05-w2-activity_understanding-C0,426798dc0be66fa3,05-w2,C0,activity_understanding,development
05-w2-resident_identity-C1,426798dc0be66fa3,05-w2,C1,resident_identity,development
05-w2-occupancy_state-C1,426798dc0be66fa3,05-w2,C1,occupancy_state,development
05-w2-private_location-C1,426798dc0be66fa3,05-w2,C1,private_location,development
05-w2-routine_inference-C1,426798dc0be66fa3,05-w2,C1,routine_inference,development
05-w2-co_resident_activity-C1,426798dc0be66fa3,05-w2,C1,co_resident_activity,development
05-w2-activity_understanding-C1,426798dc0be66fa3,05-w2,C1,activity_understanding,development
05-w2-resident_identity-C2,426798dc0be66fa3,05-w2,C2,resident_identity,development
05-w2-occupancy_state-C2,426798dc0be66fa3,05-w2,C2,occupancy_state,development
05-w2-private_location-C2,426798dc0be66fa3,05-w2,C2,private_location,development
05-w2-routine_inference-C2,426798dc0be66fa3,05-w2,C2,routine_inference,development
05-w2-co_resident_activity-C2,426798dc0be66fa3,05-w2,C2,co_resident_activity,development
05-w2-activity_understanding-C2,426798dc0be66fa3,05-w2,C2,activity_understanding,development
05-w2-resident_identity-C3,426798dc0be66fa3,05-w2,C3,resident_identity,development
05-w2-occupancy_state-C3,426798dc0be66fa3,05-w2,C3,occupancy_state,development
05-w2-private_location-C3,426798dc0be66fa3,05-w2,C3,private_location,development
05-w2-routine_inference-C3,426798dc0be66fa3,05-w2,C3,routine_inference,development
05-w2-co_resident_activity-C3,426798dc0be66fa3,05-w2,C3,co_resident_activity,development
05-w2-activity_understanding-C3,426798dc0be66fa3,05-w2,C3,activity_understanding,development
05-w2-resident_identity-C4,426798dc0be66fa3,05-w2,C4,resident_identity,development
05-w2-occupancy_state-C4,426798dc0be66fa3,05-w2,C4,occupancy_state,development
05-w2-private_location-C4,426798dc0be66fa3,05-w2,C4,private_location,development
05-w2-routine_inference-C4,426798dc0be66fa3,05-w2,C4,routine_inference,development
05-w2-co_resident_activity-C4,426798dc0be66fa3,05-w2,C4,co_resident_activity,development
05-w2-activity_understanding-C4,426798dc0be66fa3,05-w2,C4,activity_understanding,development
05-w3-resident_identity-C0,426798dc0be66fa3,05-w3,C0,resident_identity,development
05-w3-occupancy_state-C0,426798dc0be66fa3,05-w3,C0,occupancy_state,development
05-w3-private_location-C0,426798dc0be66fa3,05-w3,C0,private_location,development
05-w3-routine_inference-C0,426798dc0be66fa3,05-w3,C0,routine_inference,development
05-w3-co_resident_activity-C0,426798dc0be66fa3,05-w3,C0,co_resident_activity,development
05-w3-activity_understanding-C0,426798dc0be66fa3,05-w3,C0,activity_understanding,development
05-w3-resident_identity-C1,426798dc0be66fa3,05-w3,C1,resident_identity,development
05-w3-occupancy_state-C1,426798dc0be66fa3,05-w3,C1,occupancy_state,development
05-w3-private_location-C1,426798dc0be66fa3,05-w3,C1,private_location,development
05-w3-routine_inference-C1,426798dc0be66fa3,05-w3,C1,routine_inference,development
05-w3-co_resident_activity-C1,426798dc0be66fa3,05-w3,C1,co_resident_activity,development
05-w3-activity_understanding-C1,426798dc0be66fa3,05-w3,C1,activity_understanding,development
05-w3-resident_identity-C2,426798dc0be66fa3,05-w3,C2,resident_identity,development
05-w3-occupancy_state-C2,426798dc0be66fa3,05-w3,C2,occupancy_state,development
05-w3-private_location-C2,426798dc0be66fa3,05-w3,C2,private_location,development
05-w3-routine_inference-C2,426798dc0be66fa3,05-w3,C2,routine_inference,development
05-w3-co_resident_activity-C2,426798dc0be66fa3,05-w3,C2,co_resident_activity,development
05-w3-activity_understanding-C2,426798dc0be66fa3,05-w3,C2,activity_understanding,development
05-w3-resident_identity-C3,426798dc0be66fa3,05-w3,C3,resident_identity,development
05-w3-occupancy_state-C3,426798dc0be66fa3,05-w3,C3,occupancy_state,development
05-w3-private_location-C3,426798dc0be66fa3,05-w3,C3,private_location,development
05-w3-routine_inference-C3,426798dc0be66fa3,05-w3,C3,routine_inference,development
05-w3-co_resident_activity-C3,426798dc0be66fa3,05-w3,C3,co_resident_activity,development
05-w3-activity_understanding-C3,426798dc0be66fa3,05-w3,C3,activity_understanding,development
05-w3-resident_identity-C4,426798dc0be66fa3,05-w3,C4,resident_identity,development
05-w3-occupancy_state-C4,426798dc0be66fa3,05-w3,C4,occupancy_state,development
05-w3-private_location-C4,426798dc0be66fa3,05-w3,C4,private_location,development
05-w3-routine_inference-C4,426798dc0be66fa3,05-w3,C4,routine_inference,development
05-w3-co_resident_activity-C4,426798dc0be66fa3,05-w3,C4,co_resident_activity,development
05-w3-activity_understanding-C4,426798dc0be66fa3,05-w3,C4,activity_understanding,development
05-w4-resident_identity-C0,426798dc0be66fa3,05-w4,C0,resident_identity,development
05-w4-occupancy_state-C0,426798dc0be66fa3,05-w4,C0,occupancy_state,development
05-w4-private_location-C0,426798dc0be66fa3,05-w4,C0,private_location,development
05-w4-routine_inference-C0,426798dc0be66fa3,05-w4,C0,routine_inference,development
05-w4-co_resident_activity-C0,426798dc0be66fa3,05-w4,C0,co_resident_activity,development
05-w4-activity_understanding-C0,426798dc0be66fa3,05-w4,C0,activity_understanding,development
05-w4-resident_identity-C1,426798dc0be66fa3,05-w4,C1,resident_identity,development
05-w4-occupancy_state-C1,426798dc0be66fa3,05-w4,C1,occupancy_state,development
05-w4-private_location-C1,426798dc0be66fa3,05-w4,C1,private_location,development
05-w4-routine_inference-C1,426798dc0be66fa3,05-w4,C1,routine_inference,development
05-w4-co_resident_activity-C1,426798dc0be66fa3,05-w4,C1,co_resident_activity,development
05-w4-activity_understanding-C1,426798dc0be66fa3,05-w4,C1,activity_understanding,development
05-w4-resident_identity-C2,426798dc0be66fa3,05-w4,C2,resident_identity,development
05-w4-occupancy_state-C2,426798dc0be66fa3,05-w4,C2,occupancy_state,development
05-w4-private_location-C2,426798dc0be66fa3,05-w4,C2,private_location,development
05-w4-routine_inference-C2,426798dc0be66fa3,05-w4,C2,routine_inference,development
05-w4-co_resident_activity-C2,426798dc0be66fa3,05-w4,C2,co_resident_activity,development
05-w4-activity_understanding-C2,426798dc0be66fa3,05-w4,C2,activity_understanding,development
05-w4-resident_identity-C3,426798dc0be66fa3,05-w4,C3,resident_identity,development
05-w4-occupancy_state-C3,426798dc0be66fa3,05-w4,C3,occupancy_state,development
05-w4-private_location-C3,426798dc0be66fa3,05-w4,C3,private_location,development
05-w4-routine_inference-C3,426798dc0be66fa3,05-w4,C3,routine_inference,development
05-w4-co_resident_activity-C3,426798dc0be66fa3,05-w4,C3,co_resident_activity,development
05-w4-activity_understanding-C3,426798dc0be66fa3,05-w4,C3,activity_understanding,development
05-w4-resident_identity-C4,426798dc0be66fa3,05-w4,C4,resident_identity,development
05-w4-occupancy_state-C4,426798dc0be66fa3,05-w4,C4,occupancy_state,development
05-w4-private_location-C4,426798dc0be66fa3,05-w4,C4,private_location,development
05-w4-routine_inference-C4,426798dc0be66fa3,05-w4,C4,routine_inference,development
05-w4-co_resident_activity-C4,426798dc0be66fa3,05-w4,C4,co_resident_activity,development
05-w4-activity_understanding-C4,426798dc0be66fa3,05-w4,C4,activity_understanding,development
05-w5-resident_identity-C0,426798dc0be66fa3,05-w5,C0,resident_identity,development
05-w5-occupancy_state-C0,426798dc0be66fa3,05-w5,C0,occupancy_state,development
05-w5-private_location-C0,426798dc0be66fa3,05-w5,C0,private_location,development
05-w5-routine_inference-C0,426798dc0be66fa3,05-w5,C0,routine_inference,development
05-w5-co_resident_activity-C0,426798dc0be66fa3,05-w5,C0,co_resident_activity,development
05-w5-activity_understanding-C0,426798dc0be66fa3,05-w5,C0,activity_understanding,development
05-w5-resident_identity-C1,426798dc0be66fa3,05-w5,C1,resident_identity,development
05-w5-occupancy_state-C1,426798dc0be66fa3,05-w5,C1,occupancy_state,development
05-w5-private_location-C1,426798dc0be66fa3,05-w5,C1,private_location,development
05-w5-routine_inference-C1,426798dc0be66fa3,05-w5,C1,routine_inference,development
05-w5-co_resident_activity-C1,426798dc0be66fa3,05-w5,C1,co_resident_activity,development
05-w5-activity_understanding-C1,426798dc0be66fa3,05-w5,C1,activity_understanding,development
05-w5-resident_identity-C2,426798dc0be66fa3,05-w5,C2,resident_identity,development
05-w5-occupancy_state-C2,426798dc0be66fa3,05-w5,C2,occupancy_state,development
05-w5-private_location-C2,426798dc0be66fa3,05-w5,C2,private_location,development
05-w5-routine_inference-C2,426798dc0be66fa3,05-w5,C2,routine_inference,development
05-w5-co_resident_activity-C2,426798dc0be66fa3,05-w5,C2,co_resident_activity,development
05-w5-activity_understanding-C2,426798dc0be66fa3,05-w5,C2,activity_understanding,development
05-w5-resident_identity-C3,426798dc0be66fa3,05-w5,C3,resident_identity,development
05-w5-occupancy_state-C3,426798dc0be66fa3,05-w5,C3,occupancy_state,development
05-w5-private_location-C3,426798dc0be66fa3,05-w5,C3,private_location,development
05-w5-routine_inference-C3,426798dc0be66fa3,05-w5,C3,routine_inference,development
05-w5-co_resident_activity-C3,426798dc0be66fa3,05-w5,C3,co_resident_activity,development
05-w5-activity_understanding-C3,426798dc0be66fa3,05-w5,C3,activity_understanding,development
05-w5-resident_identity-C4,426798dc0be66fa3,05-w5,C4,resident_identity,development
05-w5-occupancy_state-C4,426798dc0be66fa3,05-w5,C4,occupancy_state,development
05-w5-private_location-C4,426798dc0be66fa3,05-w5,C4,private_location,development
05-w5-routine_inference-C4,426798dc0be66fa3,05-w5,C4,routine_inference,development
05-w5-co_resident_activity-C4,426798dc0be66fa3,05-w5,C4,co_resident_activity,development
05-w5-activity_understanding-C4,426798dc0be66fa3,05-w5,C4,activity_understanding,development
05-w6-resident_identity-C0,426798dc0be66fa3,05-w6,C0,resident_identity,development
05-w6-occupancy_state-C0,426798dc0be66fa3,05-w6,C0,occupancy_state,development
05-w6-private_location-C0,426798dc0be66fa3,05-w6,C0,private_location,development
05-w6-routine_inference-C0,426798dc0be66fa3,05-w6,C0,routine_inference,development
05-w6-co_resident_activity-C0,426798dc0be66fa3,05-w6,C0,co_resident_activity,development
05-w6-activity_understanding-C0,426798dc0be66fa3,05-w6,C0,activity_understanding,development
05-w6-resident_identity-C1,426798dc0be66fa3,05-w6,C1,resident_identity,development
05-w6-occupancy_state-C1,426798dc0be66fa3,05-w6,C1,occupancy_state,development
05-w6-private_location-C1,426798dc0be66fa3,05-w6,C1,private_location,development
05-w6-routine_inference-C1,426798dc0be66fa3,05-w6,C1,routine_inference,development
05-w6-co_resident_activity-C1,426798dc0be66fa3,05-w6,C1,co_resident_activity,development
05-w6-activity_understanding-C1,426798dc0be66fa3,05-w6,C1,activity_understanding,development
05-w6-resident_identity-C2,426798dc0be66fa3,05-w6,C2,resident_identity,development
05-w6-occupancy_state-C2,426798dc0be66fa3,05-w6,C2,occupancy_state,development
05-w6-private_location-C2,426798dc0be66fa3,05-w6,C2,private_location,development
05-w6-routine_inference-C2,426798dc0be66fa3,05-w6,C2,routine_inference,development
05-w6-co_resident_activity-C2,426798dc0be66fa3,05-w6,C2,co_resident_activity,development
05-w6-activity_understanding-C2,426798dc0be66fa3,05-w6,C2,activity_understanding,development
05-w6-resident_identity-C3,426798dc0be66fa3,05-w6,C3,resident_identity,development
05-w6-occupancy_state-C3,426798dc0be66fa3,05-w6,C3,occupancy_state,development
05-w6-private_location-C3,426798dc0be66fa3,05-w6,C3,private_location,development
05-w6-routine_inference-C3,426798dc0be66fa3,05-w6,C3,routine_inference,development
05-w6-co_resident_activity-C3,426798dc0be66fa3,05-w6,C3,co_resident_activity,development
05-w6-activity_understanding-C3,426798dc0be66fa3,05-w6,C3,activity_understanding,development
05-w6-resident_identity-C4,426798dc0be66fa3,05-w6,C4,resident_identity,development
05-w6-occupancy_state-C4,426798dc0be66fa3,05-w6,C4,occupancy_state,development
05-w6-private_location-C4,426798dc0be66fa3,05-w6,C4,private_location,development
05-w6-routine_inference-C4,426798dc0be66fa3,05-w6,C4,routine_inference,development
05-w6-co_resident_activity-C4,426798dc0be66fa3,05-w6,C4,co_resident_activity,development
05-w6-activity_understanding-C4,426798dc0be66fa3,05-w6,C4,activity_understanding,development
05-w7-resident_identity-C0,426798dc0be66fa3,05-w7,C0,resident_identity,development
05-w7-occupancy_state-C0,426798dc0be66fa3,05-w7,C0,occupancy_state,development
05-w7-private_location-C0,426798dc0be66fa3,05-w7,C0,private_location,development
05-w7-routine_inference-C0,426798dc0be66fa3,05-w7,C0,routine_inference,development
05-w7-co_resident_activity-C0,426798dc0be66fa3,05-w7,C0,co_resident_activity,development
05-w7-activity_understanding-C0,426798dc0be66fa3,05-w7,C0,activity_understanding,development
05-w7-resident_identity-C1,426798dc0be66fa3,05-w7,C1,resident_identity,development
05-w7-occupancy_state-C1,426798dc0be66fa3,05-w7,C1,occupancy_state,development
05-w7-private_location-C1,426798dc0be66fa3,05-w7,C1,private_location,development
05-w7-routine_inference-C1,426798dc0be66fa3,05-w7,C1,routine_inference,development
05-w7-co_resident_activity-C1,426798dc0be66fa3,05-w7,C1,co_resident_activity,development
05-w7-activity_understanding-C1,426798dc0be66fa3,05-w7,C1,activity_understanding,development
05-w7-resident_identity-C2,426798dc0be66fa3,05-w7,C2,resident_identity,development
05-w7-occupancy_state-C2,426798dc0be66fa3,05-w7,C2,occupancy_state,development
05-w7-private_location-C2,426798dc0be66fa3,05-w7,C2,private_location,development
05-w7-routine_inference-C2,426798dc0be66fa3,05-w7,C2,routine_inference,development
05-w7-co_resident_activity-C2,426798dc0be66fa3,05-w7,C2,co_resident_activity,development
05-w7-activity_understanding-C2,426798dc0be66fa3,05-w7,C2,activity_understanding,development
05-w7-resident_identity-C3,426798dc0be66fa3,05-w7,C3,resident_identity,development
05-w7-occupancy_state-C3,426798dc0be66fa3,05-w7,C3,occupancy_state,development
05-w7-private_location-C3,426798dc0be66fa3,05-w7,C3,private_location,development
05-w7-routine_inference-C3,426798dc0be66fa3,05-w7,C3,routine_inference,development
05-w7-co_resident_activity-C3,426798dc0be66fa3,05-w7,C3,co_resident_activity,development
05-w7-activity_understanding-C3,426798dc0be66fa3,05-w7,C3,activity_understanding,development
05-w7-resident_identity-C4,426798dc0be66fa3,05-w7,C4,resident_identity,development
05-w7-occupancy_state-C4,426798dc0be66fa3,05-w7,C4,occupancy_state,development
05-w7-private_location-C4,426798dc0be66fa3,05-w7,C4,private_location,development
05-w7-routine_inference-C4,426798dc0be66fa3,05-w7,C4,routine_inference,development
05-w7-co_resident_activity-C4,426798dc0be66fa3,05-w7,C4,co_resident_activity,development
05-w7-activity_understanding-C4,426798dc0be66fa3,05-w7,C4,activity_understanding,development
05-w8-resident_identity-C0,426798dc0be66fa3,05-w8,C0,resident_identity,development
05-w8-occupancy_state-C0,426798dc0be66fa3,05-w8,C0,occupancy_state,development
05-w8-private_location-C0,426798dc0be66fa3,05-w8,C0,private_location,development
05-w8-routine_inference-C0,426798dc0be66fa3,05-w8,C0,routine_inference,development
05-w8-co_resident_activity-C0,426798dc0be66fa3,05-w8,C0,co_resident_activity,development
05-w8-activity_understanding-C0,426798dc0be66fa3,05-w8,C0,activity_understanding,development
05-w8-resident_identity-C1,426798dc0be66fa3,05-w8,C1,resident_identity,development
05-w8-occupancy_state-C1,426798dc0be66fa3,05-w8,C1,occupancy_state,development
05-w8-private_location-C1,426798dc0be66fa3,05-w8,C1,private_location,development
05-w8-routine_inference-C1,426798dc0be66fa3,05-w8,C1,routine_inference,development
05-w8-co_resident_activity-C1,426798dc0be66fa3,05-w8,C1,co_resident_activity,development
05-w8-activity_understanding-C1,426798dc0be66fa3,05-w8,C1,activity_understanding,development
05-w8-resident_identity-C2,426798dc0be66fa3,05-w8,C2,resident_identity,development
05-w8-occupancy_state-C2,426798dc0be66fa3,05-w8,C2,occupancy_state,development
05-w8-private_location-C2,426798dc0be66fa3,05-w8,C2,private_location,development
05-w8-routine_inference-C2,426798dc0be66fa3,05-w8,C2,routine_inference,development
05-w8-co_resident_activity-C2,426798dc0be66fa3,05-w8,C2,co_resident_activity,development
05-w8-activity_understanding-C2,426798dc0be66fa3,05-w8,C2,activity_understanding,development
05-w8-resident_identity-C3,426798dc0be66fa3,05-w8,C3,resident_identity,development
05-w8-occupancy_state-C3,426798dc0be66fa3,05-w8,C3,occupancy_state,development
05-w8-private_location-C3,426798dc0be66fa3,05-w8,C3,private_location,development
05-w8-routine_inference-C3,426798dc0be66fa3,05-w8,C3,routine_inference,development
05-w8-co_resident_activity-C3,426798dc0be66fa3,05-w8,C3,co_resident_activity,development
05-w8-activity_understanding-C3,426798dc0be66fa3,05-w8,C3,activity_understanding,development
05-w8-resident_identity-C4,426798dc0be66fa3,05-w8,C4,resident_identity,development
05-w8-occupancy_state-C4,426798dc0be66fa3,05-w8,C4,occupancy_state,development
05-w8-private_location-C4,426798dc0be66fa3,05-w8,C4,private_location,development
05-w8-routine_inference-C4,426798dc0be66fa3,05-w8,C4,routine_inference,development
05-w8-co_resident_activity-C4,426798dc0be66fa3,05-w8,C4,co_resident_activity,development
05-w8-activity_understanding-C4,426798dc0be66fa3,05-w8,C4,activity_understanding,development
05-w9-resident_identity-C0,426798dc0be66fa3,05-w9,C0,resident_identity,development
05-w9-occupancy_state-C0,426798dc0be66fa3,05-w9,C0,occupancy_state,development
05-w9-private_location-C0,426798dc0be66fa3,05-w9,C0,private_location,development
05-w9-routine_inference-C0,426798dc0be66fa3,05-w9,C0,routine_inference,development
05-w9-co_resident_activity-C0,426798dc0be66fa3,05-w9,C0,co_resident_activity,development
05-w9-activity_understanding-C0,426798dc0be66fa3,05-w9,C0,activity_understanding,development
05-w9-resident_identity-C1,426798dc0be66fa3,05-w9,C1,resident_identity,development
05-w9-occupancy_state-C1,426798dc0be66fa3,05-w9,C1,occupancy_state,development
05-w9-private_location-C1,426798dc0be66fa3,05-w9,C1,private_location,development
05-w9-routine_inference-C1,426798dc0be66fa3,05-w9,C1,routine_inference,development
05-w9-co_resident_activity-C1,426798dc0be66fa3,05-w9,C1,co_resident_activity,development
05-w9-activity_understanding-C1,426798dc0be66fa3,05-w9,C1,activity_understanding,development
05-w9-resident_identity-C2,426798dc0be66fa3,05-w9,C2,resident_identity,development
05-w9-occupancy_state-C2,426798dc0be66fa3,05-w9,C2,occupancy_state,development
05-w9-private_location-C2,426798dc0be66fa3,05-w9,C2,private_location,development
05-w9-routine_inference-C2,426798dc0be66fa3,05-w9,C2,routine_inference,development
05-w9-co_resident_activity-C2,426798dc0be66fa3,05-w9,C2,co_resident_activity,development
05-w9-activity_understanding-C2,426798dc0be66fa3,05-w9,C2,activity_understanding,development
05-w9-resident_identity-C3,426798dc0be66fa3,05-w9,C3,resident_identity,development
05-w9-occupancy_state-C3,426798dc0be66fa3,05-w9,C3,occupancy_state,development
05-w9-private_location-C3,426798dc0be66fa3,05-w9,C3,private_location,development
05-w9-routine_inference-C3,426798dc0be66fa3,05-w9,C3,routine_inference,development
05-w9-co_resident_activity-C3,426798dc0be66fa3,05-w9,C3,co_resident_activity,development
05-w9-activity_understanding-C3,426798dc0be66fa3,05-w9,C3,activity_understanding,development
05-w9-resident_identity-C4,426798dc0be66fa3,05-w9,C4,resident_identity,development
05-w9-occupancy_state-C4,426798dc0be66fa3,05-w9,C4,occupancy_state,development
05-w9-private_location-C4,426798dc0be66fa3,05-w9,C4,private_location,development
05-w9-routine_inference-C4,426798dc0be66fa3,05-w9,C4,routine_inference,development
05-w9-co_resident_activity-C4,426798dc0be66fa3,05-w9,C4,co_resident_activity,development
05-w9-activity_understanding-C4,426798dc0be66fa3,05-w9,C4,activity_understanding,development
05-w10-resident_identity-C0,426798dc0be66fa3,05-w10,C0,resident_identity,development
05-w10-occupancy_state-C0,426798dc0be66fa3,05-w10,C0,occupancy_state,development
05-w10-private_location-C0,426798dc0be66fa3,05-w10,C0,private_location,development
05-w10-routine_inference-C0,426798dc0be66fa3,05-w10,C0,routine_inference,development
05-w10-co_resident_activity-C0,426798dc0be66fa3,05-w10,C0,co_resident_activity,development
05-w10-activity_understanding-C0,426798dc0be66fa3,05-w10,C0,activity_understanding,development
05-w10-resident_identity-C1,426798dc0be66fa3,05-w10,C1,resident_identity,development
05-w10-occupancy_state-C1,426798dc0be66fa3,05-w10,C1,occupancy_state,development
05-w10-private_location-C1,426798dc0be66fa3,05-w10,C1,private_location,development
05-w10-routine_inference-C1,426798dc0be66fa3,05-w10,C1,routine_inference,development
05-w10-co_resident_activity-C1,426798dc0be66fa3,05-w10,C1,co_resident_activity,development
05-w10-activity_understanding-C1,426798dc0be66fa3,05-w10,C1,activity_understanding,development
05-w10-resident_identity-C2,426798dc0be66fa3,05-w10,C2,resident_identity,development
05-w10-occupancy_state-C2,426798dc0be66fa3,05-w10,C2,occupancy_state,development
05-w10-private_location-C2,426798dc0be66fa3,05-w10,C2,private_location,development
05-w10-routine_inference-C2,426798dc0be66fa3,05-w10,C2,routine_inference,development
05-w10-co_resident_activity-C2,426798dc0be66fa3,05-w10,C2,co_resident_activity,development
05-w10-activity_understanding-C2,426798dc0be66fa3,05-w10,C2,activity_understanding,development
05-w10-resident_identity-C3,426798dc0be66fa3,05-w10,C3,resident_identity,development
05-w10-occupancy_state-C3,426798dc0be66fa3,05-w10,C3,occupancy_state,development
05-w10-private_location-C3,426798dc0be66fa3,05-w10,C3,private_location,development
05-w10-routine_inference-C3,426798dc0be66fa3,05-w10,C3,routine_inference,development
05-w10-co_resident_activity-C3,426798dc0be66fa3,05-w10,C3,co_resident_activity,development
05-w10-activity_understanding-C3,426798dc0be66fa3,05-w10,C3,activity_understanding,development
05-w10-resident_identity-C4,426798dc0be66fa3,05-w10,C4,resident_identity,development
05-w10-occupancy_state-C4,426798dc0be66fa3,05-w10,C4,occupancy_state,development
05-w10-private_location-C4,426798dc0be66fa3,05-w10,C4,private_location,development
05-w10-routine_inference-C4,426798dc0be66fa3,05-w10,C4,routine_inference,development
05-w10-co_resident_activity-C4,426798dc0be66fa3,05-w10,C4,co_resident_activity,development
05-w10-activity_understanding-C4,426798dc0be66fa3,05-w10,C4,activity_understanding,development
05-w11-resident_identity-C0,426798dc0be66fa3,05-w11,C0,resident_identity,development
05-w11-occupancy_state-C0,426798dc0be66fa3,05-w11,C0,occupancy_state,development
05-w11-private_location-C0,426798dc0be66fa3,05-w11,C0,private_location,development
05-w11-routine_inference-C0,426798dc0be66fa3,05-w11,C0,routine_inference,development
05-w11-co_resident_activity-C0,426798dc0be66fa3,05-w11,C0,co_resident_activity,development
05-w11-activity_understanding-C0,426798dc0be66fa3,05-w11,C0,activity_understanding,development
05-w11-resident_identity-C1,426798dc0be66fa3,05-w11,C1,resident_identity,development
05-w11-occupancy_state-C1,426798dc0be66fa3,05-w11,C1,occupancy_state,development
05-w11-private_location-C1,426798dc0be66fa3,05-w11,C1,private_location,development
05-w11-routine_inference-C1,426798dc0be66fa3,05-w11,C1,routine_inference,development
05-w11-co_resident_activity-C1,426798dc0be66fa3,05-w11,C1,co_resident_activity,development
05-w11-activity_understanding-C1,426798dc0be66fa3,05-w11,C1,activity_understanding,development
05-w11-resident_identity-C2,426798dc0be66fa3,05-w11,C2,resident_identity,development
05-w11-occupancy_state-C2,426798dc0be66fa3,05-w11,C2,occupancy_state,development
05-w11-private_location-C2,426798dc0be66fa3,05-w11,C2,private_location,development
05-w11-routine_inference-C2,426798dc0be66fa3,05-w11,C2,routine_inference,development
05-w11-co_resident_activity-C2,426798dc0be66fa3,05-w11,C2,co_resident_activity,development
05-w11-activity_understanding-C2,426798dc0be66fa3,05-w11,C2,activity_understanding,development
05-w11-resident_identity-C3,426798dc0be66fa3,05-w11,C3,resident_identity,development
05-w11-occupancy_state-C3,426798dc0be66fa3,05-w11,C3,occupancy_state,development
05-w11-private_location-C3,426798dc0be66fa3,05-w11,C3,private_location,development
05-w11-routine_inference-C3,426798dc0be66fa3,05-w11,C3,routine_inference,development
05-w11-co_resident_activity-C3,426798dc0be66fa3,05-w11,C3,co_resident_activity,development
05-w11-activity_understanding-C3,426798dc0be66fa3,05-w11,C3,activity_understanding,development
05-w11-resident_identity-C4,426798dc0be66fa3,05-w11,C4,resident_identity,development
05-w11-occupancy_state-C4,426798dc0be66fa3,05-w11,C4,occupancy_state,development
05-w11-private_location-C4,426798dc0be66fa3,05-w11,C4,private_location,development
05-w11-routine_inference-C4,426798dc0be66fa3,05-w11,C4,routine_inference,development
05-w11-co_resident_activity-C4,426798dc0be66fa3,05-w11,C4,co_resident_activity,development
05-w11-activity_understanding-C4,426798dc0be66fa3,05-w11,C4,activity_understanding,development
06-w0-resident_identity-C0,a44041dc4064ee46,06-w0,C0,resident_identity,development
06-w0-occupancy_state-C0,a44041dc4064ee46,06-w0,C0,occupancy_state,development
06-w0-private_location-C0,a44041dc4064ee46,06-w0,C0,private_location,development
06-w0-routine_inference-C0,a44041dc4064ee46,06-w0,C0,routine_inference,development
06-w0-co_resident_activity-C0,a44041dc4064ee46,06-w0,C0,co_resident_activity,development
06-w0-activity_understanding-C0,a44041dc4064ee46,06-w0,C0,activity_understanding,development
06-w0-resident_identity-C1,a44041dc4064ee46,06-w0,C1,resident_identity,development
06-w0-occupancy_state-C1,a44041dc4064ee46,06-w0,C1,occupancy_state,development
06-w0-private_location-C1,a44041dc4064ee46,06-w0,C1,private_location,development
06-w0-routine_inference-C1,a44041dc4064ee46,06-w0,C1,routine_inference,development
06-w0-co_resident_activity-C1,a44041dc4064ee46,06-w0,C1,co_resident_activity,development
06-w0-activity_understanding-C1,a44041dc4064ee46,06-w0,C1,activity_understanding,development
06-w0-resident_identity-C2,a44041dc4064ee46,06-w0,C2,resident_identity,development
06-w0-occupancy_state-C2,a44041dc4064ee46,06-w0,C2,occupancy_state,development
06-w0-private_location-C2,a44041dc4064ee46,06-w0,C2,private_location,development
06-w0-routine_inference-C2,a44041dc4064ee46,06-w0,C2,routine_inference,development
06-w0-co_resident_activity-C2,a44041dc4064ee46,06-w0,C2,co_resident_activity,development
06-w0-activity_understanding-C2,a44041dc4064ee46,06-w0,C2,activity_understanding,development
06-w0-resident_identity-C3,a44041dc4064ee46,06-w0,C3,resident_identity,development
06-w0-occupancy_state-C3,a44041dc4064ee46,06-w0,C3,occupancy_state,development
06-w0-private_location-C3,a44041dc4064ee46,06-w0,C3,private_location,development
06-w0-routine_inference-C3,a44041dc4064ee46,06-w0,C3,routine_inference,development
06-w0-co_resident_activity-C3,a44041dc4064ee46,06-w0,C3,co_resident_activity,development
06-w0-activity_understanding-C3,a44041dc4064ee46,06-w0,C3,activity_understanding,development
06-w0-resident_identity-C4,a44041dc4064ee46,06-w0,C4,resident_identity,development
06-w0-occupancy_state-C4,a44041dc4064ee46,06-w0,C4,occupancy_state,development
06-w0-private_location-C4,a44041dc4064ee46,06-w0,C4,private_location,development
06-w0-routine_inference-C4,a44041dc4064ee46,06-w0,C4,routine_inference,development
06-w0-co_resident_activity-C4,a44041dc4064ee46,06-w0,C4,co_resident_activity,development
06-w0-activity_understanding-C4,a44041dc4064ee46,06-w0,C4,activity_understanding,development
06-w1-resident_identity-C0,a44041dc4064ee46,06-w1,C0,resident_identity,development
06-w1-occupancy_state-C0,a44041dc4064ee46,06-w1,C0,occupancy_state,development
06-w1-private_location-C0,a44041dc4064ee46,06-w1,C0,private_location,development
06-w1-routine_inference-C0,a44041dc4064ee46,06-w1,C0,routine_inference,development
06-w1-co_resident_activity-C0,a44041dc4064ee46,06-w1,C0,co_resident_activity,development
06-w1-activity_understanding-C0,a44041dc4064ee46,06-w1,C0,activity_understanding,development
06-w1-resident_identity-C1,a44041dc4064ee46,06-w1,C1,resident_identity,development
06-w1-occupancy_state-C1,a44041dc4064ee46,06-w1,C1,occupancy_state,development
06-w1-private_location-C1,a44041dc4064ee46,06-w1,C1,private_location,development
06-w1-routine_inference-C1,a44041dc4064ee46,06-w1,C1,routine_inference,development
06-w1-co_resident_activity-C1,a44041dc4064ee46,06-w1,C1,co_resident_activity,development
06-w1-activity_understanding-C1,a44041dc4064ee46,06-w1,C1,activity_understanding,development
06-w1-resident_identity-C2,a44041dc4064ee46,06-w1,C2,resident_identity,development
06-w1-occupancy_state-C2,a44041dc4064ee46,06-w1,C2,occupancy_state,development
06-w1-private_location-C2,a44041dc4064ee46,06-w1,C2,private_location,development
06-w1-routine_inference-C2,a44041dc4064ee46,06-w1,C2,routine_inference,development
06-w1-co_resident_activity-C2,a44041dc4064ee46,06-w1,C2,co_resident_activity,development
06-w1-activity_understanding-C2,a44041dc4064ee46,06-w1,C2,activity_understanding,development
06-w1-resident_identity-C3,a44041dc4064ee46,06-w1,C3,resident_identity,development
06-w1-occupancy_state-C3,a44041dc4064ee46,06-w1,C3,occupancy_state,development
06-w1-private_location-C3,a44041dc4064ee46,06-w1,C3,private_location,development
06-w1-routine_inference-C3,a44041dc4064ee46,06-w1,C3,routine_inference,development
06-w1-co_resident_activity-C3,a44041dc4064ee46,06-w1,C3,co_resident_activity,development
06-w1-activity_understanding-C3,a44041dc4064ee46,06-w1,C3,activity_understanding,development
06-w1-resident_identity-C4,a44041dc4064ee46,06-w1,C4,resident_identity,development
06-w1-occupancy_state-C4,a44041dc4064ee46,06-w1,C4,occupancy_state,development
06-w1-private_location-C4,a44041dc4064ee46,06-w1,C4,private_location,development
06-w1-routine_inference-C4,a44041dc4064ee46,06-w1,C4,routine_inference,development
06-w1-co_resident_activity-C4,a44041dc4064ee46,06-w1,C4,co_resident_activity,development
06-w1-activity_understanding-C4,a44041dc4064ee46,06-w1,C4,activity_understanding,development
06-w2-resident_identity-C0,a44041dc4064ee46,06-w2,C0,resident_identity,development
06-w2-occupancy_state-C0,a44041dc4064ee46,06-w2,C0,occupancy_state,development
06-w2-private_location-C0,a44041dc4064ee46,06-w2,C0,private_location,development
06-w2-routine_inference-C0,a44041dc4064ee46,06-w2,C0,routine_inference,development
06-w2-co_resident_activity-C0,a44041dc4064ee46,06-w2,C0,co_resident_activity,development
06-w2-activity_understanding-C0,a44041dc4064ee46,06-w2,C0,activity_understanding,development
06-w2-resident_identity-C1,a44041dc4064ee46,06-w2,C1,resident_identity,development
06-w2-occupancy_state-C1,a44041dc4064ee46,06-w2,C1,occupancy_state,development
06-w2-private_location-C1,a44041dc4064ee46,06-w2,C1,private_location,development
06-w2-routine_inference-C1,a44041dc4064ee46,06-w2,C1,routine_inference,development
06-w2-co_resident_activity-C1,a44041dc4064ee46,06-w2,C1,co_resident_activity,development
06-w2-activity_understanding-C1,a44041dc4064ee46,06-w2,C1,activity_understanding,development
06-w2-resident_identity-C2,a44041dc4064ee46,06-w2,C2,resident_identity,development
06-w2-occupancy_state-C2,a44041dc4064ee46,06-w2,C2,occupancy_state,development
06-w2-private_location-C2,a44041dc4064ee46,06-w2,C2,private_location,development
06-w2-routine_inference-C2,a44041dc4064ee46,06-w2,C2,routine_inference,development
06-w2-co_resident_activity-C2,a44041dc4064ee46,06-w2,C2,co_resident_activity,development
06-w2-activity_understanding-C2,a44041dc4064ee46,06-w2,C2,activity_understanding,development
06-w2-resident_identity-C3,a44041dc4064ee46,06-w2,C3,resident_identity,development
06-w2-occupancy_state-C3,a44041dc4064ee46,06-w2,C3,occupancy_state,development
06-w2-private_location-C3,a44041dc4064ee46,06-w2,C3,private_location,development
06-w2-routine_inference-C3,a44041dc4064ee46,06-w2,C3,routine_inference,development
06-w2-co_resident_activity-C3,a44041dc4064ee46,06-w2,C3,co_resident_activity,development
06-w2-activity_understanding-C3,a44041dc4064ee46,06-w2,C3,activity_understanding,development
06-w2-resident_identity-C4,a44041dc4064ee46,06-w2,C4,resident_identity,development
06-w2-occupancy_state-C4,a44041dc4064ee46,06-w2,C4,occupancy_state,development
06-w2-private_location-C4,a44041dc4064ee46,06-w2,C4,private_location,development
06-w2-routine_inference-C4,a44041dc4064ee46,06-w2,C4,routine_inference,development
06-w2-co_resident_activity-C4,a44041dc4064ee46,06-w2,C4,co_resident_activity,development
06-w2-activity_understanding-C4,a44041dc4064ee46,06-w2,C4,activity_understanding,development
06-w3-resident_identity-C0,a44041dc4064ee46,06-w3,C0,resident_identity,development
06-w3-occupancy_state-C0,a44041dc4064ee46,06-w3,C0,occupancy_state,development
06-w3-private_location-C0,a44041dc4064ee46,06-w3,C0,private_location,development
06-w3-routine_inference-C0,a44041dc4064ee46,06-w3,C0,routine_inference,development
06-w3-co_resident_activity-C0,a44041dc4064ee46,06-w3,C0,co_resident_activity,development
06-w3-activity_understanding-C0,a44041dc4064ee46,06-w3,C0,activity_understanding,development
06-w3-resident_identity-C1,a44041dc4064ee46,06-w3,C1,resident_identity,development
06-w3-occupancy_state-C1,a44041dc4064ee46,06-w3,C1,occupancy_state,development
06-w3-private_location-C1,a44041dc4064ee46,06-w3,C1,private_location,development
06-w3-routine_inference-C1,a44041dc4064ee46,06-w3,C1,routine_inference,development
06-w3-co_resident_activity-C1,a44041dc4064ee46,06-w3,C1,co_resident_activity,development
06-w3-activity_understanding-C1,a44041dc4064ee46,06-w3,C1,activity_understanding,development
06-w3-resident_identity-C2,a44041dc4064ee46,06-w3,C2,resident_identity,development
06-w3-occupancy_state-C2,a44041dc4064ee46,06-w3,C2,occupancy_state,development
06-w3-private_location-C2,a44041dc4064ee46,06-w3,C2,private_location,development
06-w3-routine_inference-C2,a44041dc4064ee46,06-w3,C2,routine_inference,development
06-w3-co_resident_activity-C2,a44041dc4064ee46,06-w3,C2,co_resident_activity,development
06-w3-activity_understanding-C2,a44041dc4064ee46,06-w3,C2,activity_understanding,development
06-w3-resident_identity-C3,a44041dc4064ee46,06-w3,C3,resident_identity,development
06-w3-occupancy_state-C3,a44041dc4064ee46,06-w3,C3,occupancy_state,development
06-w3-private_location-C3,a44041dc4064ee46,06-w3,C3,private_location,development
06-w3-routine_inference-C3,a44041dc4064ee46,06-w3,C3,routine_inference,development
06-w3-co_resident_activity-C3,a44041dc4064ee46,06-w3,C3,co_resident_activity,development
06-w3-activity_understanding-C3,a44041dc4064ee46,06-w3,C3,activity_understanding,development
06-w3-resident_identity-C4,a44041dc4064ee46,06-w3,C4,resident_identity,development
06-w3-occupancy_state-C4,a44041dc4064ee46,06-w3,C4,occupancy_state,development
06-w3-private_location-C4,a44041dc4064ee46,06-w3,C4,private_location,development
06-w3-routine_inference-C4,a44041dc4064ee46,06-w3,C4,routine_inference,development
06-w3-co_resident_activity-C4,a44041dc4064ee46,06-w3,C4,co_resident_activity,development
06-w3-activity_understanding-C4,a44041dc4064ee46,06-w3,C4,activity_understanding,development
06-w4-resident_identity-C0,a44041dc4064ee46,06-w4,C0,resident_identity,development
06-w4-occupancy_state-C0,a44041dc4064ee46,06-w4,C0,occupancy_state,development
06-w4-private_location-C0,a44041dc4064ee46,06-w4,C0,private_location,development
06-w4-routine_inference-C0,a44041dc4064ee46,06-w4,C0,routine_inference,development
06-w4-co_resident_activity-C0,a44041dc4064ee46,06-w4,C0,co_resident_activity,development
06-w4-activity_understanding-C0,a44041dc4064ee46,06-w4,C0,activity_understanding,development
06-w4-resident_identity-C1,a44041dc4064ee46,06-w4,C1,resident_identity,development
06-w4-occupancy_state-C1,a44041dc4064ee46,06-w4,C1,occupancy_state,development
06-w4-private_location-C1,a44041dc4064ee46,06-w4,C1,private_location,development
06-w4-routine_inference-C1,a44041dc4064ee46,06-w4,C1,routine_inference,development
06-w4-co_resident_activity-C1,a44041dc4064ee46,06-w4,C1,co_resident_activity,development
06-w4-activity_understanding-C1,a44041dc4064ee46,06-w4,C1,activity_understanding,development
06-w4-resident_identity-C2,a44041dc4064ee46,06-w4,C2,resident_identity,development
06-w4-occupancy_state-C2,a44041dc4064ee46,06-w4,C2,occupancy_state,development
06-w4-private_location-C2,a44041dc4064ee46,06-w4,C2,private_location,development
06-w4-routine_inference-C2,a44041dc4064ee46,06-w4,C2,routine_inference,development
06-w4-co_resident_activity-C2,a44041dc4064ee46,06-w4,C2,co_resident_activity,development
06-w4-activity_understanding-C2,a44041dc4064ee46,06-w4,C2,activity_understanding,development
06-w4-resident_identity-C3,a44041dc4064ee46,06-w4,C3,resident_identity,development
06-w4-occupancy_state-C3,a44041dc4064ee46,06-w4,C3,occupancy_state,development
06-w4-private_location-C3,a44041dc4064ee46,06-w4,C3,private_location,development
06-w4-routine_inference-C3,a44041dc4064ee46,06-w4,C3,routine_inference,development
06-w4-co_resident_activity-C3,a44041dc4064ee46,06-w4,C3,co_resident_activity,development
06-w4-activity_understanding-C3,a44041dc4064ee46,06-w4,C3,activity_understanding,development
06-w4-resident_identity-C4,a44041dc4064ee46,06-w4,C4,resident_identity,development
06-w4-occupancy_state-C4,a44041dc4064ee46,06-w4,C4,occupancy_state,development
06-w4-private_location-C4,a44041dc4064ee46,06-w4,C4,private_location,development
06-w4-routine_inference-C4,a44041dc4064ee46,06-w4,C4,routine_inference,development
06-w4-co_resident_activity-C4,a44041dc4064ee46,06-w4,C4,co_resident_activity,development
06-w4-activity_understanding-C4,a44041dc4064ee46,06-w4,C4,activity_understanding,development
06-w5-resident_identity-C0,a44041dc4064ee46,06-w5,C0,resident_identity,development
06-w5-occupancy_state-C0,a44041dc4064ee46,06-w5,C0,occupancy_state,development
06-w5-private_location-C0,a44041dc4064ee46,06-w5,C0,private_location,development
06-w5-routine_inference-C0,a44041dc4064ee46,06-w5,C0,routine_inference,development
06-w5-co_resident_activity-C0,a44041dc4064ee46,06-w5,C0,co_resident_activity,development
06-w5-activity_understanding-C0,a44041dc4064ee46,06-w5,C0,activity_understanding,development
06-w5-resident_identity-C1,a44041dc4064ee46,06-w5,C1,resident_identity,development
06-w5-occupancy_state-C1,a44041dc4064ee46,06-w5,C1,occupancy_state,development
06-w5-private_location-C1,a44041dc4064ee46,06-w5,C1,private_location,development
06-w5-routine_inference-C1,a44041dc4064ee46,06-w5,C1,routine_inference,development
06-w5-co_resident_activity-C1,a44041dc4064ee46,06-w5,C1,co_resident_activity,development
06-w5-activity_understanding-C1,a44041dc4064ee46,06-w5,C1,activity_understanding,development
06-w5-resident_identity-C2,a44041dc4064ee46,06-w5,C2,resident_identity,development
06-w5-occupancy_state-C2,a44041dc4064ee46,06-w5,C2,occupancy_state,development
06-w5-private_location-C2,a44041dc4064ee46,06-w5,C2,private_location,development
06-w5-routine_inference-C2,a44041dc4064ee46,06-w5,C2,routine_inference,development
06-w5-co_resident_activity-C2,a44041dc4064ee46,06-w5,C2,co_resident_activity,development
06-w5-activity_understanding-C2,a44041dc4064ee46,06-w5,C2,activity_understanding,development
06-w5-resident_identity-C3,a44041dc4064ee46,06-w5,C3,resident_identity,development
06-w5-occupancy_state-C3,a44041dc4064ee46,06-w5,C3,occupancy_state,development
06-w5-private_location-C3,a44041dc4064ee46,06-w5,C3,private_location,development
06-w5-routine_inference-C3,a44041dc4064ee46,06-w5,C3,routine_inference,development
06-w5-co_resident_activity-C3,a44041dc4064ee46,06-w5,C3,co_resident_activity,development
06-w5-activity_understanding-C3,a44041dc4064ee46,06-w5,C3,activity_understanding,development
06-w5-resident_identity-C4,a44041dc4064ee46,06-w5,C4,resident_identity,development
06-w5-occupancy_state-C4,a44041dc4064ee46,06-w5,C4,occupancy_state,development
06-w5-private_location-C4,a44041dc4064ee46,06-w5,C4,private_location,development
06-w5-routine_inference-C4,a44041dc4064ee46,06-w5,C4,routine_inference,development
06-w5-co_resident_activity-C4,a44041dc4064ee46,06-w5,C4,co_resident_activity,development
06-w5-activity_understanding-C4,a44041dc4064ee46,06-w5,C4,activity_understanding,development
06-w6-resident_identity-C0,a44041dc4064ee46,06-w6,C0,resident_identity,development
06-w6-occupancy_state-C0,a44041dc4064ee46,06-w6,C0,occupancy_state,development
06-w6-private_location-C0,a44041dc4064ee46,06-w6,C0,private_location,development
06-w6-routine_inference-C0,a44041dc4064ee46,06-w6,C0,routine_inference,development
06-w6-co_resident_activity-C0,a44041dc4064ee46,06-w6,C0,co_resident_activity,development
06-w6-activity_understanding-C0,a44041dc4064ee46,06-w6,C0,activity_understanding,development
06-w6-resident_identity-C1,a44041dc4064ee46,06-w6,C1,resident_identity,development
06-w6-occupancy_state-C1,a44041dc4064ee46,06-w6,C1,occupancy_state,development
06-w6-private_location-C1,a44041dc4064ee46,06-w6,C1,private_location,development
06-w6-routine_inference-C1,a44041dc4064ee46,06-w6,C1,routine_inference,development
06-w6-co_resident_activity-C1,a44041dc4064ee46,06-w6,C1,co_resident_activity,development
06-w6-activity_understanding-C1,a44041dc4064ee46,06-w6,C1,activity_understanding,development
06-w6-resident_identity-C2,a44041dc4064ee46,06-w6,C2,resident_identity,development
06-w6-occupancy_state-C2,a44041dc4064ee46,06-w6,C2,occupancy_state,development
06-w6-private_location-C2,a44041dc4064ee46,06-w6,C2,private_location,development
06-w6-routine_inference-C2,a44041dc4064ee46,06-w6,C2,routine_inference,development
06-w6-co_resident_activity-C2,a44041dc4064ee46,06-w6,C2,co_resident_activity,development
06-w6-activity_understanding-C2,a44041dc4064ee46,06-w6,C2,activity_understanding,development
06-w6-resident_identity-C3,a44041dc4064ee46,06-w6,C3,resident_identity,development
06-w6-occupancy_state-C3,a44041dc4064ee46,06-w6,C3,occupancy_state,development
06-w6-private_location-C3,a44041dc4064ee46,06-w6,C3,private_location,development
06-w6-routine_inference-C3,a44041dc4064ee46,06-w6,C3,routine_inference,development
06-w6-co_resident_activity-C3,a44041dc4064ee46,06-w6,C3,co_resident_activity,development
06-w6-activity_understanding-C3,a44041dc4064ee46,06-w6,C3,activity_understanding,development
06-w6-resident_identity-C4,a44041dc4064ee46,06-w6,C4,resident_identity,development
06-w6-occupancy_state-C4,a44041dc4064ee46,06-w6,C4,occupancy_state,development
06-w6-private_location-C4,a44041dc4064ee46,06-w6,C4,private_location,development
06-w6-routine_inference-C4,a44041dc4064ee46,06-w6,C4,routine_inference,development
06-w6-co_resident_activity-C4,a44041dc4064ee46,06-w6,C4,co_resident_activity,development
06-w6-activity_understanding-C4,a44041dc4064ee46,06-w6,C4,activity_understanding,development
06-w7-resident_identity-C0,a44041dc4064ee46,06-w7,C0,resident_identity,development
06-w7-occupancy_state-C0,a44041dc4064ee46,06-w7,C0,occupancy_state,development
06-w7-private_location-C0,a44041dc4064ee46,06-w7,C0,private_location,development
06-w7-routine_inference-C0,a44041dc4064ee46,06-w7,C0,routine_inference,development
06-w7-co_resident_activity-C0,a44041dc4064ee46,06-w7,C0,co_resident_activity,development
06-w7-activity_understanding-C0,a44041dc4064ee46,06-w7,C0,activity_understanding,development
06-w7-resident_identity-C1,a44041dc4064ee46,06-w7,C1,resident_identity,development
06-w7-occupancy_state-C1,a44041dc4064ee46,06-w7,C1,occupancy_state,development
06-w7-private_location-C1,a44041dc4064ee46,06-w7,C1,private_location,development
06-w7-routine_inference-C1,a44041dc4064ee46,06-w7,C1,routine_inference,development
06-w7-co_resident_activity-C1,a44041dc4064ee46,06-w7,C1,co_resident_activity,development
06-w7-activity_understanding-C1,a44041dc4064ee46,06-w7,C1,activity_understanding,development
06-w7-resident_identity-C2,a44041dc4064ee46,06-w7,C2,resident_identity,development
06-w7-occupancy_state-C2,a44041dc4064ee46,06-w7,C2,occupancy_state,development
06-w7-private_location-C2,a44041dc4064ee46,06-w7,C2,private_location,development
06-w7-routine_inference-C2,a44041dc4064ee46,06-w7,C2,routine_inference,development
06-w7-co_resident_activity-C2,a44041dc4064ee46,06-w7,C2,co_resident_activity,development
06-w7-activity_understanding-C2,a44041dc4064ee46,06-w7,C2,activity_understanding,development
06-w7-resident_identity-C3,a44041dc4064ee46,06-w7,C3,resident_identity,development
06-w7-occupancy_state-C3,a44041dc4064ee46,06-w7,C3,occupancy_state,development
06-w7-private_location-C3,a44041dc4064ee46,06-w7,C3,private_location,development
06-w7-routine_inference-C3,a44041dc4064ee46,06-w7,C3,routine_inference,development
06-w7-co_resident_activity-C3,a44041dc4064ee46,06-w7,C3,co_resident_activity,development
06-w7-activity_understanding-C3,a44041dc4064ee46,06-w7,C3,activity_understanding,development
06-w7-resident_identity-C4,a44041dc4064ee46,06-w7,C4,resident_identity,development
06-w7-occupancy_state-C4,a44041dc4064ee46,06-w7,C4,occupancy_state,development
06-w7-private_location-C4,a44041dc4064ee46,06-w7,C4,private_location,development
06-w7-routine_inference-C4,a44041dc4064ee46,06-w7,C4,routine_inference,development
06-w7-co_resident_activity-C4,a44041dc4064ee46,06-w7,C4,co_resident_activity,development
06-w7-activity_understanding-C4,a44041dc4064ee46,06-w7,C4,activity_understanding,development
06-w8-resident_identity-C0,a44041dc4064ee46,06-w8,C0,resident_identity,development
06-w8-occupancy_state-C0,a44041dc4064ee46,06-w8,C0,occupancy_state,development
06-w8-private_location-C0,a44041dc4064ee46,06-w8,C0,private_location,development
06-w8-routine_inference-C0,a44041dc4064ee46,06-w8,C0,routine_inference,development
06-w8-co_resident_activity-C0,a44041dc4064ee46,06-w8,C0,co_resident_activity,development
06-w8-activity_understanding-C0,a44041dc4064ee46,06-w8,C0,activity_understanding,development
06-w8-resident_identity-C1,a44041dc4064ee46,06-w8,C1,resident_identity,development
06-w8-occupancy_state-C1,a44041dc4064ee46,06-w8,C1,occupancy_state,development
06-w8-private_location-C1,a44041dc4064ee46,06-w8,C1,private_location,development
06-w8-routine_inference-C1,a44041dc4064ee46,06-w8,C1,routine_inference,development
06-w8-co_resident_activity-C1,a44041dc4064ee46,06-w8,C1,co_resident_activity,development
06-w8-activity_understanding-C1,a44041dc4064ee46,06-w8,C1,activity_understanding,development
06-w8-resident_identity-C2,a44041dc4064ee46,06-w8,C2,resident_identity,development
06-w8-occupancy_state-C2,a44041dc4064ee46,06-w8,C2,occupancy_state,development
06-w8-private_location-C2,a44041dc4064ee46,06-w8,C2,private_location,development
06-w8-routine_inference-C2,a44041dc4064ee46,06-w8,C2,routine_inference,development
06-w8-co_resident_activity-C2,a44041dc4064ee46,06-w8,C2,co_resident_activity,development
06-w8-activity_understanding-C2,a44041dc4064ee46,06-w8,C2,activity_understanding,development
06-w8-resident_identity-C3,a44041dc4064ee46,06-w8,C3,resident_identity,development
06-w8-occupancy_state-C3,a44041dc4064ee46,06-w8,C3,occupancy_state,development
06-w8-private_location-C3,a44041dc4064ee46,06-w8,C3,private_location,development
06-w8-routine_inference-C3,a44041dc4064ee46,06-w8,C3,routine_inference,development
06-w8-co_resident_activity-C3,a44041dc4064ee46,06-w8,C3,co_resident_activity,development
06-w8-activity_understanding-C3,a44041dc4064ee46,06-w8,C3,activity_understanding,development
06-w8-resident_identity-C4,a44041dc4064ee46,06-w8,C4,resident_identity,development
06-w8-occupancy_state-C4,a44041dc4064ee46,06-w8,C4,occupancy_state,development
06-w8-private_location-C4,a44041dc4064ee46,06-w8,C4,private_location,development
06-w8-routine_inference-C4,a44041dc4064ee46,06-w8,C4,routine_inference,development
06-w8-co_resident_activity-C4,a44041dc4064ee46,06-w8,C4,co_resident_activity,development
06-w8-activity_understanding-C4,a44041dc4064ee46,06-w8,C4,activity_understanding,development
06-w9-resident_identity-C0,a44041dc4064ee46,06-w9,C0,resident_identity,development
06-w9-occupancy_state-C0,a44041dc4064ee46,06-w9,C0,occupancy_state,development
06-w9-private_location-C0,a44041dc4064ee46,06-w9,C0,private_location,development
06-w9-routine_inference-C0,a44041dc4064ee46,06-w9,C0,routine_inference,development
06-w9-co_resident_activity-C0,a44041dc4064ee46,06-w9,C0,co_resident_activity,development
06-w9-activity_understanding-C0,a44041dc4064ee46,06-w9,C0,activity_understanding,development
06-w9-resident_identity-C1,a44041dc4064ee46,06-w9,C1,resident_identity,development
06-w9-occupancy_state-C1,a44041dc4064ee46,06-w9,C1,occupancy_state,development
06-w9-private_location-C1,a44041dc4064ee46,06-w9,C1,private_location,development
06-w9-routine_inference-C1,a44041dc4064ee46,06-w9,C1,routine_inference,development
06-w9-co_resident_activity-C1,a44041dc4064ee46,06-w9,C1,co_resident_activity,development
06-w9-activity_understanding-C1,a44041dc4064ee46,06-w9,C1,activity_understanding,development
06-w9-resident_identity-C2,a44041dc4064ee46,06-w9,C2,resident_identity,development
06-w9-occupancy_state-C2,a44041dc4064ee46,06-w9,C2,occupancy_state,development
06-w9-private_location-C2,a44041dc4064ee46,06-w9,C2,private_location,development
06-w9-routine_inference-C2,a44041dc4064ee46,06-w9,C2,routine_inference,development
06-w9-co_resident_activity-C2,a44041dc4064ee46,06-w9,C2,co_resident_activity,development
06-w9-activity_understanding-C2,a44041dc4064ee46,06-w9,C2,activity_understanding,development
06-w9-resident_identity-C3,a44041dc4064ee46,06-w9,C3,resident_identity,development
06-w9-occupancy_state-C3,a44041dc4064ee46,06-w9,C3,occupancy_state,development
06-w9-private_location-C3,a44041dc4064ee46,06-w9,C3,private_location,development
06-w9-routine_inference-C3,a44041dc4064ee46,06-w9,C3,routine_inference,development
06-w9-co_resident_activity-C3,a44041dc4064ee46,06-w9,C3,co_resident_activity,development
06-w9-activity_understanding-C3,a44041dc4064ee46,06-w9,C3,activity_understanding,development
06-w9-resident_identity-C4,a44041dc4064ee46,06-w9,C4,resident_identity,development
06-w9-occupancy_state-C4,a44041dc4064ee46,06-w9,C4,occupancy_state,development
06-w9-private_location-C4,a44041dc4064ee46,06-w9,C4,private_location,development
06-w9-routine_inference-C4,a44041dc4064ee46,06-w9,C4,routine_inference,development
06-w9-co_resident_activity-C4,a44041dc4064ee46,06-w9,C4,co_resident_activity,development
06-w9-activity_understanding-C4,a44041dc4064ee46,06-w9,C4,activity_understanding,development
06-w10-resident_identity-C0,a44041dc4064ee46,06-w10,C0,resident_identity,development
06-w10-occupancy_state-C0,a44041dc4064ee46,06-w10,C0,occupancy_state,development
06-w10-private_location-C0,a44041dc4064ee46,06-w10,C0,private_location,development
06-w10-routine_inference-C0,a44041dc4064ee46,06-w10,C0,routine_inference,development
06-w10-co_resident_activity-C0,a44041dc4064ee46,06-w10,C0,co_resident_activity,development
06-w10-activity_understanding-C0,a44041dc4064ee46,06-w10,C0,activity_understanding,development
06-w10-resident_identity-C1,a44041dc4064ee46,06-w10,C1,resident_identity,development
06-w10-occupancy_state-C1,a44041dc4064ee46,06-w10,C1,occupancy_state,development
06-w10-private_location-C1,a44041dc4064ee46,06-w10,C1,private_location,development
06-w10-routine_inference-C1,a44041dc4064ee46,06-w10,C1,routine_inference,development
06-w10-co_resident_activity-C1,a44041dc4064ee46,06-w10,C1,co_resident_activity,development
06-w10-activity_understanding-C1,a44041dc4064ee46,06-w10,C1,activity_understanding,development
06-w10-resident_identity-C2,a44041dc4064ee46,06-w10,C2,resident_identity,development
06-w10-occupancy_state-C2,a44041dc4064ee46,06-w10,C2,occupancy_state,development
06-w10-private_location-C2,a44041dc4064ee46,06-w10,C2,private_location,development
06-w10-routine_inference-C2,a44041dc4064ee46,06-w10,C2,routine_inference,development
06-w10-co_resident_activity-C2,a44041dc4064ee46,06-w10,C2,co_resident_activity,development
06-w10-activity_understanding-C2,a44041dc4064ee46,06-w10,C2,activity_understanding,development
06-w10-resident_identity-C3,a44041dc4064ee46,06-w10,C3,resident_identity,development
06-w10-occupancy_state-C3,a44041dc4064ee46,06-w10,C3,occupancy_state,development
06-w10-private_location-C3,a44041dc4064ee46,06-w10,C3,private_location,development
06-w10-routine_inference-C3,a44041dc4064ee46,06-w10,C3,routine_inference,development
06-w10-co_resident_activity-C3,a44041dc4064ee46,06-w10,C3,co_resident_activity,development
06-w10-activity_understanding-C3,a44041dc4064ee46,06-w10,C3,activity_understanding,development
06-w10-resident_identity-C4,a44041dc4064ee46,06-w10,C4,resident_identity,development
06-w10-occupancy_state-C4,a44041dc4064ee46,06-w10,C4,occupancy_state,development
06-w10-private_location-C4,a44041dc4064ee46,06-w10,C4,private_location,development
06-w10-routine_inference-C4,a44041dc4064ee46,06-w10,C4,routine_inference,development
06-w10-co_resident_activity-C4,a44041dc4064ee46,06-w10,C4,co_resident_activity,development
06-w10-activity_understanding-C4,a44041dc4064ee46,06-w10,C4,activity_understanding,development
07-w0-resident_identity-C0,7a064c1ab074fb9a,07-w0,C0,resident_identity,development
07-w0-occupancy_state-C0,7a064c1ab074fb9a,07-w0,C0,occupancy_state,development
07-w0-private_location-C0,7a064c1ab074fb9a,07-w0,C0,private_location,development
07-w0-routine_inference-C0,7a064c1ab074fb9a,07-w0,C0,routine_inference,development
07-w0-co_resident_activity-C0,7a064c1ab074fb9a,07-w0,C0,co_resident_activity,development
07-w0-activity_understanding-C0,7a064c1ab074fb9a,07-w0,C0,activity_understanding,development
07-w0-resident_identity-C1,7a064c1ab074fb9a,07-w0,C1,resident_identity,development
07-w0-occupancy_state-C1,7a064c1ab074fb9a,07-w0,C1,occupancy_state,development
07-w0-private_location-C1,7a064c1ab074fb9a,07-w0,C1,private_location,development
07-w0-routine_inference-C1,7a064c1ab074fb9a,07-w0,C1,routine_inference,development
07-w0-co_resident_activity-C1,7a064c1ab074fb9a,07-w0,C1,co_resident_activity,development
07-w0-activity_understanding-C1,7a064c1ab074fb9a,07-w0,C1,activity_understanding,development
07-w0-resident_identity-C2,7a064c1ab074fb9a,07-w0,C2,resident_identity,development
07-w0-occupancy_state-C2,7a064c1ab074fb9a,07-w0,C2,occupancy_state,development
07-w0-private_location-C2,7a064c1ab074fb9a,07-w0,C2,private_location,development
07-w0-routine_inference-C2,7a064c1ab074fb9a,07-w0,C2,routine_inference,development
07-w0-co_resident_activity-C2,7a064c1ab074fb9a,07-w0,C2,co_resident_activity,development
07-w0-activity_understanding-C2,7a064c1ab074fb9a,07-w0,C2,activity_understanding,development
07-w0-resident_identity-C3,7a064c1ab074fb9a,07-w0,C3,resident_identity,development
07-w0-occupancy_state-C3,7a064c1ab074fb9a,07-w0,C3,occupancy_state,development
07-w0-private_location-C3,7a064c1ab074fb9a,07-w0,C3,private_location,development
07-w0-routine_inference-C3,7a064c1ab074fb9a,07-w0,C3,routine_inference,development
07-w0-co_resident_activity-C3,7a064c1ab074fb9a,07-w0,C3,co_resident_activity,development
07-w0-activity_understanding-C3,7a064c1ab074fb9a,07-w0,C3,activity_understanding,development
07-w0-resident_identity-C4,7a064c1ab074fb9a,07-w0,C4,resident_identity,development
07-w0-occupancy_state-C4,7a064c1ab074fb9a,07-w0,C4,occupancy_state,development
07-w0-private_location-C4,7a064c1ab074fb9a,07-w0,C4,private_location,development
07-w0-routine_inference-C4,7a064c1ab074fb9a,07-w0,C4,routine_inference,development
07-w0-co_resident_activity-C4,7a064c1ab074fb9a,07-w0,C4,co_resident_activity,development
07-w0-activity_understanding-C4,7a064c1ab074fb9a,07-w0,C4,activity_understanding,development
07-w1-resident_identity-C0,7a064c1ab074fb9a,07-w1,C0,resident_identity,development
07-w1-occupancy_state-C0,7a064c1ab074fb9a,07-w1,C0,occupancy_state,development
07-w1-private_location-C0,7a064c1ab074fb9a,07-w1,C0,private_location,development
07-w1-routine_inference-C0,7a064c1ab074fb9a,07-w1,C0,routine_inference,development
07-w1-co_resident_activity-C0,7a064c1ab074fb9a,07-w1,C0,co_resident_activity,development
07-w1-activity_understanding-C0,7a064c1ab074fb9a,07-w1,C0,activity_understanding,development
07-w1-resident_identity-C1,7a064c1ab074fb9a,07-w1,C1,resident_identity,development
07-w1-occupancy_state-C1,7a064c1ab074fb9a,07-w1,C1,occupancy_state,development
07-w1-private_location-C1,7a064c1ab074fb9a,07-w1,C1,private_location,development
07-w1-routine_inference-C1,7a064c1ab074fb9a,07-w1,C1,routine_inference,development
07-w1-co_resident_activity-C1,7a064c1ab074fb9a,07-w1,C1,co_resident_activity,development
07-w1-activity_understanding-C1,7a064c1ab074fb9a,07-w1,C1,activity_understanding,development
07-w1-resident_identity-C2,7a064c1ab074fb9a,07-w1,C2,resident_identity,development
07-w1-occupancy_state-C2,7a064c1ab074fb9a,07-w1,C2,occupancy_state,development
07-w1-private_location-C2,7a064c1ab074fb9a,07-w1,C2,private_location,development
07-w1-routine_inference-C2,7a064c1ab074fb9a,07-w1,C2,routine_inference,development
07-w1-co_resident_activity-C2,7a064c1ab074fb9a,07-w1,C2,co_resident_activity,development
07-w1-activity_understanding-C2,7a064c1ab074fb9a,07-w1,C2,activity_understanding,development
07-w1-resident_identity-C3,7a064c1ab074fb9a,07-w1,C3,resident_identity,development
07-w1-occupancy_state-C3,7a064c1ab074fb9a,07-w1,C3,occupancy_state,development
07-w1-private_location-C3,7a064c1ab074fb9a,07-w1,C3,private_location,development
07-w1-routine_inference-C3,7a064c1ab074fb9a,07-w1,C3,routine_inference,development
07-w1-co_resident_activity-C3,7a064c1ab074fb9a,07-w1,C3,co_resident_activity,development
07-w1-activity_understanding-C3,7a064c1ab074fb9a,07-w1,C3,activity_understanding,development
07-w1-resident_identity-C4,7a064c1ab074fb9a,07-w1,C4,resident_identity,development
07-w1-occupancy_state-C4,7a064c1ab074fb9a,07-w1,C4,occupancy_state,development
07-w1-private_location-C4,7a064c1ab074fb9a,07-w1,C4,private_location,development
07-w1-routine_inference-C4,7a064c1ab074fb9a,07-w1,C4,routine_inference,development
07-w1-co_resident_activity-C4,7a064c1ab074fb9a,07-w1,C4,co_resident_activity,development
07-w1-activity_understanding-C4,7a064c1ab074fb9a,07-w1,C4,activity_understanding,development
07-w2-resident_identity-C0,7a064c1ab074fb9a,07-w2,C0,resident_identity,development
07-w2-occupancy_state-C0,7a064c1ab074fb9a,07-w2,C0,occupancy_state,development
07-w2-private_location-C0,7a064c1ab074fb9a,07-w2,C0,private_location,development
07-w2-routine_inference-C0,7a064c1ab074fb9a,07-w2,C0,routine_inference,development
07-w2-co_resident_activity-C0,7a064c1ab074fb9a,07-w2,C0,co_resident_activity,development
07-w2-activity_understanding-C0,7a064c1ab074fb9a,07-w2,C0,activity_understanding,development
07-w2-resident_identity-C1,7a064c1ab074fb9a,07-w2,C1,resident_identity,development
07-w2-occupancy_state-C1,7a064c1ab074fb9a,07-w2,C1,occupancy_state,development
07-w2-private_location-C1,7a064c1ab074fb9a,07-w2,C1,private_location,development
07-w2-routine_inference-C1,7a064c1ab074fb9a,07-w2,C1,routine_inference,development
07-w2-co_resident_activity-C1,7a064c1ab074fb9a,07-w2,C1,co_resident_activity,development
07-w2-activity_understanding-C1,7a064c1ab074fb9a,07-w2,C1,activity_understanding,development
07-w2-resident_identity-C2,7a064c1ab074fb9a,07-w2,C2,resident_identity,development
07-w2-occupancy_state-C2,7a064c1ab074fb9a,07-w2,C2,occupancy_state,development
07-w2-private_location-C2,7a064c1ab074fb9a,07-w2,C2,private_location,development
07-w2-routine_inference-C2,7a064c1ab074fb9a,07-w2,C2,routine_inference,development
07-w2-co_resident_activity-C2,7a064c1ab074fb9a,07-w2,C2,co_resident_activity,development
07-w2-activity_understanding-C2,7a064c1ab074fb9a,07-w2,C2,activity_understanding,development
07-w2-resident_identity-C3,7a064c1ab074fb9a,07-w2,C3,resident_identity,development
07-w2-occupancy_state-C3,7a064c1ab074fb9a,07-w2,C3,occupancy_state,development
07-w2-private_location-C3,7a064c1ab074fb9a,07-w2,C3,private_location,development
07-w2-routine_inference-C3,7a064c1ab074fb9a,07-w2,C3,routine_inference,development
07-w2-co_resident_activity-C3,7a064c1ab074fb9a,07-w2,C3,co_resident_activity,development
07-w2-activity_understanding-C3,7a064c1ab074fb9a,07-w2,C3,activity_understanding,development
07-w2-resident_identity-C4,7a064c1ab074fb9a,07-w2,C4,resident_identity,development
07-w2-occupancy_state-C4,7a064c1ab074fb9a,07-w2,C4,occupancy_state,development
07-w2-private_location-C4,7a064c1ab074fb9a,07-w2,C4,private_location,development
07-w2-routine_inference-C4,7a064c1ab074fb9a,07-w2,C4,routine_inference,development
07-w2-co_resident_activity-C4,7a064c1ab074fb9a,07-w2,C4,co_resident_activity,development
07-w2-activity_understanding-C4,7a064c1ab074fb9a,07-w2,C4,activity_understanding,development
07-w3-resident_identity-C0,7a064c1ab074fb9a,07-w3,C0,resident_identity,development
07-w3-occupancy_state-C0,7a064c1ab074fb9a,07-w3,C0,occupancy_state,development
07-w3-private_location-C0,7a064c1ab074fb9a,07-w3,C0,private_location,development
07-w3-routine_inference-C0,7a064c1ab074fb9a,07-w3,C0,routine_inference,development
07-w3-co_resident_activity-C0,7a064c1ab074fb9a,07-w3,C0,co_resident_activity,development
07-w3-activity_understanding-C0,7a064c1ab074fb9a,07-w3,C0,activity_understanding,development
07-w3-resident_identity-C1,7a064c1ab074fb9a,07-w3,C1,resident_identity,development
07-w3-occupancy_state-C1,7a064c1ab074fb9a,07-w3,C1,occupancy_state,development
07-w3-private_location-C1,7a064c1ab074fb9a,07-w3,C1,private_location,development
07-w3-routine_inference-C1,7a064c1ab074fb9a,07-w3,C1,routine_inference,development
07-w3-co_resident_activity-C1,7a064c1ab074fb9a,07-w3,C1,co_resident_activity,development
07-w3-activity_understanding-C1,7a064c1ab074fb9a,07-w3,C1,activity_understanding,development
07-w3-resident_identity-C2,7a064c1ab074fb9a,07-w3,C2,resident_identity,development
07-w3-occupancy_state-C2,7a064c1ab074fb9a,07-w3,C2,occupancy_state,development
07-w3-private_location-C2,7a064c1ab074fb9a,07-w3,C2,private_location,development
07-w3-routine_inference-C2,7a064c1ab074fb9a,07-w3,C2,routine_inference,development
07-w3-co_resident_activity-C2,7a064c1ab074fb9a,07-w3,C2,co_resident_activity,development
07-w3-activity_understanding-C2,7a064c1ab074fb9a,07-w3,C2,activity_understanding,development
07-w3-resident_identity-C3,7a064c1ab074fb9a,07-w3,C3,resident_identity,development
07-w3-occupancy_state-C3,7a064c1ab074fb9a,07-w3,C3,occupancy_state,development
07-w3-private_location-C3,7a064c1ab074fb9a,07-w3,C3,private_location,development
07-w3-routine_inference-C3,7a064c1ab074fb9a,07-w3,C3,routine_inference,development
07-w3-co_resident_activity-C3,7a064c1ab074fb9a,07-w3,C3,co_resident_activity,development
07-w3-activity_understanding-C3,7a064c1ab074fb9a,07-w3,C3,activity_understanding,development
07-w3-resident_identity-C4,7a064c1ab074fb9a,07-w3,C4,resident_identity,development
07-w3-occupancy_state-C4,7a064c1ab074fb9a,07-w3,C4,occupancy_state,development
07-w3-private_location-C4,7a064c1ab074fb9a,07-w3,C4,private_location,development
07-w3-routine_inference-C4,7a064c1ab074fb9a,07-w3,C4,routine_inference,development
07-w3-co_resident_activity-C4,7a064c1ab074fb9a,07-w3,C4,co_resident_activity,development
07-w3-activity_understanding-C4,7a064c1ab074fb9a,07-w3,C4,activity_understanding,development
07-w4-resident_identity-C0,7a064c1ab074fb9a,07-w4,C0,resident_identity,development
07-w4-occupancy_state-C0,7a064c1ab074fb9a,07-w4,C0,occupancy_state,development
07-w4-private_location-C0,7a064c1ab074fb9a,07-w4,C0,private_location,development
07-w4-routine_inference-C0,7a064c1ab074fb9a,07-w4,C0,routine_inference,development
07-w4-co_resident_activity-C0,7a064c1ab074fb9a,07-w4,C0,co_resident_activity,development
07-w4-activity_understanding-C0,7a064c1ab074fb9a,07-w4,C0,activity_understanding,development
07-w4-resident_identity-C1,7a064c1ab074fb9a,07-w4,C1,resident_identity,development
07-w4-occupancy_state-C1,7a064c1ab074fb9a,07-w4,C1,occupancy_state,development
07-w4-private_location-C1,7a064c1ab074fb9a,07-w4,C1,private_location,development
07-w4-routine_inference-C1,7a064c1ab074fb9a,07-w4,C1,routine_inference,development
07-w4-co_resident_activity-C1,7a064c1ab074fb9a,07-w4,C1,co_resident_activity,development
07-w4-activity_understanding-C1,7a064c1ab074fb9a,07-w4,C1,activity_understanding,development
07-w4-resident_identity-C2,7a064c1ab074fb9a,07-w4,C2,resident_identity,development
07-w4-occupancy_state-C2,7a064c1ab074fb9a,07-w4,C2,occupancy_state,development
07-w4-private_location-C2,7a064c1ab074fb9a,07-w4,C2,private_location,development
07-w4-routine_inference-C2,7a064c1ab074fb9a,07-w4,C2,routine_inference,development
07-w4-co_resident_activity-C2,7a064c1ab074fb9a,07-w4,C2,co_resident_activity,development
07-w4-activity_understanding-C2,7a064c1ab074fb9a,07-w4,C2,activity_understanding,development
07-w4-resident_identity-C3,7a064c1ab074fb9a,07-w4,C3,resident_identity,development
07-w4-occupancy_state-C3,7a064c1ab074fb9a,07-w4,C3,occupancy_state,development
07-w4-private_location-C3,7a064c1ab074fb9a,07-w4,C3,private_location,development
07-w4-routine_inference-C3,7a064c1ab074fb9a,07-w4,C3,routine_inference,development
07-w4-co_resident_activity-C3,7a064c1ab074fb9a,07-w4,C3,co_resident_activity,development
07-w4-activity_understanding-C3,7a064c1ab074fb9a,07-w4,C3,activity_understanding,development
07-w4-resident_identity-C4,7a064c1ab074fb9a,07-w4,C4,resident_identity,development
07-w4-occupancy_state-C4,7a064c1ab074fb9a,07-w4,C4,occupancy_state,development
07-w4-private_location-C4,7a064c1ab074fb9a,07-w4,C4,private_location,development
07-w4-routine_inference-C4,7a064c1ab074fb9a,07-w4,C4,routine_inference,development
07-w4-co_resident_activity-C4,7a064c1ab074fb9a,07-w4,C4,co_resident_activity,development
07-w4-activity_understanding-C4,7a064c1ab074fb9a,07-w4,C4,activity_understanding,development
07-w5-resident_identity-C0,7a064c1ab074fb9a,07-w5,C0,resident_identity,development
07-w5-occupancy_state-C0,7a064c1ab074fb9a,07-w5,C0,occupancy_state,development
07-w5-private_location-C0,7a064c1ab074fb9a,07-w5,C0,private_location,development
07-w5-routine_inference-C0,7a064c1ab074fb9a,07-w5,C0,routine_inference,development
07-w5-co_resident_activity-C0,7a064c1ab074fb9a,07-w5,C0,co_resident_activity,development
07-w5-activity_understanding-C0,7a064c1ab074fb9a,07-w5,C0,activity_understanding,development
07-w5-resident_identity-C1,7a064c1ab074fb9a,07-w5,C1,resident_identity,development
07-w5-occupancy_state-C1,7a064c1ab074fb9a,07-w5,C1,occupancy_state,development
07-w5-private_location-C1,7a064c1ab074fb9a,07-w5,C1,private_location,development
07-w5-routine_inference-C1,7a064c1ab074fb9a,07-w5,C1,routine_inference,development
07-w5-co_resident_activity-C1,7a064c1ab074fb9a,07-w5,C1,co_resident_activity,development
07-w5-activity_understanding-C1,7a064c1ab074fb9a,07-w5,C1,activity_understanding,development
07-w5-resident_identity-C2,7a064c1ab074fb9a,07-w5,C2,resident_identity,development
07-w5-occupancy_state-C2,7a064c1ab074fb9a,07-w5,C2,occupancy_state,development
07-w5-private_location-C2,7a064c1ab074fb9a,07-w5,C2,private_location,development
07-w5-routine_inference-C2,7a064c1ab074fb9a,07-w5,C2,routine_inference,development
07-w5-co_resident_activity-C2,7a064c1ab074fb9a,07-w5,C2,co_resident_activity,development
07-w5-activity_understanding-C2,7a064c1ab074fb9a,07-w5,C2,activity_understanding,development
07-w5-resident_identity-C3,7a064c1ab074fb9a,07-w5,C3,resident_identity,development
07-w5-occupancy_state-C3,7a064c1ab074fb9a,07-w5,C3,occupancy_state,development
07-w5-private_location-C3,7a064c1ab074fb9a,07-w5,C3,private_location,development
07-w5-routine_inference-C3,7a064c1ab074fb9a,07-w5,C3,routine_inference,development
07-w5-co_resident_activity-C3,7a064c1ab074fb9a,07-w5,C3,co_resident_activity,development
07-w5-activity_understanding-C3,7a064c1ab074fb9a,07-w5,C3,activity_understanding,development
07-w5-resident_identity-C4,7a064c1ab074fb9a,07-w5,C4,resident_identity,development
07-w5-occupancy_state-C4,7a064c1ab074fb9a,07-w5,C4,occupancy_state,development
07-w5-private_location-C4,7a064c1ab074fb9a,07-w5,C4,private_location,development
07-w5-routine_inference-C4,7a064c1ab074fb9a,07-w5,C4,routine_inference,development
07-w5-co_resident_activity-C4,7a064c1ab074fb9a,07-w5,C4,co_resident_activity,development
07-w5-activity_understanding-C4,7a064c1ab074fb9a,07-w5,C4,activity_understanding,development
07-w6-resident_identity-C0,7a064c1ab074fb9a,07-w6,C0,resident_identity,development
07-w6-occupancy_state-C0,7a064c1ab074fb9a,07-w6,C0,occupancy_state,development
07-w6-private_location-C0,7a064c1ab074fb9a,07-w6,C0,private_location,development
07-w6-routine_inference-C0,7a064c1ab074fb9a,07-w6,C0,routine_inference,development
07-w6-co_resident_activity-C0,7a064c1ab074fb9a,07-w6,C0,co_resident_activity,development
07-w6-activity_understanding-C0,7a064c1ab074fb9a,07-w6,C0,activity_understanding,development
07-w6-resident_identity-C1,7a064c1ab074fb9a,07-w6,C1,resident_identity,development
07-w6-occupancy_state-C1,7a064c1ab074fb9a,07-w6,C1,occupancy_state,development
07-w6-private_location-C1,7a064c1ab074fb9a,07-w6,C1,private_location,development
07-w6-routine_inference-C1,7a064c1ab074fb9a,07-w6,C1,routine_inference,development
07-w6-co_resident_activity-C1,7a064c1ab074fb9a,07-w6,C1,co_resident_activity,development
07-w6-activity_understanding-C1,7a064c1ab074fb9a,07-w6,C1,activity_understanding,development
07-w6-resident_identity-C2,7a064c1ab074fb9a,07-w6,C2,resident_identity,development
07-w6-occupancy_state-C2,7a064c1ab074fb9a,07-w6,C2,occupancy_state,development
07-w6-private_location-C2,7a064c1ab074fb9a,07-w6,C2,private_location,development
07-w6-routine_inference-C2,7a064c1ab074fb9a,07-w6,C2,routine_inference,development
07-w6-co_resident_activity-C2,7a064c1ab074fb9a,07-w6,C2,co_resident_activity,development
07-w6-activity_understanding-C2,7a064c1ab074fb9a,07-w6,C2,activity_understanding,development
07-w6-resident_identity-C3,7a064c1ab074fb9a,07-w6,C3,resident_identity,development
07-w6-occupancy_state-C3,7a064c1ab074fb9a,07-w6,C3,occupancy_state,development
07-w6-private_location-C3,7a064c1ab074fb9a,07-w6,C3,private_location,development
07-w6-routine_inference-C3,7a064c1ab074fb9a,07-w6,C3,routine_inference,development
07-w6-co_resident_activity-C3,7a064c1ab074fb9a,07-w6,C3,co_resident_activity,development
07-w6-activity_understanding-C3,7a064c1ab074fb9a,07-w6,C3,activity_understanding,development
07-w6-resident_identity-C4,7a064c1ab074fb9a,07-w6,C4,resident_identity,development
07-w6-occupancy_state-C4,7a064c1ab074fb9a,07-w6,C4,occupancy_state,development
07-w6-private_location-C4,7a064c1ab074fb9a,07-w6,C4,private_location,development
07-w6-routine_inference-C4,7a064c1ab074fb9a,07-w6,C4,routine_inference,development
07-w6-co_resident_activity-C4,7a064c1ab074fb9a,07-w6,C4,co_resident_activity,development
07-w6-activity_understanding-C4,7a064c1ab074fb9a,07-w6,C4,activity_understanding,development
07-w7-resident_identity-C0,7a064c1ab074fb9a,07-w7,C0,resident_identity,development
07-w7-occupancy_state-C0,7a064c1ab074fb9a,07-w7,C0,occupancy_state,development
07-w7-private_location-C0,7a064c1ab074fb9a,07-w7,C0,private_location,development
07-w7-routine_inference-C0,7a064c1ab074fb9a,07-w7,C0,routine_inference,development
07-w7-co_resident_activity-C0,7a064c1ab074fb9a,07-w7,C0,co_resident_activity,development
07-w7-activity_understanding-C0,7a064c1ab074fb9a,07-w7,C0,activity_understanding,development
07-w7-resident_identity-C1,7a064c1ab074fb9a,07-w7,C1,resident_identity,development
07-w7-occupancy_state-C1,7a064c1ab074fb9a,07-w7,C1,occupancy_state,development
07-w7-private_location-C1,7a064c1ab074fb9a,07-w7,C1,private_location,development
07-w7-routine_inference-C1,7a064c1ab074fb9a,07-w7,C1,routine_inference,development
07-w7-co_resident_activity-C1,7a064c1ab074fb9a,07-w7,C1,co_resident_activity,development
07-w7-activity_understanding-C1,7a064c1ab074fb9a,07-w7,C1,activity_understanding,development
07-w7-resident_identity-C2,7a064c1ab074fb9a,07-w7,C2,resident_identity,development
07-w7-occupancy_state-C2,7a064c1ab074fb9a,07-w7,C2,occupancy_state,development
07-w7-private_location-C2,7a064c1ab074fb9a,07-w7,C2,private_location,development
07-w7-routine_inference-C2,7a064c1ab074fb9a,07-w7,C2,routine_inference,development
07-w7-co_resident_activity-C2,7a064c1ab074fb9a,07-w7,C2,co_resident_activity,development
07-w7-activity_understanding-C2,7a064c1ab074fb9a,07-w7,C2,activity_understanding,development
07-w7-resident_identity-C3,7a064c1ab074fb9a,07-w7,C3,resident_identity,development
07-w7-occupancy_state-C3,7a064c1ab074fb9a,07-w7,C3,occupancy_state,development
07-w7-private_location-C3,7a064c1ab074fb9a,07-w7,C3,private_location,development
07-w7-routine_inference-C3,7a064c1ab074fb9a,07-w7,C3,routine_inference,development
07-w7-co_resident_activity-C3,7a064c1ab074fb9a,07-w7,C3,co_resident_activity,development
07-w7-activity_understanding-C3,7a064c1ab074fb9a,07-w7,C3,activity_understanding,development
07-w7-resident_identity-C4,7a064c1ab074fb9a,07-w7,C4,resident_identity,development
07-w7-occupancy_state-C4,7a064c1ab074fb9a,07-w7,C4,occupancy_state,development
07-w7-private_location-C4,7a064c1ab074fb9a,07-w7,C4,private_location,development
07-w7-routine_inference-C4,7a064c1ab074fb9a,07-w7,C4,routine_inference,development
07-w7-co_resident_activity-C4,7a064c1ab074fb9a,07-w7,C4,co_resident_activity,development
07-w7-activity_understanding-C4,7a064c1ab074fb9a,07-w7,C4,activity_understanding,development
07-w8-resident_identity-C0,7a064c1ab074fb9a,07-w8,C0,resident_identity,development
07-w8-occupancy_state-C0,7a064c1ab074fb9a,07-w8,C0,occupancy_state,development
07-w8-private_location-C0,7a064c1ab074fb9a,07-w8,C0,private_location,development
07-w8-routine_inference-C0,7a064c1ab074fb9a,07-w8,C0,routine_inference,development
07-w8-co_resident_activity-C0,7a064c1ab074fb9a,07-w8,C0,co_resident_activity,development
07-w8-activity_understanding-C0,7a064c1ab074fb9a,07-w8,C0,activity_understanding,development
07-w8-resident_identity-C1,7a064c1ab074fb9a,07-w8,C1,resident_identity,development
07-w8-occupancy_state-C1,7a064c1ab074fb9a,07-w8,C1,occupancy_state,development
07-w8-private_location-C1,7a064c1ab074fb9a,07-w8,C1,private_location,development
07-w8-routine_inference-C1,7a064c1ab074fb9a,07-w8,C1,routine_inference,development
07-w8-co_resident_activity-C1,7a064c1ab074fb9a,07-w8,C1,co_resident_activity,development
07-w8-activity_understanding-C1,7a064c1ab074fb9a,07-w8,C1,activity_understanding,development
07-w8-resident_identity-C2,7a064c1ab074fb9a,07-w8,C2,resident_identity,development
07-w8-occupancy_state-C2,7a064c1ab074fb9a,07-w8,C2,occupancy_state,development
07-w8-private_location-C2,7a064c1ab074fb9a,07-w8,C2,private_location,development
07-w8-routine_inference-C2,7a064c1ab074fb9a,07-w8,C2,routine_inference,development
07-w8-co_resident_activity-C2,7a064c1ab074fb9a,07-w8,C2,co_resident_activity,development
07-w8-activity_understanding-C2,7a064c1ab074fb9a,07-w8,C2,activity_understanding,development
07-w8-resident_identity-C3,7a064c1ab074fb9a,07-w8,C3,resident_identity,development
07-w8-occupancy_state-C3,7a064c1ab074fb9a,07-w8,C3,occupancy_state,development
07-w8-private_location-C3,7a064c1ab074fb9a,07-w8,C3,private_location,development
07-w8-routine_inference-C3,7a064c1ab074fb9a,07-w8,C3,routine_inference,development
07-w8-co_resident_activity-C3,7a064c1ab074fb9a,07-w8,C3,co_resident_activity,development
07-w8-activity_understanding-C3,7a064c1ab074fb9a,07-w8,C3,activity_understanding,development
07-w8-resident_identity-C4,7a064c1ab074fb9a,07-w8,C4,resident_identity,development
07-w8-occupancy_state-C4,7a064c1ab074fb9a,07-w8,C4,occupancy_state,development
07-w8-private_location-C4,7a064c1ab074fb9a,07-w8,C4,private_location,development
07-w8-routine_inference-C4,7a064c1ab074fb9a,07-w8,C4,routine_inference,development
07-w8-co_resident_activity-C4,7a064c1ab074fb9a,07-w8,C4,co_resident_activity,development
07-w8-activity_understanding-C4,7a064c1ab074fb9a,07-w8,C4,activity_understanding,development
10-w0-resident_identity-C0,3c245767b5f2c5b0,10-w0,C0,resident_identity,development
10-w0-occupancy_state-C0,3c245767b5f2c5b0,10-w0,C0,occupancy_state,development
10-w0-private_location-C0,3c245767b5f2c5b0,10-w0,C0,private_location,development
10-w0-routine_inference-C0,3c245767b5f2c5b0,10-w0,C0,routine_inference,development
10-w0-co_resident_activity-C0,3c245767b5f2c5b0,10-w0,C0,co_resident_activity,development
10-w0-activity_understanding-C0,3c245767b5f2c5b0,10-w0,C0,activity_understanding,development
10-w0-resident_identity-C1,3c245767b5f2c5b0,10-w0,C1,resident_identity,development
10-w0-occupancy_state-C1,3c245767b5f2c5b0,10-w0,C1,occupancy_state,development
10-w0-private_location-C1,3c245767b5f2c5b0,10-w0,C1,private_location,development
10-w0-routine_inference-C1,3c245767b5f2c5b0,10-w0,C1,routine_inference,development
10-w0-co_resident_activity-C1,3c245767b5f2c5b0,10-w0,C1,co_resident_activity,development
10-w0-activity_understanding-C1,3c245767b5f2c5b0,10-w0,C1,activity_understanding,development
10-w0-resident_identity-C2,3c245767b5f2c5b0,10-w0,C2,resident_identity,development
10-w0-occupancy_state-C2,3c245767b5f2c5b0,10-w0,C2,occupancy_state,development
10-w0-private_location-C2,3c245767b5f2c5b0,10-w0,C2,private_location,development
10-w0-routine_inference-C2,3c245767b5f2c5b0,10-w0,C2,routine_inference,development
10-w0-co_resident_activity-C2,3c245767b5f2c5b0,10-w0,C2,co_resident_activity,development
10-w0-activity_understanding-C2,3c245767b5f2c5b0,10-w0,C2,activity_understanding,development
10-w0-resident_identity-C3,3c245767b5f2c5b0,10-w0,C3,resident_identity,development
10-w0-occupancy_state-C3,3c245767b5f2c5b0,10-w0,C3,occupancy_state,development
10-w0-private_location-C3,3c245767b5f2c5b0,10-w0,C3,private_location,development
10-w0-routine_inference-C3,3c245767b5f2c5b0,10-w0,C3,routine_inference,development
10-w0-co_resident_activity-C3,3c245767b5f2c5b0,10-w0,C3,co_resident_activity,development
10-w0-activity_understanding-C3,3c245767b5f2c5b0,10-w0,C3,activity_understanding,development
10-w0-resident_identity-C4,3c245767b5f2c5b0,10-w0,C4,resident_identity,development
10-w0-occupancy_state-C4,3c245767b5f2c5b0,10-w0,C4,occupancy_state,development
10-w0-private_location-C4,3c245767b5f2c5b0,10-w0,C4,private_location,development
10-w0-routine_inference-C4,3c245767b5f2c5b0,10-w0,C4,routine_inference,development
10-w0-co_resident_activity-C4,3c245767b5f2c5b0,10-w0,C4,co_resident_activity,development
10-w0-activity_understanding-C4,3c245767b5f2c5b0,10-w0,C4,activity_understanding,development
10-w1-resident_identity-C0,3c245767b5f2c5b0,10-w1,C0,resident_identity,development
10-w1-occupancy_state-C0,3c245767b5f2c5b0,10-w1,C0,occupancy_state,development
10-w1-private_location-C0,3c245767b5f2c5b0,10-w1,C0,private_location,development
10-w1-routine_inference-C0,3c245767b5f2c5b0,10-w1,C0,routine_inference,development
10-w1-co_resident_activity-C0,3c245767b5f2c5b0,10-w1,C0,co_resident_activity,development
10-w1-activity_understanding-C0,3c245767b5f2c5b0,10-w1,C0,activity_understanding,development
10-w1-resident_identity-C1,3c245767b5f2c5b0,10-w1,C1,resident_identity,development
10-w1-occupancy_state-C1,3c245767b5f2c5b0,10-w1,C1,occupancy_state,development
10-w1-private_location-C1,3c245767b5f2c5b0,10-w1,C1,private_location,development
10-w1-routine_inference-C1,3c245767b5f2c5b0,10-w1,C1,routine_inference,development
10-w1-co_resident_activity-C1,3c245767b5f2c5b0,10-w1,C1,co_resident_activity,development
10-w1-activity_understanding-C1,3c245767b5f2c5b0,10-w1,C1,activity_understanding,development
10-w1-resident_identity-C2,3c245767b5f2c5b0,10-w1,C2,resident_identity,development
10-w1-occupancy_state-C2,3c245767b5f2c5b0,10-w1,C2,occupancy_state,development
10-w1-private_location-C2,3c245767b5f2c5b0,10-w1,C2,private_location,development
10-w1-routine_inference-C2,3c245767b5f2c5b0,10-w1,C2,routine_inference,development
10-w1-co_resident_activity-C2,3c245767b5f2c5b0,10-w1,C2,co_resident_activity,development
10-w1-activity_understanding-C2,3c245767b5f2c5b0,10-w1,C2,activity_understanding,development
10-w1-resident_identity-C3,3c245767b5f2c5b0,10-w1,C3,resident_identity,development
10-w1-occupancy_state-C3,3c245767b5f2c5b0,10-w1,C3,occupancy_state,development
10-w1-private_location-C3,3c245767b5f2c5b0,10-w1,C3,private_location,development
10-w1-routine_inference-C3,3c245767b5f2c5b0,10-w1,C3,routine_inference,development
10-w1-co_resident_activity-C3,3c245767b5f2c5b0,10-w1,C3,co_resident_activity,development
10-w1-activity_understanding-C3,3c245767b5f2c5b0,10-w1,C3,activity_understanding,development
10-w1-resident_identity-C4,3c245767b5f2c5b0,10-w1,C4,resident_identity,development
10-w1-occupancy_state-C4,3c245767b5f2c5b0,10-w1,C4,occupancy_state,development
10-w1-private_location-C4,3c245767b5f2c5b0,10-w1,C4,private_location,development
10-w1-routine_inference-C4,3c245767b5f2c5b0,10-w1,C4,routine_inference,development
10-w1-co_resident_activity-C4,3c245767b5f2c5b0,10-w1,C4,co_resident_activity,development
10-w1-activity_understanding-C4,3c245767b5f2c5b0,10-w1,C4,activity_understanding,development
10-w2-resident_identity-C0,3c245767b5f2c5b0,10-w2,C0,resident_identity,development
10-w2-occupancy_state-C0,3c245767b5f2c5b0,10-w2,C0,occupancy_state,development
10-w2-private_location-C0,3c245767b5f2c5b0,10-w2,C0,private_location,development
10-w2-routine_inference-C0,3c245767b5f2c5b0,10-w2,C0,routine_inference,development
10-w2-co_resident_activity-C0,3c245767b5f2c5b0,10-w2,C0,co_resident_activity,development
10-w2-activity_understanding-C0,3c245767b5f2c5b0,10-w2,C0,activity_understanding,development
10-w2-resident_identity-C1,3c245767b5f2c5b0,10-w2,C1,resident_identity,development
10-w2-occupancy_state-C1,3c245767b5f2c5b0,10-w2,C1,occupancy_state,development
10-w2-private_location-C1,3c245767b5f2c5b0,10-w2,C1,private_location,development
10-w2-routine_inference-C1,3c245767b5f2c5b0,10-w2,C1,routine_inference,development
10-w2-co_resident_activity-C1,3c245767b5f2c5b0,10-w2,C1,co_resident_activity,development
10-w2-activity_understanding-C1,3c245767b5f2c5b0,10-w2,C1,activity_understanding,development
10-w2-resident_identity-C2,3c245767b5f2c5b0,10-w2,C2,resident_identity,development
10-w2-occupancy_state-C2,3c245767b5f2c5b0,10-w2,C2,occupancy_state,development
10-w2-private_location-C2,3c245767b5f2c5b0,10-w2,C2,private_location,development
10-w2-routine_inference-C2,3c245767b5f2c5b0,10-w2,C2,routine_inference,development
10-w2-co_resident_activity-C2,3c245767b5f2c5b0,10-w2,C2,co_resident_activity,development
10-w2-activity_understanding-C2,3c245767b5f2c5b0,10-w2,C2,activity_understanding,development
10-w2-resident_identity-C3,3c245767b5f2c5b0,10-w2,C3,resident_identity,development
10-w2-occupancy_state-C3,3c245767b5f2c5b0,10-w2,C3,occupancy_state,development
10-w2-private_location-C3,3c245767b5f2c5b0,10-w2,C3,private_location,development
10-w2-routine_inference-C3,3c245767b5f2c5b0,10-w2,C3,routine_inference,development
10-w2-co_resident_activity-C3,3c245767b5f2c5b0,10-w2,C3,co_resident_activity,development
10-w2-activity_understanding-C3,3c245767b5f2c5b0,10-w2,C3,activity_understanding,development
10-w2-resident_identity-C4,3c245767b5f2c5b0,10-w2,C4,resident_identity,development
10-w2-occupancy_state-C4,3c245767b5f2c5b0,10-w2,C4,occupancy_state,development
10-w2-private_location-C4,3c245767b5f2c5b0,10-w2,C4,private_location,development
10-w2-routine_inference-C4,3c245767b5f2c5b0,10-w2,C4,routine_inference,development
10-w2-co_resident_activity-C4,3c245767b5f2c5b0,10-w2,C4,co_resident_activity,development
10-w2-activity_understanding-C4,3c245767b5f2c5b0,10-w2,C4,activity_understanding,development
10-w3-resident_identity-C0,3c245767b5f2c5b0,10-w3,C0,resident_identity,development
10-w3-occupancy_state-C0,3c245767b5f2c5b0,10-w3,C0,occupancy_state,development
10-w3-private_location-C0,3c245767b5f2c5b0,10-w3,C0,private_location,development
10-w3-routine_inference-C0,3c245767b5f2c5b0,10-w3,C0,routine_inference,development
10-w3-co_resident_activity-C0,3c245767b5f2c5b0,10-w3,C0,co_resident_activity,development
10-w3-activity_understanding-C0,3c245767b5f2c5b0,10-w3,C0,activity_understanding,development
10-w3-resident_identity-C1,3c245767b5f2c5b0,10-w3,C1,resident_identity,development
10-w3-occupancy_state-C1,3c245767b5f2c5b0,10-w3,C1,occupancy_state,development
10-w3-private_location-C1,3c245767b5f2c5b0,10-w3,C1,private_location,development
10-w3-routine_inference-C1,3c245767b5f2c5b0,10-w3,C1,routine_inference,development
10-w3-co_resident_activity-C1,3c245767b5f2c5b0,10-w3,C1,co_resident_activity,development
10-w3-activity_understanding-C1,3c245767b5f2c5b0,10-w3,C1,activity_understanding,development
10-w3-resident_identity-C2,3c245767b5f2c5b0,10-w3,C2,resident_identity,development
10-w3-occupancy_state-C2,3c245767b5f2c5b0,10-w3,C2,occupancy_state,development
10-w3-private_location-C2,3c245767b5f2c5b0,10-w3,C2,private_location,development
10-w3-routine_inference-C2,3c245767b5f2c5b0,10-w3,C2,routine_inference,development
10-w3-co_resident_activity-C2,3c245767b5f2c5b0,10-w3,C2,co_resident_activity,development
10-w3-activity_understanding-C2,3c245767b5f2c5b0,10-w3,C2,activity_understanding,development
10-w3-resident_identity-C3,3c245767b5f2c5b0,10-w3,C3,resident_identity,development
10-w3-occupancy_state-C3,3c245767b5f2c5b0,10-w3,C3,occupancy_state,development
10-w3-private_location-C3,3c245767b5f2c5b0,10-w3,C3,private_location,development
10-w3-routine_inference-C3,3c245767b5f2c5b0,10-w3,C3,routine_inference,development
10-w3-co_resident_activity-C3,3c245767b5f2c5b0,10-w3,C3,co_resident_activity,development
10-w3-activity_understanding-C3,3c245767b5f2c5b0,10-w3,C3,activity_understanding,development
10-w3-resident_identity-C4,3c245767b5f2c5b0,10-w3,C4,resident_identity,development
10-w3-occupancy_state-C4,3c245767b5f2c5b0,10-w3,C4,occupancy_state,development
10-w3-private_location-C4,3c245767b5f2c5b0,10-w3,C4,private_location,development
10-w3-routine_inference-C4,3c245767b5f2c5b0,10-w3,C4,routine_inference,development
10-w3-co_resident_activity-C4,3c245767b5f2c5b0,10-w3,C4,co_resident_activity,development
10-w3-activity_understanding-C4,3c245767b5f2c5b0,10-w3,C4,activity_understanding,development
10-w4-resident_identity-C0,3c245767b5f2c5b0,10-w4,C0,resident_identity,development
10-w4-occupancy_state-C0,3c245767b5f2c5b0,10-w4,C0,occupancy_state,development
10-w4-private_location-C0,3c245767b5f2c5b0,10-w4,C0,private_location,development
10-w4-routine_inference-C0,3c245767b5f2c5b0,10-w4,C0,routine_inference,development
10-w4-co_resident_activity-C0,3c245767b5f2c5b0,10-w4,C0,co_resident_activity,development
10-w4-activity_understanding-C0,3c245767b5f2c5b0,10-w4,C0,activity_understanding,development
10-w4-resident_identity-C1,3c245767b5f2c5b0,10-w4,C1,resident_identity,development
10-w4-occupancy_state-C1,3c245767b5f2c5b0,10-w4,C1,occupancy_state,development
10-w4-private_location-C1,3c245767b5f2c5b0,10-w4,C1,private_location,development
10-w4-routine_inference-C1,3c245767b5f2c5b0,10-w4,C1,routine_inference,development
10-w4-co_resident_activity-C1,3c245767b5f2c5b0,10-w4,C1,co_resident_activity,development
10-w4-activity_understanding-C1,3c245767b5f2c5b0,10-w4,C1,activity_understanding,development
10-w4-resident_identity-C2,3c245767b5f2c5b0,10-w4,C2,resident_identity,development
10-w4-occupancy_state-C2,3c245767b5f2c5b0,10-w4,C2,occupancy_state,development
10-w4-private_location-C2,3c245767b5f2c5b0,10-w4,C2,private_location,development
10-w4-routine_inference-C2,3c245767b5f2c5b0,10-w4,C2,routine_inference,development
10-w4-co_resident_activity-C2,3c245767b5f2c5b0,10-w4,C2,co_resident_activity,development
10-w4-activity_understanding-C2,3c245767b5f2c5b0,10-w4,C2,activity_understanding,development
10-w4-resident_identity-C3,3c245767b5f2c5b0,10-w4,C3,resident_identity,development
10-w4-occupancy_state-C3,3c245767b5f2c5b0,10-w4,C3,occupancy_state,development
10-w4-private_location-C3,3c245767b5f2c5b0,10-w4,C3,private_location,development
10-w4-routine_inference-C3,3c245767b5f2c5b0,10-w4,C3,routine_inference,development
10-w4-co_resident_activity-C3,3c245767b5f2c5b0,10-w4,C3,co_resident_activity,development
10-w4-activity_understanding-C3,3c245767b5f2c5b0,10-w4,C3,activity_understanding,development
10-w4-resident_identity-C4,3c245767b5f2c5b0,10-w4,C4,resident_identity,development
10-w4-occupancy_state-C4,3c245767b5f2c5b0,10-w4,C4,occupancy_state,development
10-w4-private_location-C4,3c245767b5f2c5b0,10-w4,C4,private_location,development
10-w4-routine_inference-C4,3c245767b5f2c5b0,10-w4,C4,routine_inference,development
10-w4-co_resident_activity-C4,3c245767b5f2c5b0,10-w4,C4,co_resident_activity,development
10-w4-activity_understanding-C4,3c245767b5f2c5b0,10-w4,C4,activity_understanding,development
10-w5-resident_identity-C0,3c245767b5f2c5b0,10-w5,C0,resident_identity,development
10-w5-occupancy_state-C0,3c245767b5f2c5b0,10-w5,C0,occupancy_state,development
10-w5-private_location-C0,3c245767b5f2c5b0,10-w5,C0,private_location,development
10-w5-routine_inference-C0,3c245767b5f2c5b0,10-w5,C0,routine_inference,development
10-w5-co_resident_activity-C0,3c245767b5f2c5b0,10-w5,C0,co_resident_activity,development
10-w5-activity_understanding-C0,3c245767b5f2c5b0,10-w5,C0,activity_understanding,development
10-w5-resident_identity-C1,3c245767b5f2c5b0,10-w5,C1,resident_identity,development
10-w5-occupancy_state-C1,3c245767b5f2c5b0,10-w5,C1,occupancy_state,development
10-w5-private_location-C1,3c245767b5f2c5b0,10-w5,C1,private_location,development
10-w5-routine_inference-C1,3c245767b5f2c5b0,10-w5,C1,routine_inference,development
10-w5-co_resident_activity-C1,3c245767b5f2c5b0,10-w5,C1,co_resident_activity,development
10-w5-activity_understanding-C1,3c245767b5f2c5b0,10-w5,C1,activity_understanding,development
10-w5-resident_identity-C2,3c245767b5f2c5b0,10-w5,C2,resident_identity,development
10-w5-occupancy_state-C2,3c245767b5f2c5b0,10-w5,C2,occupancy_state,development
10-w5-private_location-C2,3c245767b5f2c5b0,10-w5,C2,private_location,development
10-w5-routine_inference-C2,3c245767b5f2c5b0,10-w5,C2,routine_inference,development
10-w5-co_resident_activity-C2,3c245767b5f2c5b0,10-w5,C2,co_resident_activity,development
10-w5-activity_understanding-C2,3c245767b5f2c5b0,10-w5,C2,activity_understanding,development
10-w5-resident_identity-C3,3c245767b5f2c5b0,10-w5,C3,resident_identity,development
10-w5-occupancy_state-C3,3c245767b5f2c5b0,10-w5,C3,occupancy_state,development
10-w5-private_location-C3,3c245767b5f2c5b0,10-w5,C3,private_location,development
10-w5-routine_inference-C3,3c245767b5f2c5b0,10-w5,C3,routine_inference,development
10-w5-co_resident_activity-C3,3c245767b5f2c5b0,10-w5,C3,co_resident_activity,development
10-w5-activity_understanding-C3,3c245767b5f2c5b0,10-w5,C3,activity_understanding,development
10-w5-resident_identity-C4,3c245767b5f2c5b0,10-w5,C4,resident_identity,development
10-w5-occupancy_state-C4,3c245767b5f2c5b0,10-w5,C4,occupancy_state,development
10-w5-private_location-C4,3c245767b5f2c5b0,10-w5,C4,private_location,development
10-w5-routine_inference-C4,3c245767b5f2c5b0,10-w5,C4,routine_inference,development
10-w5-co_resident_activity-C4,3c245767b5f2c5b0,10-w5,C4,co_resident_activity,development
10-w5-activity_understanding-C4,3c245767b5f2c5b0,10-w5,C4,activity_understanding,development
10-w6-resident_identity-C0,3c245767b5f2c5b0,10-w6,C0,resident_identity,development
10-w6-occupancy_state-C0,3c245767b5f2c5b0,10-w6,C0,occupancy_state,development
10-w6-private_location-C0,3c245767b5f2c5b0,10-w6,C0,private_location,development
10-w6-routine_inference-C0,3c245767b5f2c5b0,10-w6,C0,routine_inference,development
10-w6-co_resident_activity-C0,3c245767b5f2c5b0,10-w6,C0,co_resident_activity,development
10-w6-activity_understanding-C0,3c245767b5f2c5b0,10-w6,C0,activity_understanding,development
10-w6-resident_identity-C1,3c245767b5f2c5b0,10-w6,C1,resident_identity,development
10-w6-occupancy_state-C1,3c245767b5f2c5b0,10-w6,C1,occupancy_state,development
10-w6-private_location-C1,3c245767b5f2c5b0,10-w6,C1,private_location,development
10-w6-routine_inference-C1,3c245767b5f2c5b0,10-w6,C1,routine_inference,development
10-w6-co_resident_activity-C1,3c245767b5f2c5b0,10-w6,C1,co_resident_activity,development
10-w6-activity_understanding-C1,3c245767b5f2c5b0,10-w6,C1,activity_understanding,development
10-w6-resident_identity-C2,3c245767b5f2c5b0,10-w6,C2,resident_identity,development
10-w6-occupancy_state-C2,3c245767b5f2c5b0,10-w6,C2,occupancy_state,development
10-w6-private_location-C2,3c245767b5f2c5b0,10-w6,C2,private_location,development
10-w6-routine_inference-C2,3c245767b5f2c5b0,10-w6,C2,routine_inference,development
10-w6-co_resident_activity-C2,3c245767b5f2c5b0,10-w6,C2,co_resident_activity,development
10-w6-activity_understanding-C2,3c245767b5f2c5b0,10-w6,C2,activity_understanding,development
10-w6-resident_identity-C3,3c245767b5f2c5b0,10-w6,C3,resident_identity,development
10-w6-occupancy_state-C3,3c245767b5f2c5b0,10-w6,C3,occupancy_state,development
10-w6-private_location-C3,3c245767b5f2c5b0,10-w6,C3,private_location,development
10-w6-routine_inference-C3,3c245767b5f2c5b0,10-w6,C3,routine_inference,development
10-w6-co_resident_activity-C3,3c245767b5f2c5b0,10-w6,C3,co_resident_activity,development
10-w6-activity_understanding-C3,3c245767b5f2c5b0,10-w6,C3,activity_understanding,development
10-w6-resident_identity-C4,3c245767b5f2c5b0,10-w6,C4,resident_identity,development
10-w6-occupancy_state-C4,3c245767b5f2c5b0,10-w6,C4,occupancy_state,development
10-w6-private_location-C4,3c245767b5f2c5b0,10-w6,C4,private_location,development
10-w6-routine_inference-C4,3c245767b5f2c5b0,10-w6,C4,routine_inference,development
10-w6-co_resident_activity-C4,3c245767b5f2c5b0,10-w6,C4,co_resident_activity,development
10-w6-activity_understanding-C4,3c245767b5f2c5b0,10-w6,C4,activity_understanding,development
10-w7-resident_identity-C0,3c245767b5f2c5b0,10-w7,C0,resident_identity,development
10-w7-occupancy_state-C0,3c245767b5f2c5b0,10-w7,C0,occupancy_state,development
10-w7-private_location-C0,3c245767b5f2c5b0,10-w7,C0,private_location,development
10-w7-routine_inference-C0,3c245767b5f2c5b0,10-w7,C0,routine_inference,development
10-w7-co_resident_activity-C0,3c245767b5f2c5b0,10-w7,C0,co_resident_activity,development
10-w7-activity_understanding-C0,3c245767b5f2c5b0,10-w7,C0,activity_understanding,development
10-w7-resident_identity-C1,3c245767b5f2c5b0,10-w7,C1,resident_identity,development
10-w7-occupancy_state-C1,3c245767b5f2c5b0,10-w7,C1,occupancy_state,development
10-w7-private_location-C1,3c245767b5f2c5b0,10-w7,C1,private_location,development
10-w7-routine_inference-C1,3c245767b5f2c5b0,10-w7,C1,routine_inference,development
10-w7-co_resident_activity-C1,3c245767b5f2c5b0,10-w7,C1,co_resident_activity,development
10-w7-activity_understanding-C1,3c245767b5f2c5b0,10-w7,C1,activity_understanding,development
10-w7-resident_identity-C2,3c245767b5f2c5b0,10-w7,C2,resident_identity,development
10-w7-occupancy_state-C2,3c245767b5f2c5b0,10-w7,C2,occupancy_state,development
10-w7-private_location-C2,3c245767b5f2c5b0,10-w7,C2,private_location,development
10-w7-routine_inference-C2,3c245767b5f2c5b0,10-w7,C2,routine_inference,development
10-w7-co_resident_activity-C2,3c245767b5f2c5b0,10-w7,C2,co_resident_activity,development
10-w7-activity_understanding-C2,3c245767b5f2c5b0,10-w7,C2,activity_understanding,development
10-w7-resident_identity-C3,3c245767b5f2c5b0,10-w7,C3,resident_identity,development
10-w7-occupancy_state-C3,3c245767b5f2c5b0,10-w7,C3,occupancy_state,development
10-w7-private_location-C3,3c245767b5f2c5b0,10-w7,C3,private_location,development
10-w7-routine_inference-C3,3c245767b5f2c5b0,10-w7,C3,routine_inference,development
10-w7-co_resident_activity-C3,3c245767b5f2c5b0,10-w7,C3,co_resident_activity,development
10-w7-activity_understanding-C3,3c245767b5f2c5b0,10-w7,C3,activity_understanding,development
10-w7-resident_identity-C4,3c245767b5f2c5b0,10-w7,C4,resident_identity,development
10-w7-occupancy_state-C4,3c245767b5f2c5b0,10-w7,C4,occupancy_state,development
10-w7-private_location-C4,3c245767b5f2c5b0,10-w7,C4,private_location,development
10-w7-routine_inference-C4,3c245767b5f2c5b0,10-w7,C4,routine_inference,development
10-w7-co_resident_activity-C4,3c245767b5f2c5b0,10-w7,C4,co_resident_activity,development
10-w7-activity_understanding-C4,3c245767b5f2c5b0,10-w7,C4,activity_understanding,development
10-w8-resident_identity-C0,3c245767b5f2c5b0,10-w8,C0,resident_identity,development
10-w8-occupancy_state-C0,3c245767b5f2c5b0,10-w8,C0,occupancy_state,development
10-w8-private_location-C0,3c245767b5f2c5b0,10-w8,C0,private_location,development
10-w8-routine_inference-C0,3c245767b5f2c5b0,10-w8,C0,routine_inference,development
10-w8-co_resident_activity-C0,3c245767b5f2c5b0,10-w8,C0,co_resident_activity,development
10-w8-activity_understanding-C0,3c245767b5f2c5b0,10-w8,C0,activity_understanding,development
10-w8-resident_identity-C1,3c245767b5f2c5b0,10-w8,C1,resident_identity,development
10-w8-occupancy_state-C1,3c245767b5f2c5b0,10-w8,C1,occupancy_state,development
10-w8-private_location-C1,3c245767b5f2c5b0,10-w8,C1,private_location,development
10-w8-routine_inference-C1,3c245767b5f2c5b0,10-w8,C1,routine_inference,development
10-w8-co_resident_activity-C1,3c245767b5f2c5b0,10-w8,C1,co_resident_activity,development
10-w8-activity_understanding-C1,3c245767b5f2c5b0,10-w8,C1,activity_understanding,development
10-w8-resident_identity-C2,3c245767b5f2c5b0,10-w8,C2,resident_identity,development
10-w8-occupancy_state-C2,3c245767b5f2c5b0,10-w8,C2,occupancy_state,development
10-w8-private_location-C2,3c245767b5f2c5b0,10-w8,C2,private_location,development
10-w8-routine_inference-C2,3c245767b5f2c5b0,10-w8,C2,routine_inference,development
10-w8-co_resident_activity-C2,3c245767b5f2c5b0,10-w8,C2,co_resident_activity,development
10-w8-activity_understanding-C2,3c245767b5f2c5b0,10-w8,C2,activity_understanding,development
10-w8-resident_identity-C3,3c245767b5f2c5b0,10-w8,C3,resident_identity,development
10-w8-occupancy_state-C3,3c245767b5f2c5b0,10-w8,C3,occupancy_state,development
10-w8-private_location-C3,3c245767b5f2c5b0,10-w8,C3,private_location,development
10-w8-routine_inference-C3,3c245767b5f2c5b0,10-w8,C3,routine_inference,development
10-w8-co_resident_activity-C3,3c245767b5f2c5b0,10-w8,C3,co_resident_activity,development
10-w8-activity_understanding-C3,3c245767b5f2c5b0,10-w8,C3,activity_understanding,development
10-w8-resident_identity-C4,3c245767b5f2c5b0,10-w8,C4,resident_identity,development
10-w8-occupancy_state-C4,3c245767b5f2c5b0,10-w8,C4,occupancy_state,development
10-w8-private_location-C4,3c245767b5f2c5b0,10-w8,C4,private_location,development
10-w8-routine_inference-C4,3c245767b5f2c5b0,10-w8,C4,routine_inference,development
10-w8-co_resident_activity-C4,3c245767b5f2c5b0,10-w8,C4,co_resident_activity,development
10-w8-activity_understanding-C4,3c245767b5f2c5b0,10-w8,C4,activity_understanding,development
10-w9-resident_identity-C0,3c245767b5f2c5b0,10-w9,C0,resident_identity,development
10-w9-occupancy_state-C0,3c245767b5f2c5b0,10-w9,C0,occupancy_state,development
10-w9-private_location-C0,3c245767b5f2c5b0,10-w9,C0,private_location,development
10-w9-routine_inference-C0,3c245767b5f2c5b0,10-w9,C0,routine_inference,development
10-w9-co_resident_activity-C0,3c245767b5f2c5b0,10-w9,C0,co_resident_activity,development
10-w9-activity_understanding-C0,3c245767b5f2c5b0,10-w9,C0,activity_understanding,development
10-w9-resident_identity-C1,3c245767b5f2c5b0,10-w9,C1,resident_identity,development
10-w9-occupancy_state-C1,3c245767b5f2c5b0,10-w9,C1,occupancy_state,development
10-w9-private_location-C1,3c245767b5f2c5b0,10-w9,C1,private_location,development
10-w9-routine_inference-C1,3c245767b5f2c5b0,10-w9,C1,routine_inference,development
10-w9-co_resident_activity-C1,3c245767b5f2c5b0,10-w9,C1,co_resident_activity,development
10-w9-activity_understanding-C1,3c245767b5f2c5b0,10-w9,C1,activity_understanding,development
10-w9-resident_identity-C2,3c245767b5f2c5b0,10-w9,C2,resident_identity,development
10-w9-occupancy_state-C2,3c245767b5f2c5b0,10-w9,C2,occupancy_state,development
10-w9-private_location-C2,3c245767b5f2c5b0,10-w9,C2,private_location,development
10-w9-routine_inference-C2,3c245767b5f2c5b0,10-w9,C2,routine_inference,development
10-w9-co_resident_activity-C2,3c245767b5f2c5b0,10-w9,C2,co_resident_activity,development
10-w9-activity_understanding-C2,3c245767b5f2c5b0,10-w9,C2,activity_understanding,development
10-w9-resident_identity-C3,3c245767b5f2c5b0,10-w9,C3,resident_identity,development
10-w9-occupancy_state-C3,3c245767b5f2c5b0,10-w9,C3,occupancy_state,development
10-w9-private_location-C3,3c245767b5f2c5b0,10-w9,C3,private_location,development
10-w9-routine_inference-C3,3c245767b5f2c5b0,10-w9,C3,routine_inference,development
10-w9-co_resident_activity-C3,3c245767b5f2c5b0,10-w9,C3,co_resident_activity,development
10-w9-activity_understanding-C3,3c245767b5f2c5b0,10-w9,C3,activity_understanding,development
10-w9-resident_identity-C4,3c245767b5f2c5b0,10-w9,C4,resident_identity,development
10-w9-occupancy_state-C4,3c245767b5f2c5b0,10-w9,C4,occupancy_state,development
10-w9-private_location-C4,3c245767b5f2c5b0,10-w9,C4,private_location,development
10-w9-routine_inference-C4,3c245767b5f2c5b0,10-w9,C4,routine_inference,development
10-w9-co_resident_activity-C4,3c245767b5f2c5b0,10-w9,C4,co_resident_activity,development
10-w9-activity_understanding-C4,3c245767b5f2c5b0,10-w9,C4,activity_understanding,development
10-w10-resident_identity-C0,3c245767b5f2c5b0,10-w10,C0,resident_identity,development
10-w10-occupancy_state-C0,3c245767b5f2c5b0,10-w10,C0,occupancy_state,development
10-w10-private_location-C0,3c245767b5f2c5b0,10-w10,C0,private_location,development
10-w10-routine_inference-C0,3c245767b5f2c5b0,10-w10,C0,routine_inference,development
10-w10-co_resident_activity-C0,3c245767b5f2c5b0,10-w10,C0,co_resident_activity,development
10-w10-activity_understanding-C0,3c245767b5f2c5b0,10-w10,C0,activity_understanding,development
10-w10-resident_identity-C1,3c245767b5f2c5b0,10-w10,C1,resident_identity,development
10-w10-occupancy_state-C1,3c245767b5f2c5b0,10-w10,C1,occupancy_state,development
10-w10-private_location-C1,3c245767b5f2c5b0,10-w10,C1,private_location,development
10-w10-routine_inference-C1,3c245767b5f2c5b0,10-w10,C1,routine_inference,development
10-w10-co_resident_activity-C1,3c245767b5f2c5b0,10-w10,C1,co_resident_activity,development
10-w10-activity_understanding-C1,3c245767b5f2c5b0,10-w10,C1,activity_understanding,development
10-w10-resident_identity-C2,3c245767b5f2c5b0,10-w10,C2,resident_identity,development
10-w10-occupancy_state-C2,3c245767b5f2c5b0,10-w10,C2,occupancy_state,development
10-w10-private_location-C2,3c245767b5f2c5b0,10-w10,C2,private_location,development
10-w10-routine_inference-C2,3c245767b5f2c5b0,10-w10,C2,routine_inference,development
10-w10-co_resident_activity-C2,3c245767b5f2c5b0,10-w10,C2,co_resident_activity,development
10-w10-activity_understanding-C2,3c245767b5f2c5b0,10-w10,C2,activity_understanding,development
10-w10-resident_identity-C3,3c245767b5f2c5b0,10-w10,C3,resident_identity,development
10-w10-occupancy_state-C3,3c245767b5f2c5b0,10-w10,C3,occupancy_state,development
10-w10-private_location-C3,3c245767b5f2c5b0,10-w10,C3,private_location,development
10-w10-routine_inference-C3,3c245767b5f2c5b0,10-w10,C3,routine_inference,development
10-w10-co_resident_activity-C3,3c245767b5f2c5b0,10-w10,C3,co_resident_activity,development
10-w10-activity_understanding-C3,3c245767b5f2c5b0,10-w10,C3,activity_understanding,development
10-w10-resident_identity-C4,3c245767b5f2c5b0,10-w10,C4,resident_identity,development
10-w10-occupancy_state-C4,3c245767b5f2c5b0,10-w10,C4,occupancy_state,development
10-w10-private_location-C4,3c245767b5f2c5b0,10-w10,C4,private_location,development
10-w10-routine_inference-C4,3c245767b5f2c5b0,10-w10,C4,routine_inference,development
10-w10-co_resident_activity-C4,3c245767b5f2c5b0,10-w10,C4,co_resident_activity,development
10-w10-activity_understanding-C4,3c245767b5f2c5b0,10-w10,C4,activity_understanding,development
10-w11-resident_identity-C0,3c245767b5f2c5b0,10-w11,C0,resident_identity,development
10-w11-occupancy_state-C0,3c245767b5f2c5b0,10-w11,C0,occupancy_state,development
10-w11-private_location-C0,3c245767b5f2c5b0,10-w11,C0,private_location,development
10-w11-routine_inference-C0,3c245767b5f2c5b0,10-w11,C0,routine_inference,development
10-w11-co_resident_activity-C0,3c245767b5f2c5b0,10-w11,C0,co_resident_activity,development
10-w11-activity_understanding-C0,3c245767b5f2c5b0,10-w11,C0,activity_understanding,development
10-w11-resident_identity-C1,3c245767b5f2c5b0,10-w11,C1,resident_identity,development
10-w11-occupancy_state-C1,3c245767b5f2c5b0,10-w11,C1,occupancy_state,development
10-w11-private_location-C1,3c245767b5f2c5b0,10-w11,C1,private_location,development
10-w11-routine_inference-C1,3c245767b5f2c5b0,10-w11,C1,routine_inference,development
10-w11-co_resident_activity-C1,3c245767b5f2c5b0,10-w11,C1,co_resident_activity,development
10-w11-activity_understanding-C1,3c245767b5f2c5b0,10-w11,C1,activity_understanding,development
10-w11-resident_identity-C2,3c245767b5f2c5b0,10-w11,C2,resident_identity,development
10-w11-occupancy_state-C2,3c245767b5f2c5b0,10-w11,C2,occupancy_state,development
10-w11-private_location-C2,3c245767b5f2c5b0,10-w11,C2,private_location,development
10-w11-routine_inference-C2,3c245767b5f2c5b0,10-w11,C2,routine_inference,development
10-w11-co_resident_activity-C2,3c245767b5f2c5b0,10-w11,C2,co_resident_activity,development
10-w11-activity_understanding-C2,3c245767b5f2c5b0,10-w11,C2,activity_understanding,development
10-w11-resident_identity-C3,3c245767b5f2c5b0,10-w11,C3,resident_identity,development
10-w11-occupancy_state-C3,3c245767b5f2c5b0,10-w11,C3,occupancy_state,development
10-w11-private_location-C3,3c245767b5f2c5b0,10-w11,C3,private_location,development
10-w11-routine_inference-C3,3c245767b5f2c5b0,10-w11,C3,routine_inference,development
10-w11-co_resident_activity-C3,3c245767b5f2c5b0,10-w11,C3,co_resident_activity,development
10-w11-activity_understanding-C3,3c245767b5f2c5b0,10-w11,C3,activity_understanding,development
10-w11-resident_identity-C4,3c245767b5f2c5b0,10-w11,C4,resident_identity,development
10-w11-occupancy_state-C4,3c245767b5f2c5b0,10-w11,C4,occupancy_state,development
10-w11-private_location-C4,3c245767b5f2c5b0,10-w11,C4,private_location,development
10-w11-routine_inference-C4,3c245767b5f2c5b0,10-w11,C4,routine_inference,development
10-w11-co_resident_activity-C4,3c245767b5f2c5b0,10-w11,C4,co_resident_activity,development
10-w11-activity_understanding-C4,3c245767b5f2c5b0,10-w11,C4,activity_understanding,development
10-w12-resident_identity-C0,3c245767b5f2c5b0,10-w12,C0,resident_identity,development
10-w12-occupancy_state-C0,3c245767b5f2c5b0,10-w12,C0,occupancy_state,development
10-w12-private_location-C0,3c245767b5f2c5b0,10-w12,C0,private_location,development
10-w12-routine_inference-C0,3c245767b5f2c5b0,10-w12,C0,routine_inference,development
10-w12-co_resident_activity-C0,3c245767b5f2c5b0,10-w12,C0,co_resident_activity,development
10-w12-activity_understanding-C0,3c245767b5f2c5b0,10-w12,C0,activity_understanding,development
10-w12-resident_identity-C1,3c245767b5f2c5b0,10-w12,C1,resident_identity,development
10-w12-occupancy_state-C1,3c245767b5f2c5b0,10-w12,C1,occupancy_state,development
10-w12-private_location-C1,3c245767b5f2c5b0,10-w12,C1,private_location,development
10-w12-routine_inference-C1,3c245767b5f2c5b0,10-w12,C1,routine_inference,development
10-w12-co_resident_activity-C1,3c245767b5f2c5b0,10-w12,C1,co_resident_activity,development
10-w12-activity_understanding-C1,3c245767b5f2c5b0,10-w12,C1,activity_understanding,development
10-w12-resident_identity-C2,3c245767b5f2c5b0,10-w12,C2,resident_identity,development
10-w12-occupancy_state-C2,3c245767b5f2c5b0,10-w12,C2,occupancy_state,development
10-w12-private_location-C2,3c245767b5f2c5b0,10-w12,C2,private_location,development
10-w12-routine_inference-C2,3c245767b5f2c5b0,10-w12,C2,routine_inference,development
10-w12-co_resident_activity-C2,3c245767b5f2c5b0,10-w12,C2,co_resident_activity,development
10-w12-activity_understanding-C2,3c245767b5f2c5b0,10-w12,C2,activity_understanding,development
10-w12-resident_identity-C3,3c245767b5f2c5b0,10-w12,C3,resident_identity,development
10-w12-occupancy_state-C3,3c245767b5f2c5b0,10-w12,C3,occupancy_state,development
10-w12-private_location-C3,3c245767b5f2c5b0,10-w12,C3,private_location,development
10-w12-routine_inference-C3,3c245767b5f2c5b0,10-w12,C3,routine_inference,development
10-w12-co_resident_activity-C3,3c245767b5f2c5b0,10-w12,C3,co_resident_activity,development
10-w12-activity_understanding-C3,3c245767b5f2c5b0,10-w12,C3,activity_understanding,development
10-w12-resident_identity-C4,3c245767b5f2c5b0,10-w12,C4,resident_identity,development
10-w12-occupancy_state-C4,3c245767b5f2c5b0,10-w12,C4,occupancy_state,development
10-w12-private_location-C4,3c245767b5f2c5b0,10-w12,C4,private_location,development
10-w12-routine_inference-C4,3c245767b5f2c5b0,10-w12,C4,routine_inference,development
10-w12-co_resident_activity-C4,3c245767b5f2c5b0,10-w12,C4,co_resident_activity,development
10-w12-activity_understanding-C4,3c245767b5f2c5b0,10-w12,C4,activity_understanding,development
11-w0-resident_identity-C0,1b1121641fd283d6,11-w0,C0,resident_identity,development
11-w0-occupancy_state-C0,1b1121641fd283d6,11-w0,C0,occupancy_state,development
11-w0-private_location-C0,1b1121641fd283d6,11-w0,C0,private_location,development
11-w0-routine_inference-C0,1b1121641fd283d6,11-w0,C0,routine_inference,development
11-w0-co_resident_activity-C0,1b1121641fd283d6,11-w0,C0,co_resident_activity,development
11-w0-activity_understanding-C0,1b1121641fd283d6,11-w0,C0,activity_understanding,development
11-w0-resident_identity-C1,1b1121641fd283d6,11-w0,C1,resident_identity,development
11-w0-occupancy_state-C1,1b1121641fd283d6,11-w0,C1,occupancy_state,development
11-w0-private_location-C1,1b1121641fd283d6,11-w0,C1,private_location,development
11-w0-routine_inference-C1,1b1121641fd283d6,11-w0,C1,routine_inference,development
11-w0-co_resident_activity-C1,1b1121641fd283d6,11-w0,C1,co_resident_activity,development
11-w0-activity_understanding-C1,1b1121641fd283d6,11-w0,C1,activity_understanding,development
11-w0-resident_identity-C2,1b1121641fd283d6,11-w0,C2,resident_identity,development
11-w0-occupancy_state-C2,1b1121641fd283d6,11-w0,C2,occupancy_state,development
11-w0-private_location-C2,1b1121641fd283d6,11-w0,C2,private_location,development
11-w0-routine_inference-C2,1b1121641fd283d6,11-w0,C2,routine_inference,development
11-w0-co_resident_activity-C2,1b1121641fd283d6,11-w0,C2,co_resident_activity,development
11-w0-activity_understanding-C2,1b1121641fd283d6,11-w0,C2,activity_understanding,development
11-w0-resident_identity-C3,1b1121641fd283d6,11-w0,C3,resident_identity,development
11-w0-occupancy_state-C3,1b1121641fd283d6,11-w0,C3,occupancy_state,development
11-w0-private_location-C3,1b1121641fd283d6,11-w0,C3,private_location,development
11-w0-routine_inference-C3,1b1121641fd283d6,11-w0,C3,routine_inference,development
11-w0-co_resident_activity-C3,1b1121641fd283d6,11-w0,C3,co_resident_activity,development
11-w0-activity_understanding-C3,1b1121641fd283d6,11-w0,C3,activity_understanding,development
11-w0-resident_identity-C4,1b1121641fd283d6,11-w0,C4,resident_identity,development
11-w0-occupancy_state-C4,1b1121641fd283d6,11-w0,C4,occupancy_state,development
11-w0-private_location-C4,1b1121641fd283d6,11-w0,C4,private_location,development
11-w0-routine_inference-C4,1b1121641fd283d6,11-w0,C4,routine_inference,development
11-w0-co_resident_activity-C4,1b1121641fd283d6,11-w0,C4,co_resident_activity,development
11-w0-activity_understanding-C4,1b1121641fd283d6,11-w0,C4,activity_understanding,development
11-w1-resident_identity-C0,1b1121641fd283d6,11-w1,C0,resident_identity,development
11-w1-occupancy_state-C0,1b1121641fd283d6,11-w1,C0,occupancy_state,development
11-w1-private_location-C0,1b1121641fd283d6,11-w1,C0,private_location,development
11-w1-routine_inference-C0,1b1121641fd283d6,11-w1,C0,routine_inference,development
11-w1-co_resident_activity-C0,1b1121641fd283d6,11-w1,C0,co_resident_activity,development
11-w1-activity_understanding-C0,1b1121641fd283d6,11-w1,C0,activity_understanding,development
11-w1-resident_identity-C1,1b1121641fd283d6,11-w1,C1,resident_identity,development
11-w1-occupancy_state-C1,1b1121641fd283d6,11-w1,C1,occupancy_state,development
11-w1-private_location-C1,1b1121641fd283d6,11-w1,C1,private_location,development
11-w1-routine_inference-C1,1b1121641fd283d6,11-w1,C1,routine_inference,development
11-w1-co_resident_activity-C1,1b1121641fd283d6,11-w1,C1,co_resident_activity,development
11-w1-activity_understanding-C1,1b1121641fd283d6,11-w1,C1,activity_understanding,development
11-w1-resident_identity-C2,1b1121641fd283d6,11-w1,C2,resident_identity,development
11-w1-occupancy_state-C2,1b1121641fd283d6,11-w1,C2,occupancy_state,development
11-w1-private_location-C2,1b1121641fd283d6,11-w1,C2,private_location,development
11-w1-routine_inference-C2,1b1121641fd283d6,11-w1,C2,routine_inference,development
11-w1-co_resident_activity-C2,1b1121641fd283d6,11-w1,C2,co_resident_activity,development
11-w1-activity_understanding-C2,1b1121641fd283d6,11-w1,C2,activity_understanding,development
11-w1-resident_identity-C3,1b1121641fd283d6,11-w1,C3,resident_identity,development
11-w1-occupancy_state-C3,1b1121641fd283d6,11-w1,C3,occupancy_state,development
11-w1-private_location-C3,1b1121641fd283d6,11-w1,C3,private_location,development
11-w1-routine_inference-C3,1b1121641fd283d6,11-w1,C3,routine_inference,development
11-w1-co_resident_activity-C3,1b1121641fd283d6,11-w1,C3,co_resident_activity,development
11-w1-activity_understanding-C3,1b1121641fd283d6,11-w1,C3,activity_understanding,development
11-w1-resident_identity-C4,1b1121641fd283d6,11-w1,C4,resident_identity,development
11-w1-occupancy_state-C4,1b1121641fd283d6,11-w1,C4,occupancy_state,development
11-w1-private_location-C4,1b1121641fd283d6,11-w1,C4,private_location,development
11-w1-routine_inference-C4,1b1121641fd283d6,11-w1,C4,routine_inference,development
11-w1-co_resident_activity-C4,1b1121641fd283d6,11-w1,C4,co_resident_activity,development
11-w1-activity_understanding-C4,1b1121641fd283d6,11-w1,C4,activity_understanding,development
11-w2-resident_identity-C0,1b1121641fd283d6,11-w2,C0,resident_identity,development
11-w2-occupancy_state-C0,1b1121641fd283d6,11-w2,C0,occupancy_state,development
11-w2-private_location-C0,1b1121641fd283d6,11-w2,C0,private_location,development
11-w2-routine_inference-C0,1b1121641fd283d6,11-w2,C0,routine_inference,development
11-w2-co_resident_activity-C0,1b1121641fd283d6,11-w2,C0,co_resident_activity,development
11-w2-activity_understanding-C0,1b1121641fd283d6,11-w2,C0,activity_understanding,development
11-w2-resident_identity-C1,1b1121641fd283d6,11-w2,C1,resident_identity,development
11-w2-occupancy_state-C1,1b1121641fd283d6,11-w2,C1,occupancy_state,development
11-w2-private_location-C1,1b1121641fd283d6,11-w2,C1,private_location,development
11-w2-routine_inference-C1,1b1121641fd283d6,11-w2,C1,routine_inference,development
11-w2-co_resident_activity-C1,1b1121641fd283d6,11-w2,C1,co_resident_activity,development
11-w2-activity_understanding-C1,1b1121641fd283d6,11-w2,C1,activity_understanding,development
11-w2-resident_identity-C2,1b1121641fd283d6,11-w2,C2,resident_identity,development
11-w2-occupancy_state-C2,1b1121641fd283d6,11-w2,C2,occupancy_state,development
11-w2-private_location-C2,1b1121641fd283d6,11-w2,C2,private_location,development
11-w2-routine_inference-C2,1b1121641fd283d6,11-w2,C2,routine_inference,development
11-w2-co_resident_activity-C2,1b1121641fd283d6,11-w2,C2,co_resident_activity,development
11-w2-activity_understanding-C2,1b1121641fd283d6,11-w2,C2,activity_understanding,development
11-w2-resident_identity-C3,1b1121641fd283d6,11-w2,C3,resident_identity,development
11-w2-occupancy_state-C3,1b1121641fd283d6,11-w2,C3,occupancy_state,development
11-w2-private_location-C3,1b1121641fd283d6,11-w2,C3,private_location,development
11-w2-routine_inference-C3,1b1121641fd283d6,11-w2,C3,routine_inference,development
11-w2-co_resident_activity-C3,1b1121641fd283d6,11-w2,C3,co_resident_activity,development
11-w2-activity_understanding-C3,1b1121641fd283d6,11-w2,C3,activity_understanding,development
11-w2-resident_identity-C4,1b1121641fd283d6,11-w2,C4,resident_identity,development
11-w2-occupancy_state-C4,1b1121641fd283d6,11-w2,C4,occupancy_state,development
11-w2-private_location-C4,1b1121641fd283d6,11-w2,C4,private_location,development
11-w2-routine_inference-C4,1b1121641fd283d6,11-w2,C4,routine_inference,development
11-w2-co_resident_activity-C4,1b1121641fd283d6,11-w2,C4,co_resident_activity,development
11-w2-activity_understanding-C4,1b1121641fd283d6,11-w2,C4,activity_understanding,development
11-w3-resident_identity-C0,1b1121641fd283d6,11-w3,C0,resident_identity,development
11-w3-occupancy_state-C0,1b1121641fd283d6,11-w3,C0,occupancy_state,development
11-w3-private_location-C0,1b1121641fd283d6,11-w3,C0,private_location,development
11-w3-routine_inference-C0,1b1121641fd283d6,11-w3,C0,routine_inference,development
11-w3-co_resident_activity-C0,1b1121641fd283d6,11-w3,C0,co_resident_activity,development
11-w3-activity_understanding-C0,1b1121641fd283d6,11-w3,C0,activity_understanding,development
11-w3-resident_identity-C1,1b1121641fd283d6,11-w3,C1,resident_identity,development
11-w3-occupancy_state-C1,1b1121641fd283d6,11-w3,C1,occupancy_state,development
11-w3-private_location-C1,1b1121641fd283d6,11-w3,C1,private_location,development
11-w3-routine_inference-C1,1b1121641fd283d6,11-w3,C1,routine_inference,development
11-w3-co_resident_activity-C1,1b1121641fd283d6,11-w3,C1,co_resident_activity,development
11-w3-activity_understanding-C1,1b1121641fd283d6,11-w3,C1,activity_understanding,development
11-w3-resident_identity-C2,1b1121641fd283d6,11-w3,C2,resident_identity,development
11-w3-occupancy_state-C2,1b1121641fd283d6,11-w3,C2,occupancy_state,development
11-w3-private_location-C2,1b1121641fd283d6,11-w3,C2,private_location,development
11-w3-routine_inference-C2,1b1121641fd283d6,11-w3,C2,routine_inference,development
11-w3-co_resident_activity-C2,1b1121641fd283d6,11-w3,C2,co_resident_activity,development
11-w3-activity_understanding-C2,1b1121641fd283d6,11-w3,C2,activity_understanding,development
11-w3-resident_identity-C3,1b1121641fd283d6,11-w3,C3,resident_identity,development
11-w3-occupancy_state-C3,1b1121641fd283d6,11-w3,C3,occupancy_state,development
11-w3-private_location-C3,1b1121641fd283d6,11-w3,C3,private_location,development
11-w3-routine_inference-C3,1b1121641fd283d6,11-w3,C3,routine_inference,development
11-w3-co_resident_activity-C3,1b1121641fd283d6,11-w3,C3,co_resident_activity,development
11-w3-activity_understanding-C3,1b1121641fd283d6,11-w3,C3,activity_understanding,development
11-w3-resident_identity-C4,1b1121641fd283d6,11-w3,C4,resident_identity,development
11-w3-occupancy_state-C4,1b1121641fd283d6,11-w3,C4,occupancy_state,development
11-w3-private_location-C4,1b1121641fd283d6,11-w3,C4,private_location,development
11-w3-routine_inference-C4,1b1121641fd283d6,11-w3,C4,routine_inference,development
11-w3-co_resident_activity-C4,1b1121641fd283d6,11-w3,C4,co_resident_activity,development
11-w3-activity_understanding-C4,1b1121641fd283d6,11-w3,C4,activity_understanding,development
11-w4-resident_identity-C0,1b1121641fd283d6,11-w4,C0,resident_identity,development
11-w4-occupancy_state-C0,1b1121641fd283d6,11-w4,C0,occupancy_state,development
11-w4-private_location-C0,1b1121641fd283d6,11-w4,C0,private_location,development
11-w4-routine_inference-C0,1b1121641fd283d6,11-w4,C0,routine_inference,development
11-w4-co_resident_activity-C0,1b1121641fd283d6,11-w4,C0,co_resident_activity,development
11-w4-activity_understanding-C0,1b1121641fd283d6,11-w4,C0,activity_understanding,development
11-w4-resident_identity-C1,1b1121641fd283d6,11-w4,C1,resident_identity,development
11-w4-occupancy_state-C1,1b1121641fd283d6,11-w4,C1,occupancy_state,development
11-w4-private_location-C1,1b1121641fd283d6,11-w4,C1,private_location,development
11-w4-routine_inference-C1,1b1121641fd283d6,11-w4,C1,routine_inference,development
11-w4-co_resident_activity-C1,1b1121641fd283d6,11-w4,C1,co_resident_activity,development
11-w4-activity_understanding-C1,1b1121641fd283d6,11-w4,C1,activity_understanding,development
11-w4-resident_identity-C2,1b1121641fd283d6,11-w4,C2,resident_identity,development
11-w4-occupancy_state-C2,1b1121641fd283d6,11-w4,C2,occupancy_state,development
11-w4-private_location-C2,1b1121641fd283d6,11-w4,C2,private_location,development
11-w4-routine_inference-C2,1b1121641fd283d6,11-w4,C2,routine_inference,development
11-w4-co_resident_activity-C2,1b1121641fd283d6,11-w4,C2,co_resident_activity,development
11-w4-activity_understanding-C2,1b1121641fd283d6,11-w4,C2,activity_understanding,development
11-w4-resident_identity-C3,1b1121641fd283d6,11-w4,C3,resident_identity,development
11-w4-occupancy_state-C3,1b1121641fd283d6,11-w4,C3,occupancy_state,development
11-w4-private_location-C3,1b1121641fd283d6,11-w4,C3,private_location,development
11-w4-routine_inference-C3,1b1121641fd283d6,11-w4,C3,routine_inference,development
11-w4-co_resident_activity-C3,1b1121641fd283d6,11-w4,C3,co_resident_activity,development
11-w4-activity_understanding-C3,1b1121641fd283d6,11-w4,C3,activity_understanding,development
11-w4-resident_identity-C4,1b1121641fd283d6,11-w4,C4,resident_identity,development
11-w4-occupancy_state-C4,1b1121641fd283d6,11-w4,C4,occupancy_state,development
11-w4-private_location-C4,1b1121641fd283d6,11-w4,C4,private_location,development
11-w4-routine_inference-C4,1b1121641fd283d6,11-w4,C4,routine_inference,development
11-w4-co_resident_activity-C4,1b1121641fd283d6,11-w4,C4,co_resident_activity,development
11-w4-activity_understanding-C4,1b1121641fd283d6,11-w4,C4,activity_understanding,development
11-w5-resident_identity-C0,1b1121641fd283d6,11-w5,C0,resident_identity,development
11-w5-occupancy_state-C0,1b1121641fd283d6,11-w5,C0,occupancy_state,development
11-w5-private_location-C0,1b1121641fd283d6,11-w5,C0,private_location,development
11-w5-routine_inference-C0,1b1121641fd283d6,11-w5,C0,routine_inference,development
11-w5-co_resident_activity-C0,1b1121641fd283d6,11-w5,C0,co_resident_activity,development
11-w5-activity_understanding-C0,1b1121641fd283d6,11-w5,C0,activity_understanding,development
11-w5-resident_identity-C1,1b1121641fd283d6,11-w5,C1,resident_identity,development
11-w5-occupancy_state-C1,1b1121641fd283d6,11-w5,C1,occupancy_state,development
11-w5-private_location-C1,1b1121641fd283d6,11-w5,C1,private_location,development
11-w5-routine_inference-C1,1b1121641fd283d6,11-w5,C1,routine_inference,development
11-w5-co_resident_activity-C1,1b1121641fd283d6,11-w5,C1,co_resident_activity,development
11-w5-activity_understanding-C1,1b1121641fd283d6,11-w5,C1,activity_understanding,development
11-w5-resident_identity-C2,1b1121641fd283d6,11-w5,C2,resident_identity,development
11-w5-occupancy_state-C2,1b1121641fd283d6,11-w5,C2,occupancy_state,development
11-w5-private_location-C2,1b1121641fd283d6,11-w5,C2,private_location,development
11-w5-routine_inference-C2,1b1121641fd283d6,11-w5,C2,routine_inference,development
11-w5-co_resident_activity-C2,1b1121641fd283d6,11-w5,C2,co_resident_activity,development
11-w5-activity_understanding-C2,1b1121641fd283d6,11-w5,C2,activity_understanding,development
11-w5-resident_identity-C3,1b1121641fd283d6,11-w5,C3,resident_identity,development
11-w5-occupancy_state-C3,1b1121641fd283d6,11-w5,C3,occupancy_state,development
11-w5-private_location-C3,1b1121641fd283d6,11-w5,C3,private_location,development
11-w5-routine_inference-C3,1b1121641fd283d6,11-w5,C3,routine_inference,development
11-w5-co_resident_activity-C3,1b1121641fd283d6,11-w5,C3,co_resident_activity,development
11-w5-activity_understanding-C3,1b1121641fd283d6,11-w5,C3,activity_understanding,development
11-w5-resident_identity-C4,1b1121641fd283d6,11-w5,C4,resident_identity,development
11-w5-occupancy_state-C4,1b1121641fd283d6,11-w5,C4,occupancy_state,development
11-w5-private_location-C4,1b1121641fd283d6,11-w5,C4,private_location,development
11-w5-routine_inference-C4,1b1121641fd283d6,11-w5,C4,routine_inference,development
11-w5-co_resident_activity-C4,1b1121641fd283d6,11-w5,C4,co_resident_activity,development
11-w5-activity_understanding-C4,1b1121641fd283d6,11-w5,C4,activity_understanding,development
11-w6-resident_identity-C0,1b1121641fd283d6,11-w6,C0,resident_identity,development
11-w6-occupancy_state-C0,1b1121641fd283d6,11-w6,C0,occupancy_state,development
11-w6-private_location-C0,1b1121641fd283d6,11-w6,C0,private_location,development
11-w6-routine_inference-C0,1b1121641fd283d6,11-w6,C0,routine_inference,development
11-w6-co_resident_activity-C0,1b1121641fd283d6,11-w6,C0,co_resident_activity,development
11-w6-activity_understanding-C0,1b1121641fd283d6,11-w6,C0,activity_understanding,development
11-w6-resident_identity-C1,1b1121641fd283d6,11-w6,C1,resident_identity,development
11-w6-occupancy_state-C1,1b1121641fd283d6,11-w6,C1,occupancy_state,development
11-w6-private_location-C1,1b1121641fd283d6,11-w6,C1,private_location,development
11-w6-routine_inference-C1,1b1121641fd283d6,11-w6,C1,routine_inference,development
11-w6-co_resident_activity-C1,1b1121641fd283d6,11-w6,C1,co_resident_activity,development
11-w6-activity_understanding-C1,1b1121641fd283d6,11-w6,C1,activity_understanding,development
11-w6-resident_identity-C2,1b1121641fd283d6,11-w6,C2,resident_identity,development
11-w6-occupancy_state-C2,1b1121641fd283d6,11-w6,C2,occupancy_state,development
11-w6-private_location-C2,1b1121641fd283d6,11-w6,C2,private_location,development
11-w6-routine_inference-C2,1b1121641fd283d6,11-w6,C2,routine_inference,development
11-w6-co_resident_activity-C2,1b1121641fd283d6,11-w6,C2,co_resident_activity,development
11-w6-activity_understanding-C2,1b1121641fd283d6,11-w6,C2,activity_understanding,development
11-w6-resident_identity-C3,1b1121641fd283d6,11-w6,C3,resident_identity,development
11-w6-occupancy_state-C3,1b1121641fd283d6,11-w6,C3,occupancy_state,development
11-w6-private_location-C3,1b1121641fd283d6,11-w6,C3,private_location,development
11-w6-routine_inference-C3,1b1121641fd283d6,11-w6,C3,routine_inference,development
11-w6-co_resident_activity-C3,1b1121641fd283d6,11-w6,C3,co_resident_activity,development
11-w6-activity_understanding-C3,1b1121641fd283d6,11-w6,C3,activity_understanding,development
11-w6-resident_identity-C4,1b1121641fd283d6,11-w6,C4,resident_identity,development
11-w6-occupancy_state-C4,1b1121641fd283d6,11-w6,C4,occupancy_state,development
11-w6-private_location-C4,1b1121641fd283d6,11-w6,C4,private_location,development
11-w6-routine_inference-C4,1b1121641fd283d6,11-w6,C4,routine_inference,development
11-w6-co_resident_activity-C4,1b1121641fd283d6,11-w6,C4,co_resident_activity,development
11-w6-activity_understanding-C4,1b1121641fd283d6,11-w6,C4,activity_understanding,development
11-w7-resident_identity-C0,1b1121641fd283d6,11-w7,C0,resident_identity,development
11-w7-occupancy_state-C0,1b1121641fd283d6,11-w7,C0,occupancy_state,development
11-w7-private_location-C0,1b1121641fd283d6,11-w7,C0,private_location,development
11-w7-routine_inference-C0,1b1121641fd283d6,11-w7,C0,routine_inference,development
11-w7-co_resident_activity-C0,1b1121641fd283d6,11-w7,C0,co_resident_activity,development
11-w7-activity_understanding-C0,1b1121641fd283d6,11-w7,C0,activity_understanding,development
11-w7-resident_identity-C1,1b1121641fd283d6,11-w7,C1,resident_identity,development
11-w7-occupancy_state-C1,1b1121641fd283d6,11-w7,C1,occupancy_state,development
11-w7-private_location-C1,1b1121641fd283d6,11-w7,C1,private_location,development
11-w7-routine_inference-C1,1b1121641fd283d6,11-w7,C1,routine_inference,development
11-w7-co_resident_activity-C1,1b1121641fd283d6,11-w7,C1,co_resident_activity,development
11-w7-activity_understanding-C1,1b1121641fd283d6,11-w7,C1,activity_understanding,development
11-w7-resident_identity-C2,1b1121641fd283d6,11-w7,C2,resident_identity,development
11-w7-occupancy_state-C2,1b1121641fd283d6,11-w7,C2,occupancy_state,development
11-w7-private_location-C2,1b1121641fd283d6,11-w7,C2,private_location,development
11-w7-routine_inference-C2,1b1121641fd283d6,11-w7,C2,routine_inference,development
11-w7-co_resident_activity-C2,1b1121641fd283d6,11-w7,C2,co_resident_activity,development
11-w7-activity_understanding-C2,1b1121641fd283d6,11-w7,C2,activity_understanding,development
11-w7-resident_identity-C3,1b1121641fd283d6,11-w7,C3,resident_identity,development
11-w7-occupancy_state-C3,1b1121641fd283d6,11-w7,C3,occupancy_state,development
11-w7-private_location-C3,1b1121641fd283d6,11-w7,C3,private_location,development
11-w7-routine_inference-C3,1b1121641fd283d6,11-w7,C3,routine_inference,development
11-w7-co_resident_activity-C3,1b1121641fd283d6,11-w7,C3,co_resident_activity,development
11-w7-activity_understanding-C3,1b1121641fd283d6,11-w7,C3,activity_understanding,development
11-w7-resident_identity-C4,1b1121641fd283d6,11-w7,C4,resident_identity,development
11-w7-occupancy_state-C4,1b1121641fd283d6,11-w7,C4,occupancy_state,development
11-w7-private_location-C4,1b1121641fd283d6,11-w7,C4,private_location,development
11-w7-routine_inference-C4,1b1121641fd283d6,11-w7,C4,routine_inference,development
11-w7-co_resident_activity-C4,1b1121641fd283d6,11-w7,C4,co_resident_activity,development
11-w7-activity_understanding-C4,1b1121641fd283d6,11-w7,C4,activity_understanding,development
11-w8-resident_identity-C0,1b1121641fd283d6,11-w8,C0,resident_identity,development
11-w8-occupancy_state-C0,1b1121641fd283d6,11-w8,C0,occupancy_state,development
11-w8-private_location-C0,1b1121641fd283d6,11-w8,C0,private_location,development
11-w8-routine_inference-C0,1b1121641fd283d6,11-w8,C0,routine_inference,development
11-w8-co_resident_activity-C0,1b1121641fd283d6,11-w8,C0,co_resident_activity,development
11-w8-activity_understanding-C0,1b1121641fd283d6,11-w8,C0,activity_understanding,development
11-w8-resident_identity-C1,1b1121641fd283d6,11-w8,C1,resident_identity,development
11-w8-occupancy_state-C1,1b1121641fd283d6,11-w8,C1,occupancy_state,development
11-w8-private_location-C1,1b1121641fd283d6,11-w8,C1,private_location,development
11-w8-routine_inference-C1,1b1121641fd283d6,11-w8,C1,routine_inference,development
11-w8-co_resident_activity-C1,1b1121641fd283d6,11-w8,C1,co_resident_activity,development
11-w8-activity_understanding-C1,1b1121641fd283d6,11-w8,C1,activity_understanding,development
11-w8-resident_identity-C2,1b1121641fd283d6,11-w8,C2,resident_identity,development
11-w8-occupancy_state-C2,1b1121641fd283d6,11-w8,C2,occupancy_state,development
11-w8-private_location-C2,1b1121641fd283d6,11-w8,C2,private_location,development
11-w8-routine_inference-C2,1b1121641fd283d6,11-w8,C2,routine_inference,development
11-w8-co_resident_activity-C2,1b1121641fd283d6,11-w8,C2,co_resident_activity,development
11-w8-activity_understanding-C2,1b1121641fd283d6,11-w8,C2,activity_understanding,development
11-w8-resident_identity-C3,1b1121641fd283d6,11-w8,C3,resident_identity,development
11-w8-occupancy_state-C3,1b1121641fd283d6,11-w8,C3,occupancy_state,development
11-w8-private_location-C3,1b1121641fd283d6,11-w8,C3,private_location,development
11-w8-routine_inference-C3,1b1121641fd283d6,11-w8,C3,routine_inference,development
11-w8-co_resident_activity-C3,1b1121641fd283d6,11-w8,C3,co_resident_activity,development
11-w8-activity_understanding-C3,1b1121641fd283d6,11-w8,C3,activity_understanding,development
11-w8-resident_identity-C4,1b1121641fd283d6,11-w8,C4,resident_identity,development
11-w8-occupancy_state-C4,1b1121641fd283d6,11-w8,C4,occupancy_state,development
11-w8-private_location-C4,1b1121641fd283d6,11-w8,C4,private_location,development
11-w8-routine_inference-C4,1b1121641fd283d6,11-w8,C4,routine_inference,development
11-w8-co_resident_activity-C4,1b1121641fd283d6,11-w8,C4,co_resident_activity,development
11-w8-activity_understanding-C4,1b1121641fd283d6,11-w8,C4,activity_understanding,development
13-w0-resident_identity-C0,6aa1234c25d1d8d8,13-w0,C0,resident_identity,development
13-w0-occupancy_state-C0,6aa1234c25d1d8d8,13-w0,C0,occupancy_state,development
13-w0-private_location-C0,6aa1234c25d1d8d8,13-w0,C0,private_location,development
13-w0-routine_inference-C0,6aa1234c25d1d8d8,13-w0,C0,routine_inference,development
13-w0-co_resident_activity-C0,6aa1234c25d1d8d8,13-w0,C0,co_resident_activity,development
13-w0-activity_understanding-C0,6aa1234c25d1d8d8,13-w0,C0,activity_understanding,development
13-w0-resident_identity-C1,6aa1234c25d1d8d8,13-w0,C1,resident_identity,development
13-w0-occupancy_state-C1,6aa1234c25d1d8d8,13-w0,C1,occupancy_state,development
13-w0-private_location-C1,6aa1234c25d1d8d8,13-w0,C1,private_location,development
13-w0-routine_inference-C1,6aa1234c25d1d8d8,13-w0,C1,routine_inference,development
13-w0-co_resident_activity-C1,6aa1234c25d1d8d8,13-w0,C1,co_resident_activity,development
13-w0-activity_understanding-C1,6aa1234c25d1d8d8,13-w0,C1,activity_understanding,development
13-w0-resident_identity-C2,6aa1234c25d1d8d8,13-w0,C2,resident_identity,development
13-w0-occupancy_state-C2,6aa1234c25d1d8d8,13-w0,C2,occupancy_state,development
13-w0-private_location-C2,6aa1234c25d1d8d8,13-w0,C2,private_location,development
13-w0-routine_inference-C2,6aa1234c25d1d8d8,13-w0,C2,routine_inference,development
13-w0-co_resident_activity-C2,6aa1234c25d1d8d8,13-w0,C2,co_resident_activity,development
13-w0-activity_understanding-C2,6aa1234c25d1d8d8,13-w0,C2,activity_understanding,development
13-w0-resident_identity-C3,6aa1234c25d1d8d8,13-w0,C3,resident_identity,development
13-w0-occupancy_state-C3,6aa1234c25d1d8d8,13-w0,C3,occupancy_state,development
13-w0-private_location-C3,6aa1234c25d1d8d8,13-w0,C3,private_location,development
13-w0-routine_inference-C3,6aa1234c25d1d8d8,13-w0,C3,routine_inference,development
13-w0-co_resident_activity-C3,6aa1234c25d1d8d8,13-w0,C3,co_resident_activity,development
13-w0-activity_understanding-C3,6aa1234c25d1d8d8,13-w0,C3,activity_understanding,development
13-w0-resident_identity-C4,6aa1234c25d1d8d8,13-w0,C4,resident_identity,development
13-w0-occupancy_state-C4,6aa1234c25d1d8d8,13-w0,C4,occupancy_state,development
13-w0-private_location-C4,6aa1234c25d1d8d8,13-w0,C4,private_location,development
13-w0-routine_inference-C4,6aa1234c25d1d8d8,13-w0,C4,routine_inference,development
13-w0-co_resident_activity-C4,6aa1234c25d1d8d8,13-w0,C4,co_resident_activity,development
13-w0-activity_understanding-C4,6aa1234c25d1d8d8,13-w0,C4,activity_understanding,development
13-w1-resident_identity-C0,6aa1234c25d1d8d8,13-w1,C0,resident_identity,development
13-w1-occupancy_state-C0,6aa1234c25d1d8d8,13-w1,C0,occupancy_state,development
13-w1-private_location-C0,6aa1234c25d1d8d8,13-w1,C0,private_location,development
13-w1-routine_inference-C0,6aa1234c25d1d8d8,13-w1,C0,routine_inference,development
13-w1-co_resident_activity-C0,6aa1234c25d1d8d8,13-w1,C0,co_resident_activity,development
13-w1-activity_understanding-C0,6aa1234c25d1d8d8,13-w1,C0,activity_understanding,development
13-w1-resident_identity-C1,6aa1234c25d1d8d8,13-w1,C1,resident_identity,development
13-w1-occupancy_state-C1,6aa1234c25d1d8d8,13-w1,C1,occupancy_state,development
13-w1-private_location-C1,6aa1234c25d1d8d8,13-w1,C1,private_location,development
13-w1-routine_inference-C1,6aa1234c25d1d8d8,13-w1,C1,routine_inference,development
13-w1-co_resident_activity-C1,6aa1234c25d1d8d8,13-w1,C1,co_resident_activity,development
13-w1-activity_understanding-C1,6aa1234c25d1d8d8,13-w1,C1,activity_understanding,development
13-w1-resident_identity-C2,6aa1234c25d1d8d8,13-w1,C2,resident_identity,development
13-w1-occupancy_state-C2,6aa1234c25d1d8d8,13-w1,C2,occupancy_state,development
13-w1-private_location-C2,6aa1234c25d1d8d8,13-w1,C2,private_location,development
13-w1-routine_inference-C2,6aa1234c25d1d8d8,13-w1,C2,routine_inference,development
13-w1-co_resident_activity-C2,6aa1234c25d1d8d8,13-w1,C2,co_resident_activity,development
13-w1-activity_understanding-C2,6aa1234c25d1d8d8,13-w1,C2,activity_understanding,development
13-w1-resident_identity-C3,6aa1234c25d1d8d8,13-w1,C3,resident_identity,development
13-w1-occupancy_state-C3,6aa1234c25d1d8d8,13-w1,C3,occupancy_state,development
13-w1-private_location-C3,6aa1234c25d1d8d8,13-w1,C3,private_location,development
13-w1-routine_inference-C3,6aa1234c25d1d8d8,13-w1,C3,routine_inference,development
13-w1-co_resident_activity-C3,6aa1234c25d1d8d8,13-w1,C3,co_resident_activity,development
13-w1-activity_understanding-C3,6aa1234c25d1d8d8,13-w1,C3,activity_understanding,development
13-w1-resident_identity-C4,6aa1234c25d1d8d8,13-w1,C4,resident_identity,development
13-w1-occupancy_state-C4,6aa1234c25d1d8d8,13-w1,C4,occupancy_state,development
13-w1-private_location-C4,6aa1234c25d1d8d8,13-w1,C4,private_location,development
13-w1-routine_inference-C4,6aa1234c25d1d8d8,13-w1,C4,routine_inference,development
13-w1-co_resident_activity-C4,6aa1234c25d1d8d8,13-w1,C4,co_resident_activity,development
13-w1-activity_understanding-C4,6aa1234c25d1d8d8,13-w1,C4,activity_understanding,development
13-w2-resident_identity-C0,6aa1234c25d1d8d8,13-w2,C0,resident_identity,development
13-w2-occupancy_state-C0,6aa1234c25d1d8d8,13-w2,C0,occupancy_state,development
13-w2-private_location-C0,6aa1234c25d1d8d8,13-w2,C0,private_location,development
13-w2-routine_inference-C0,6aa1234c25d1d8d8,13-w2,C0,routine_inference,development
13-w2-co_resident_activity-C0,6aa1234c25d1d8d8,13-w2,C0,co_resident_activity,development
13-w2-activity_understanding-C0,6aa1234c25d1d8d8,13-w2,C0,activity_understanding,development
13-w2-resident_identity-C1,6aa1234c25d1d8d8,13-w2,C1,resident_identity,development
13-w2-occupancy_state-C1,6aa1234c25d1d8d8,13-w2,C1,occupancy_state,development
13-w2-private_location-C1,6aa1234c25d1d8d8,13-w2,C1,private_location,development
13-w2-routine_inference-C1,6aa1234c25d1d8d8,13-w2,C1,routine_inference,development
13-w2-co_resident_activity-C1,6aa1234c25d1d8d8,13-w2,C1,co_resident_activity,development
13-w2-activity_understanding-C1,6aa1234c25d1d8d8,13-w2,C1,activity_understanding,development
13-w2-resident_identity-C2,6aa1234c25d1d8d8,13-w2,C2,resident_identity,development
13-w2-occupancy_state-C2,6aa1234c25d1d8d8,13-w2,C2,occupancy_state,development
13-w2-private_location-C2,6aa1234c25d1d8d8,13-w2,C2,private_location,development
13-w2-routine_inference-C2,6aa1234c25d1d8d8,13-w2,C2,routine_inference,development
13-w2-co_resident_activity-C2,6aa1234c25d1d8d8,13-w2,C2,co_resident_activity,development
13-w2-activity_understanding-C2,6aa1234c25d1d8d8,13-w2,C2,activity_understanding,development
13-w2-resident_identity-C3,6aa1234c25d1d8d8,13-w2,C3,resident_identity,development
13-w2-occupancy_state-C3,6aa1234c25d1d8d8,13-w2,C3,occupancy_state,development
13-w2-private_location-C3,6aa1234c25d1d8d8,13-w2,C3,private_location,development
13-w2-routine_inference-C3,6aa1234c25d1d8d8,13-w2,C3,routine_inference,development
13-w2-co_resident_activity-C3,6aa1234c25d1d8d8,13-w2,C3,co_resident_activity,development
13-w2-activity_understanding-C3,6aa1234c25d1d8d8,13-w2,C3,activity_understanding,development
13-w2-resident_identity-C4,6aa1234c25d1d8d8,13-w2,C4,resident_identity,development
13-w2-occupancy_state-C4,6aa1234c25d1d8d8,13-w2,C4,occupancy_state,development
13-w2-private_location-C4,6aa1234c25d1d8d8,13-w2,C4,private_location,development
13-w2-routine_inference-C4,6aa1234c25d1d8d8,13-w2,C4,routine_inference,development
13-w2-co_resident_activity-C4,6aa1234c25d1d8d8,13-w2,C4,co_resident_activity,development
13-w2-activity_understanding-C4,6aa1234c25d1d8d8,13-w2,C4,activity_understanding,development
13-w3-resident_identity-C0,6aa1234c25d1d8d8,13-w3,C0,resident_identity,development
13-w3-occupancy_state-C0,6aa1234c25d1d8d8,13-w3,C0,occupancy_state,development
13-w3-private_location-C0,6aa1234c25d1d8d8,13-w3,C0,private_location,development
13-w3-routine_inference-C0,6aa1234c25d1d8d8,13-w3,C0,routine_inference,development
13-w3-co_resident_activity-C0,6aa1234c25d1d8d8,13-w3,C0,co_resident_activity,development
13-w3-activity_understanding-C0,6aa1234c25d1d8d8,13-w3,C0,activity_understanding,development
13-w3-resident_identity-C1,6aa1234c25d1d8d8,13-w3,C1,resident_identity,development
13-w3-occupancy_state-C1,6aa1234c25d1d8d8,13-w3,C1,occupancy_state,development
13-w3-private_location-C1,6aa1234c25d1d8d8,13-w3,C1,private_location,development
13-w3-routine_inference-C1,6aa1234c25d1d8d8,13-w3,C1,routine_inference,development
13-w3-co_resident_activity-C1,6aa1234c25d1d8d8,13-w3,C1,co_resident_activity,development
13-w3-activity_understanding-C1,6aa1234c25d1d8d8,13-w3,C1,activity_understanding,development
13-w3-resident_identity-C2,6aa1234c25d1d8d8,13-w3,C2,resident_identity,development
13-w3-occupancy_state-C2,6aa1234c25d1d8d8,13-w3,C2,occupancy_state,development
13-w3-private_location-C2,6aa1234c25d1d8d8,13-w3,C2,private_location,development
13-w3-routine_inference-C2,6aa1234c25d1d8d8,13-w3,C2,routine_inference,development
13-w3-co_resident_activity-C2,6aa1234c25d1d8d8,13-w3,C2,co_resident_activity,development
13-w3-activity_understanding-C2,6aa1234c25d1d8d8,13-w3,C2,activity_understanding,development
13-w3-resident_identity-C3,6aa1234c25d1d8d8,13-w3,C3,resident_identity,development
13-w3-occupancy_state-C3,6aa1234c25d1d8d8,13-w3,C3,occupancy_state,development
13-w3-private_location-C3,6aa1234c25d1d8d8,13-w3,C3,private_location,development
13-w3-routine_inference-C3,6aa1234c25d1d8d8,13-w3,C3,routine_inference,development
13-w3-co_resident_activity-C3,6aa1234c25d1d8d8,13-w3,C3,co_resident_activity,development
13-w3-activity_understanding-C3,6aa1234c25d1d8d8,13-w3,C3,activity_understanding,development
13-w3-resident_identity-C4,6aa1234c25d1d8d8,13-w3,C4,resident_identity,development
13-w3-occupancy_state-C4,6aa1234c25d1d8d8,13-w3,C4,occupancy_state,development
13-w3-private_location-C4,6aa1234c25d1d8d8,13-w3,C4,private_location,development
13-w3-routine_inference-C4,6aa1234c25d1d8d8,13-w3,C4,routine_inference,development
13-w3-co_resident_activity-C4,6aa1234c25d1d8d8,13-w3,C4,co_resident_activity,development
13-w3-activity_understanding-C4,6aa1234c25d1d8d8,13-w3,C4,activity_understanding,development
13-w4-resident_identity-C0,6aa1234c25d1d8d8,13-w4,C0,resident_identity,development
13-w4-occupancy_state-C0,6aa1234c25d1d8d8,13-w4,C0,occupancy_state,development
13-w4-private_location-C0,6aa1234c25d1d8d8,13-w4,C0,private_location,development
13-w4-routine_inference-C0,6aa1234c25d1d8d8,13-w4,C0,routine_inference,development
13-w4-co_resident_activity-C0,6aa1234c25d1d8d8,13-w4,C0,co_resident_activity,development
13-w4-activity_understanding-C0,6aa1234c25d1d8d8,13-w4,C0,activity_understanding,development
13-w4-resident_identity-C1,6aa1234c25d1d8d8,13-w4,C1,resident_identity,development
13-w4-occupancy_state-C1,6aa1234c25d1d8d8,13-w4,C1,occupancy_state,development
13-w4-private_location-C1,6aa1234c25d1d8d8,13-w4,C1,private_location,development
13-w4-routine_inference-C1,6aa1234c25d1d8d8,13-w4,C1,routine_inference,development
13-w4-co_resident_activity-C1,6aa1234c25d1d8d8,13-w4,C1,co_resident_activity,development
13-w4-activity_understanding-C1,6aa1234c25d1d8d8,13-w4,C1,activity_understanding,development
13-w4-resident_identity-C2,6aa1234c25d1d8d8,13-w4,C2,resident_identity,development
13-w4-occupancy_state-C2,6aa1234c25d1d8d8,13-w4,C2,occupancy_state,development
13-w4-private_location-C2,6aa1234c25d1d8d8,13-w4,C2,private_location,development
13-w4-routine_inference-C2,6aa1234c25d1d8d8,13-w4,C2,routine_inference,development
13-w4-co_resident_activity-C2,6aa1234c25d1d8d8,13-w4,C2,co_resident_activity,development
13-w4-activity_understanding-C2,6aa1234c25d1d8d8,13-w4,C2,activity_understanding,development
13-w4-resident_identity-C3,6aa1234c25d1d8d8,13-w4,C3,resident_identity,development
13-w4-occupancy_state-C3,6aa1234c25d1d8d8,13-w4,C3,occupancy_state,development
13-w4-private_location-C3,6aa1234c25d1d8d8,13-w4,C3,private_location,development
13-w4-routine_inference-C3,6aa1234c25d1d8d8,13-w4,C3,routine_inference,development
13-w4-co_resident_activity-C3,6aa1234c25d1d8d8,13-w4,C3,co_resident_activity,development
13-w4-activity_understanding-C3,6aa1234c25d1d8d8,13-w4,C3,activity_understanding,development
13-w4-resident_identity-C4,6aa1234c25d1d8d8,13-w4,C4,resident_identity,development
13-w4-occupancy_state-C4,6aa1234c25d1d8d8,13-w4,C4,occupancy_state,development
13-w4-private_location-C4,6aa1234c25d1d8d8,13-w4,C4,private_location,development
13-w4-routine_inference-C4,6aa1234c25d1d8d8,13-w4,C4,routine_inference,development
13-w4-co_resident_activity-C4,6aa1234c25d1d8d8,13-w4,C4,co_resident_activity,development
13-w4-activity_understanding-C4,6aa1234c25d1d8d8,13-w4,C4,activity_understanding,development
13-w5-resident_identity-C0,6aa1234c25d1d8d8,13-w5,C0,resident_identity,development
13-w5-occupancy_state-C0,6aa1234c25d1d8d8,13-w5,C0,occupancy_state,development
13-w5-private_location-C0,6aa1234c25d1d8d8,13-w5,C0,private_location,development
13-w5-routine_inference-C0,6aa1234c25d1d8d8,13-w5,C0,routine_inference,development
13-w5-co_resident_activity-C0,6aa1234c25d1d8d8,13-w5,C0,co_resident_activity,development
13-w5-activity_understanding-C0,6aa1234c25d1d8d8,13-w5,C0,activity_understanding,development
13-w5-resident_identity-C1,6aa1234c25d1d8d8,13-w5,C1,resident_identity,development
13-w5-occupancy_state-C1,6aa1234c25d1d8d8,13-w5,C1,occupancy_state,development
13-w5-private_location-C1,6aa1234c25d1d8d8,13-w5,C1,private_location,development
13-w5-routine_inference-C1,6aa1234c25d1d8d8,13-w5,C1,routine_inference,development
13-w5-co_resident_activity-C1,6aa1234c25d1d8d8,13-w5,C1,co_resident_activity,development
13-w5-activity_understanding-C1,6aa1234c25d1d8d8,13-w5,C1,activity_understanding,development
13-w5-resident_identity-C2,6aa1234c25d1d8d8,13-w5,C2,resident_identity,development
13-w5-occupancy_state-C2,6aa1234c25d1d8d8,13-w5,C2,occupancy_state,development
13-w5-private_location-C2,6aa1234c25d1d8d8,13-w5,C2,private_location,development
13-w5-routine_inference-C2,6aa1234c25d1d8d8,13-w5,C2,routine_inference,development
13-w5-co_resident_activity-C2,6aa1234c25d1d8d8,13-w5,C2,co_resident_activity,development
13-w5-activity_understanding-C2,6aa1234c25d1d8d8,13-w5,C2,activity_understanding,development
13-w5-resident_identity-C3,6aa1234c25d1d8d8,13-w5,C3,resident_identity,development
13-w5-occupancy_state-C3,6aa1234c25d1d8d8,13-w5,C3,occupancy_state,development
13-w5-private_location-C3,6aa1234c25d1d8d8,13-w5,C3,private_location,development
13-w5-routine_inference-C3,6aa1234c25d1d8d8,13-w5,C3,routine_inference,development
13-w5-co_resident_activity-C3,6aa1234c25d1d8d8,13-w5,C3,co_resident_activity,development
13-w5-activity_understanding-C3,6aa1234c25d1d8d8,13-w5,C3,activity_understanding,development
13-w5-resident_identity-C4,6aa1234c25d1d8d8,13-w5,C4,resident_identity,development
13-w5-occupancy_state-C4,6aa1234c25d1d8d8,13-w5,C4,occupancy_state,development
13-w5-private_location-C4,6aa1234c25d1d8d8,13-w5,C4,private_location,development
13-w5-routine_inference-C4,6aa1234c25d1d8d8,13-w5,C4,routine_inference,development
13-w5-co_resident_activity-C4,6aa1234c25d1d8d8,13-w5,C4,co_resident_activity,development
13-w5-activity_understanding-C4,6aa1234c25d1d8d8,13-w5,C4,activity_understanding,development
13-w6-resident_identity-C0,6aa1234c25d1d8d8,13-w6,C0,resident_identity,development
13-w6-occupancy_state-C0,6aa1234c25d1d8d8,13-w6,C0,occupancy_state,development
13-w6-private_location-C0,6aa1234c25d1d8d8,13-w6,C0,private_location,development
13-w6-routine_inference-C0,6aa1234c25d1d8d8,13-w6,C0,routine_inference,development
13-w6-co_resident_activity-C0,6aa1234c25d1d8d8,13-w6,C0,co_resident_activity,development
13-w6-activity_understanding-C0,6aa1234c25d1d8d8,13-w6,C0,activity_understanding,development
13-w6-resident_identity-C1,6aa1234c25d1d8d8,13-w6,C1,resident_identity,development
13-w6-occupancy_state-C1,6aa1234c25d1d8d8,13-w6,C1,occupancy_state,development
13-w6-private_location-C1,6aa1234c25d1d8d8,13-w6,C1,private_location,development
13-w6-routine_inference-C1,6aa1234c25d1d8d8,13-w6,C1,routine_inference,development
13-w6-co_resident_activity-C1,6aa1234c25d1d8d8,13-w6,C1,co_resident_activity,development
13-w6-activity_understanding-C1,6aa1234c25d1d8d8,13-w6,C1,activity_understanding,development
13-w6-resident_identity-C2,6aa1234c25d1d8d8,13-w6,C2,resident_identity,development
13-w6-occupancy_state-C2,6aa1234c25d1d8d8,13-w6,C2,occupancy_state,development
13-w6-private_location-C2,6aa1234c25d1d8d8,13-w6,C2,private_location,development
13-w6-routine_inference-C2,6aa1234c25d1d8d8,13-w6,C2,routine_inference,development
13-w6-co_resident_activity-C2,6aa1234c25d1d8d8,13-w6,C2,co_resident_activity,development
13-w6-activity_understanding-C2,6aa1234c25d1d8d8,13-w6,C2,activity_understanding,development
13-w6-resident_identity-C3,6aa1234c25d1d8d8,13-w6,C3,resident_identity,development
13-w6-occupancy_state-C3,6aa1234c25d1d8d8,13-w6,C3,occupancy_state,development
13-w6-private_location-C3,6aa1234c25d1d8d8,13-w6,C3,private_location,development
13-w6-routine_inference-C3,6aa1234c25d1d8d8,13-w6,C3,routine_inference,development
13-w6-co_resident_activity-C3,6aa1234c25d1d8d8,13-w6,C3,co_resident_activity,development
13-w6-activity_understanding-C3,6aa1234c25d1d8d8,13-w6,C3,activity_understanding,development
13-w6-resident_identity-C4,6aa1234c25d1d8d8,13-w6,C4,resident_identity,development
13-w6-occupancy_state-C4,6aa1234c25d1d8d8,13-w6,C4,occupancy_state,development
13-w6-private_location-C4,6aa1234c25d1d8d8,13-w6,C4,private_location,development
13-w6-routine_inference-C4,6aa1234c25d1d8d8,13-w6,C4,routine_inference,development
13-w6-co_resident_activity-C4,6aa1234c25d1d8d8,13-w6,C4,co_resident_activity,development
13-w6-activity_understanding-C4,6aa1234c25d1d8d8,13-w6,C4,activity_understanding,development
13-w7-resident_identity-C0,6aa1234c25d1d8d8,13-w7,C0,resident_identity,development
13-w7-occupancy_state-C0,6aa1234c25d1d8d8,13-w7,C0,occupancy_state,development
13-w7-private_location-C0,6aa1234c25d1d8d8,13-w7,C0,private_location,development
13-w7-routine_inference-C0,6aa1234c25d1d8d8,13-w7,C0,routine_inference,development
13-w7-co_resident_activity-C0,6aa1234c25d1d8d8,13-w7,C0,co_resident_activity,development
13-w7-activity_understanding-C0,6aa1234c25d1d8d8,13-w7,C0,activity_understanding,development
13-w7-resident_identity-C1,6aa1234c25d1d8d8,13-w7,C1,resident_identity,development
13-w7-occupancy_state-C1,6aa1234c25d1d8d8,13-w7,C1,occupancy_state,development
13-w7-private_location-C1,6aa1234c25d1d8d8,13-w7,C1,private_location,development
13-w7-routine_inference-C1,6aa1234c25d1d8d8,13-w7,C1,routine_inference,development
13-w7-co_resident_activity-C1,6aa1234c25d1d8d8,13-w7,C1,co_resident_activity,development
13-w7-activity_understanding-C1,6aa1234c25d1d8d8,13-w7,C1,activity_understanding,development
13-w7-resident_identity-C2,6aa1234c25d1d8d8,13-w7,C2,resident_identity,development
13-w7-occupancy_state-C2,6aa1234c25d1d8d8,13-w7,C2,occupancy_state,development
13-w7-private_location-C2,6aa1234c25d1d8d8,13-w7,C2,private_location,development
13-w7-routine_inference-C2,6aa1234c25d1d8d8,13-w7,C2,routine_inference,development
13-w7-co_resident_activity-C2,6aa1234c25d1d8d8,13-w7,C2,co_resident_activity,development
13-w7-activity_understanding-C2,6aa1234c25d1d8d8,13-w7,C2,activity_understanding,development
13-w7-resident_identity-C3,6aa1234c25d1d8d8,13-w7,C3,resident_identity,development
13-w7-occupancy_state-C3,6aa1234c25d1d8d8,13-w7,C3,occupancy_state,development
13-w7-private_location-C3,6aa1234c25d1d8d8,13-w7,C3,private_location,development
13-w7-routine_inference-C3,6aa1234c25d1d8d8,13-w7,C3,routine_inference,development
13-w7-co_resident_activity-C3,6aa1234c25d1d8d8,13-w7,C3,co_resident_activity,development
13-w7-activity_understanding-C3,6aa1234c25d1d8d8,13-w7,C3,activity_understanding,development
13-w7-resident_identity-C4,6aa1234c25d1d8d8,13-w7,C4,resident_identity,development
13-w7-occupancy_state-C4,6aa1234c25d1d8d8,13-w7,C4,occupancy_state,development
13-w7-private_location-C4,6aa1234c25d1d8d8,13-w7,C4,private_location,development
13-w7-routine_inference-C4,6aa1234c25d1d8d8,13-w7,C4,routine_inference,development
13-w7-co_resident_activity-C4,6aa1234c25d1d8d8,13-w7,C4,co_resident_activity,development
13-w7-activity_understanding-C4,6aa1234c25d1d8d8,13-w7,C4,activity_understanding,development
13-w8-resident_identity-C0,6aa1234c25d1d8d8,13-w8,C0,resident_identity,development
13-w8-occupancy_state-C0,6aa1234c25d1d8d8,13-w8,C0,occupancy_state,development
13-w8-private_location-C0,6aa1234c25d1d8d8,13-w8,C0,private_location,development
13-w8-routine_inference-C0,6aa1234c25d1d8d8,13-w8,C0,routine_inference,development
13-w8-co_resident_activity-C0,6aa1234c25d1d8d8,13-w8,C0,co_resident_activity,development
13-w8-activity_understanding-C0,6aa1234c25d1d8d8,13-w8,C0,activity_understanding,development
13-w8-resident_identity-C1,6aa1234c25d1d8d8,13-w8,C1,resident_identity,development
13-w8-occupancy_state-C1,6aa1234c25d1d8d8,13-w8,C1,occupancy_state,development
13-w8-private_location-C1,6aa1234c25d1d8d8,13-w8,C1,private_location,development
13-w8-routine_inference-C1,6aa1234c25d1d8d8,13-w8,C1,routine_inference,development
13-w8-co_resident_activity-C1,6aa1234c25d1d8d8,13-w8,C1,co_resident_activity,development
13-w8-activity_understanding-C1,6aa1234c25d1d8d8,13-w8,C1,activity_understanding,development
13-w8-resident_identity-C2,6aa1234c25d1d8d8,13-w8,C2,resident_identity,development
13-w8-occupancy_state-C2,6aa1234c25d1d8d8,13-w8,C2,occupancy_state,development
13-w8-private_location-C2,6aa1234c25d1d8d8,13-w8,C2,private_location,development
13-w8-routine_inference-C2,6aa1234c25d1d8d8,13-w8,C2,routine_inference,development
13-w8-co_resident_activity-C2,6aa1234c25d1d8d8,13-w8,C2,co_resident_activity,development
13-w8-activity_understanding-C2,6aa1234c25d1d8d8,13-w8,C2,activity_understanding,development
13-w8-resident_identity-C3,6aa1234c25d1d8d8,13-w8,C3,resident_identity,development
13-w8-occupancy_state-C3,6aa1234c25d1d8d8,13-w8,C3,occupancy_state,development
13-w8-private_location-C3,6aa1234c25d1d8d8,13-w8,C3,private_location,development
13-w8-routine_inference-C3,6aa1234c25d1d8d8,13-w8,C3,routine_inference,development
13-w8-co_resident_activity-C3,6aa1234c25d1d8d8,13-w8,C3,co_resident_activity,development
13-w8-activity_understanding-C3,6aa1234c25d1d8d8,13-w8,C3,activity_understanding,development
13-w8-resident_identity-C4,6aa1234c25d1d8d8,13-w8,C4,resident_identity,development
13-w8-occupancy_state-C4,6aa1234c25d1d8d8,13-w8,C4,occupancy_state,development
13-w8-private_location-C4,6aa1234c25d1d8d8,13-w8,C4,private_location,development
13-w8-routine_inference-C4,6aa1234c25d1d8d8,13-w8,C4,routine_inference,development
13-w8-co_resident_activity-C4,6aa1234c25d1d8d8,13-w8,C4,co_resident_activity,development
13-w8-activity_understanding-C4,6aa1234c25d1d8d8,13-w8,C4,activity_understanding,development
13-w9-resident_identity-C0,6aa1234c25d1d8d8,13-w9,C0,resident_identity,development
13-w9-occupancy_state-C0,6aa1234c25d1d8d8,13-w9,C0,occupancy_state,development
13-w9-private_location-C0,6aa1234c25d1d8d8,13-w9,C0,private_location,development
13-w9-routine_inference-C0,6aa1234c25d1d8d8,13-w9,C0,routine_inference,development
13-w9-co_resident_activity-C0,6aa1234c25d1d8d8,13-w9,C0,co_resident_activity,development
13-w9-activity_understanding-C0,6aa1234c25d1d8d8,13-w9,C0,activity_understanding,development
13-w9-resident_identity-C1,6aa1234c25d1d8d8,13-w9,C1,resident_identity,development
13-w9-occupancy_state-C1,6aa1234c25d1d8d8,13-w9,C1,occupancy_state,development
13-w9-private_location-C1,6aa1234c25d1d8d8,13-w9,C1,private_location,development
13-w9-routine_inference-C1,6aa1234c25d1d8d8,13-w9,C1,routine_inference,development
13-w9-co_resident_activity-C1,6aa1234c25d1d8d8,13-w9,C1,co_resident_activity,development
13-w9-activity_understanding-C1,6aa1234c25d1d8d8,13-w9,C1,activity_understanding,development
13-w9-resident_identity-C2,6aa1234c25d1d8d8,13-w9,C2,resident_identity,development
13-w9-occupancy_state-C2,6aa1234c25d1d8d8,13-w9,C2,occupancy_state,development
13-w9-private_location-C2,6aa1234c25d1d8d8,13-w9,C2,private_location,development
13-w9-routine_inference-C2,6aa1234c25d1d8d8,13-w9,C2,routine_inference,development
13-w9-co_resident_activity-C2,6aa1234c25d1d8d8,13-w9,C2,co_resident_activity,development
13-w9-activity_understanding-C2,6aa1234c25d1d8d8,13-w9,C2,activity_understanding,development
13-w9-resident_identity-C3,6aa1234c25d1d8d8,13-w9,C3,resident_identity,development
13-w9-occupancy_state-C3,6aa1234c25d1d8d8,13-w9,C3,occupancy_state,development
13-w9-private_location-C3,6aa1234c25d1d8d8,13-w9,C3,private_location,development
13-w9-routine_inference-C3,6aa1234c25d1d8d8,13-w9,C3,routine_inference,development
13-w9-co_resident_activity-C3,6aa1234c25d1d8d8,13-w9,C3,co_resident_activity,development
13-w9-activity_understanding-C3,6aa1234c25d1d8d8,13-w9,C3,activity_understanding,development
13-w9-resident_identity-C4,6aa1234c25d1d8d8,13-w9,C4,resident_identity,development
13-w9-occupancy_state-C4,6aa1234c25d1d8d8,13-w9,C4,occupancy_state,development
13-w9-private_location-C4,6aa1234c25d1d8d8,13-w9,C4,private_location,development
13-w9-routine_inference-C4,6aa1234c25d1d8d8,13-w9,C4,routine_inference,development
13-w9-co_resident_activity-C4,6aa1234c25d1d8d8,13-w9,C4,co_resident_activity,development
13-w9-activity_understanding-C4,6aa1234c25d1d8d8,13-w9,C4,activity_understanding,development
13-w10-resident_identity-C0,6aa1234c25d1d8d8,13-w10,C0,resident_identity,development
13-w10-occupancy_state-C0,6aa1234c25d1d8d8,13-w10,C0,occupancy_state,development
13-w10-private_location-C0,6aa1234c25d1d8d8,13-w10,C0,private_location,development
13-w10-routine_inference-C0,6aa1234c25d1d8d8,13-w10,C0,routine_inference,development
13-w10-co_resident_activity-C0,6aa1234c25d1d8d8,13-w10,C0,co_resident_activity,development
13-w10-activity_understanding-C0,6aa1234c25d1d8d8,13-w10,C0,activity_understanding,development
13-w10-resident_identity-C1,6aa1234c25d1d8d8,13-w10,C1,resident_identity,development
13-w10-occupancy_state-C1,6aa1234c25d1d8d8,13-w10,C1,occupancy_state,development
13-w10-private_location-C1,6aa1234c25d1d8d8,13-w10,C1,private_location,development
13-w10-routine_inference-C1,6aa1234c25d1d8d8,13-w10,C1,routine_inference,development
13-w10-co_resident_activity-C1,6aa1234c25d1d8d8,13-w10,C1,co_resident_activity,development
13-w10-activity_understanding-C1,6aa1234c25d1d8d8,13-w10,C1,activity_understanding,development
13-w10-resident_identity-C2,6aa1234c25d1d8d8,13-w10,C2,resident_identity,development
13-w10-occupancy_state-C2,6aa1234c25d1d8d8,13-w10,C2,occupancy_state,development
13-w10-private_location-C2,6aa1234c25d1d8d8,13-w10,C2,private_location,development
13-w10-routine_inference-C2,6aa1234c25d1d8d8,13-w10,C2,routine_inference,development
13-w10-co_resident_activity-C2,6aa1234c25d1d8d8,13-w10,C2,co_resident_activity,development
13-w10-activity_understanding-C2,6aa1234c25d1d8d8,13-w10,C2,activity_understanding,development
13-w10-resident_identity-C3,6aa1234c25d1d8d8,13-w10,C3,resident_identity,development
13-w10-occupancy_state-C3,6aa1234c25d1d8d8,13-w10,C3,occupancy_state,development
13-w10-private_location-C3,6aa1234c25d1d8d8,13-w10,C3,private_location,development
13-w10-routine_inference-C3,6aa1234c25d1d8d8,13-w10,C3,routine_inference,development
13-w10-co_resident_activity-C3,6aa1234c25d1d8d8,13-w10,C3,co_resident_activity,development
13-w10-activity_understanding-C3,6aa1234c25d1d8d8,13-w10,C3,activity_understanding,development
13-w10-resident_identity-C4,6aa1234c25d1d8d8,13-w10,C4,resident_identity,development
13-w10-occupancy_state-C4,6aa1234c25d1d8d8,13-w10,C4,occupancy_state,development
13-w10-private_location-C4,6aa1234c25d1d8d8,13-w10,C4,private_location,development
13-w10-routine_inference-C4,6aa1234c25d1d8d8,13-w10,C4,routine_inference,development
13-w10-co_resident_activity-C4,6aa1234c25d1d8d8,13-w10,C4,co_resident_activity,development
13-w10-activity_understanding-C4,6aa1234c25d1d8d8,13-w10,C4,activity_understanding,development
13-w11-resident_identity-C0,6aa1234c25d1d8d8,13-w11,C0,resident_identity,development
13-w11-occupancy_state-C0,6aa1234c25d1d8d8,13-w11,C0,occupancy_state,development
13-w11-private_location-C0,6aa1234c25d1d8d8,13-w11,C0,private_location,development
13-w11-routine_inference-C0,6aa1234c25d1d8d8,13-w11,C0,routine_inference,development
13-w11-co_resident_activity-C0,6aa1234c25d1d8d8,13-w11,C0,co_resident_activity,development
13-w11-activity_understanding-C0,6aa1234c25d1d8d8,13-w11,C0,activity_understanding,development
13-w11-resident_identity-C1,6aa1234c25d1d8d8,13-w11,C1,resident_identity,development
13-w11-occupancy_state-C1,6aa1234c25d1d8d8,13-w11,C1,occupancy_state,development
13-w11-private_location-C1,6aa1234c25d1d8d8,13-w11,C1,private_location,development
13-w11-routine_inference-C1,6aa1234c25d1d8d8,13-w11,C1,routine_inference,development
13-w11-co_resident_activity-C1,6aa1234c25d1d8d8,13-w11,C1,co_resident_activity,development
13-w11-activity_understanding-C1,6aa1234c25d1d8d8,13-w11,C1,activity_understanding,development
13-w11-resident_identity-C2,6aa1234c25d1d8d8,13-w11,C2,resident_identity,development
13-w11-occupancy_state-C2,6aa1234c25d1d8d8,13-w11,C2,occupancy_state,development
13-w11-private_location-C2,6aa1234c25d1d8d8,13-w11,C2,private_location,development
13-w11-routine_inference-C2,6aa1234c25d1d8d8,13-w11,C2,routine_inference,development
13-w11-co_resident_activity-C2,6aa1234c25d1d8d8,13-w11,C2,co_resident_activity,development
13-w11-activity_understanding-C2,6aa1234c25d1d8d8,13-w11,C2,activity_understanding,development
13-w11-resident_identity-C3,6aa1234c25d1d8d8,13-w11,C3,resident_identity,development
13-w11-occupancy_state-C3,6aa1234c25d1d8d8,13-w11,C3,occupancy_state,development
13-w11-private_location-C3,6aa1234c25d1d8d8,13-w11,C3,private_location,development
13-w11-routine_inference-C3,6aa1234c25d1d8d8,13-w11,C3,routine_inference,development
13-w11-co_resident_activity-C3,6aa1234c25d1d8d8,13-w11,C3,co_resident_activity,development
13-w11-activity_understanding-C3,6aa1234c25d1d8d8,13-w11,C3,activity_understanding,development
13-w11-resident_identity-C4,6aa1234c25d1d8d8,13-w11,C4,resident_identity,development
13-w11-occupancy_state-C4,6aa1234c25d1d8d8,13-w11,C4,occupancy_state,development
13-w11-private_location-C4,6aa1234c25d1d8d8,13-w11,C4,private_location,development
13-w11-routine_inference-C4,6aa1234c25d1d8d8,13-w11,C4,routine_inference,development
13-w11-co_resident_activity-C4,6aa1234c25d1d8d8,13-w11,C4,co_resident_activity,development
13-w11-activity_understanding-C4,6aa1234c25d1d8d8,13-w11,C4,activity_understanding,development
13-w12-resident_identity-C0,6aa1234c25d1d8d8,13-w12,C0,resident_identity,development
13-w12-occupancy_state-C0,6aa1234c25d1d8d8,13-w12,C0,occupancy_state,development
13-w12-private_location-C0,6aa1234c25d1d8d8,13-w12,C0,private_location,development
13-w12-routine_inference-C0,6aa1234c25d1d8d8,13-w12,C0,routine_inference,development
13-w12-co_resident_activity-C0,6aa1234c25d1d8d8,13-w12,C0,co_resident_activity,development
13-w12-activity_understanding-C0,6aa1234c25d1d8d8,13-w12,C0,activity_understanding,development
13-w12-resident_identity-C1,6aa1234c25d1d8d8,13-w12,C1,resident_identity,development
13-w12-occupancy_state-C1,6aa1234c25d1d8d8,13-w12,C1,occupancy_state,development
13-w12-private_location-C1,6aa1234c25d1d8d8,13-w12,C1,private_location,development
13-w12-routine_inference-C1,6aa1234c25d1d8d8,13-w12,C1,routine_inference,development
13-w12-co_resident_activity-C1,6aa1234c25d1d8d8,13-w12,C1,co_resident_activity,development
13-w12-activity_understanding-C1,6aa1234c25d1d8d8,13-w12,C1,activity_understanding,development
13-w12-resident_identity-C2,6aa1234c25d1d8d8,13-w12,C2,resident_identity,development
13-w12-occupancy_state-C2,6aa1234c25d1d8d8,13-w12,C2,occupancy_state,development
13-w12-private_location-C2,6aa1234c25d1d8d8,13-w12,C2,private_location,development
13-w12-routine_inference-C2,6aa1234c25d1d8d8,13-w12,C2,routine_inference,development
13-w12-co_resident_activity-C2,6aa1234c25d1d8d8,13-w12,C2,co_resident_activity,development
13-w12-activity_understanding-C2,6aa1234c25d1d8d8,13-w12,C2,activity_understanding,development
13-w12-resident_identity-C3,6aa1234c25d1d8d8,13-w12,C3,resident_identity,development
13-w12-occupancy_state-C3,6aa1234c25d1d8d8,13-w12,C3,occupancy_state,development
13-w12-private_location-C3,6aa1234c25d1d8d8,13-w12,C3,private_location,development
13-w12-routine_inference-C3,6aa1234c25d1d8d8,13-w12,C3,routine_inference,development
13-w12-co_resident_activity-C3,6aa1234c25d1d8d8,13-w12,C3,co_resident_activity,development
13-w12-activity_understanding-C3,6aa1234c25d1d8d8,13-w12,C3,activity_understanding,development
13-w12-resident_identity-C4,6aa1234c25d1d8d8,13-w12,C4,resident_identity,development
13-w12-occupancy_state-C4,6aa1234c25d1d8d8,13-w12,C4,occupancy_state,development
13-w12-private_location-C4,6aa1234c25d1d8d8,13-w12,C4,private_location,development
13-w12-routine_inference-C4,6aa1234c25d1d8d8,13-w12,C4,routine_inference,development
13-w12-co_resident_activity-C4,6aa1234c25d1d8d8,13-w12,C4,co_resident_activity,development
13-w12-activity_understanding-C4,6aa1234c25d1d8d8,13-w12,C4,activity_understanding,development
14-w0-resident_identity-C0,5e5c247e27f3ca32,14-w0,C0,resident_identity,development
14-w0-occupancy_state-C0,5e5c247e27f3ca32,14-w0,C0,occupancy_state,development
14-w0-private_location-C0,5e5c247e27f3ca32,14-w0,C0,private_location,development
14-w0-routine_inference-C0,5e5c247e27f3ca32,14-w0,C0,routine_inference,development
14-w0-co_resident_activity-C0,5e5c247e27f3ca32,14-w0,C0,co_resident_activity,development
14-w0-activity_understanding-C0,5e5c247e27f3ca32,14-w0,C0,activity_understanding,development
14-w0-resident_identity-C1,5e5c247e27f3ca32,14-w0,C1,resident_identity,development
14-w0-occupancy_state-C1,5e5c247e27f3ca32,14-w0,C1,occupancy_state,development
14-w0-private_location-C1,5e5c247e27f3ca32,14-w0,C1,private_location,development
14-w0-routine_inference-C1,5e5c247e27f3ca32,14-w0,C1,routine_inference,development
14-w0-co_resident_activity-C1,5e5c247e27f3ca32,14-w0,C1,co_resident_activity,development
14-w0-activity_understanding-C1,5e5c247e27f3ca32,14-w0,C1,activity_understanding,development
14-w0-resident_identity-C2,5e5c247e27f3ca32,14-w0,C2,resident_identity,development
14-w0-occupancy_state-C2,5e5c247e27f3ca32,14-w0,C2,occupancy_state,development
14-w0-private_location-C2,5e5c247e27f3ca32,14-w0,C2,private_location,development
14-w0-routine_inference-C2,5e5c247e27f3ca32,14-w0,C2,routine_inference,development
14-w0-co_resident_activity-C2,5e5c247e27f3ca32,14-w0,C2,co_resident_activity,development
14-w0-activity_understanding-C2,5e5c247e27f3ca32,14-w0,C2,activity_understanding,development
14-w0-resident_identity-C3,5e5c247e27f3ca32,14-w0,C3,resident_identity,development
14-w0-occupancy_state-C3,5e5c247e27f3ca32,14-w0,C3,occupancy_state,development
14-w0-private_location-C3,5e5c247e27f3ca32,14-w0,C3,private_location,development
14-w0-routine_inference-C3,5e5c247e27f3ca32,14-w0,C3,routine_inference,development
14-w0-co_resident_activity-C3,5e5c247e27f3ca32,14-w0,C3,co_resident_activity,development
14-w0-activity_understanding-C3,5e5c247e27f3ca32,14-w0,C3,activity_understanding,development
14-w0-resident_identity-C4,5e5c247e27f3ca32,14-w0,C4,resident_identity,development
14-w0-occupancy_state-C4,5e5c247e27f3ca32,14-w0,C4,occupancy_state,development
14-w0-private_location-C4,5e5c247e27f3ca32,14-w0,C4,private_location,development
14-w0-routine_inference-C4,5e5c247e27f3ca32,14-w0,C4,routine_inference,development
14-w0-co_resident_activity-C4,5e5c247e27f3ca32,14-w0,C4,co_resident_activity,development
14-w0-activity_understanding-C4,5e5c247e27f3ca32,14-w0,C4,activity_understanding,development
14-w1-resident_identity-C0,5e5c247e27f3ca32,14-w1,C0,resident_identity,development
14-w1-occupancy_state-C0,5e5c247e27f3ca32,14-w1,C0,occupancy_state,development
14-w1-private_location-C0,5e5c247e27f3ca32,14-w1,C0,private_location,development
14-w1-routine_inference-C0,5e5c247e27f3ca32,14-w1,C0,routine_inference,development
14-w1-co_resident_activity-C0,5e5c247e27f3ca32,14-w1,C0,co_resident_activity,development
14-w1-activity_understanding-C0,5e5c247e27f3ca32,14-w1,C0,activity_understanding,development
14-w1-resident_identity-C1,5e5c247e27f3ca32,14-w1,C1,resident_identity,development
14-w1-occupancy_state-C1,5e5c247e27f3ca32,14-w1,C1,occupancy_state,development
14-w1-private_location-C1,5e5c247e27f3ca32,14-w1,C1,private_location,development
14-w1-routine_inference-C1,5e5c247e27f3ca32,14-w1,C1,routine_inference,development
14-w1-co_resident_activity-C1,5e5c247e27f3ca32,14-w1,C1,co_resident_activity,development
14-w1-activity_understanding-C1,5e5c247e27f3ca32,14-w1,C1,activity_understanding,development
14-w1-resident_identity-C2,5e5c247e27f3ca32,14-w1,C2,resident_identity,development
14-w1-occupancy_state-C2,5e5c247e27f3ca32,14-w1,C2,occupancy_state,development
14-w1-private_location-C2,5e5c247e27f3ca32,14-w1,C2,private_location,development
14-w1-routine_inference-C2,5e5c247e27f3ca32,14-w1,C2,routine_inference,development
14-w1-co_resident_activity-C2,5e5c247e27f3ca32,14-w1,C2,co_resident_activity,development
14-w1-activity_understanding-C2,5e5c247e27f3ca32,14-w1,C2,activity_understanding,development
14-w1-resident_identity-C3,5e5c247e27f3ca32,14-w1,C3,resident_identity,development
14-w1-occupancy_state-C3,5e5c247e27f3ca32,14-w1,C3,occupancy_state,development
14-w1-private_location-C3,5e5c247e27f3ca32,14-w1,C3,private_location,development
14-w1-routine_inference-C3,5e5c247e27f3ca32,14-w1,C3,routine_inference,development
14-w1-co_resident_activity-C3,5e5c247e27f3ca32,14-w1,C3,co_resident_activity,development
14-w1-activity_understanding-C3,5e5c247e27f3ca32,14-w1,C3,activity_understanding,development
14-w1-resident_identity-C4,5e5c247e27f3ca32,14-w1,C4,resident_identity,development
14-w1-occupancy_state-C4,5e5c247e27f3ca32,14-w1,C4,occupancy_state,development
14-w1-private_location-C4,5e5c247e27f3ca32,14-w1,C4,private_location,development
14-w1-routine_inference-C4,5e5c247e27f3ca32,14-w1,C4,routine_inference,development
14-w1-co_resident_activity-C4,5e5c247e27f3ca32,14-w1,C4,co_resident_activity,development
14-w1-activity_understanding-C4,5e5c247e27f3ca32,14-w1,C4,activity_understanding,development
14-w2-resident_identity-C0,5e5c247e27f3ca32,14-w2,C0,resident_identity,development
14-w2-occupancy_state-C0,5e5c247e27f3ca32,14-w2,C0,occupancy_state,development
14-w2-private_location-C0,5e5c247e27f3ca32,14-w2,C0,private_location,development
14-w2-routine_inference-C0,5e5c247e27f3ca32,14-w2,C0,routine_inference,development
14-w2-co_resident_activity-C0,5e5c247e27f3ca32,14-w2,C0,co_resident_activity,development
14-w2-activity_understanding-C0,5e5c247e27f3ca32,14-w2,C0,activity_understanding,development
14-w2-resident_identity-C1,5e5c247e27f3ca32,14-w2,C1,resident_identity,development
14-w2-occupancy_state-C1,5e5c247e27f3ca32,14-w2,C1,occupancy_state,development
14-w2-private_location-C1,5e5c247e27f3ca32,14-w2,C1,private_location,development
14-w2-routine_inference-C1,5e5c247e27f3ca32,14-w2,C1,routine_inference,development
14-w2-co_resident_activity-C1,5e5c247e27f3ca32,14-w2,C1,co_resident_activity,development
14-w2-activity_understanding-C1,5e5c247e27f3ca32,14-w2,C1,activity_understanding,development
14-w2-resident_identity-C2,5e5c247e27f3ca32,14-w2,C2,resident_identity,development
14-w2-occupancy_state-C2,5e5c247e27f3ca32,14-w2,C2,occupancy_state,development
14-w2-private_location-C2,5e5c247e27f3ca32,14-w2,C2,private_location,development
14-w2-routine_inference-C2,5e5c247e27f3ca32,14-w2,C2,routine_inference,development
14-w2-co_resident_activity-C2,5e5c247e27f3ca32,14-w2,C2,co_resident_activity,development
14-w2-activity_understanding-C2,5e5c247e27f3ca32,14-w2,C2,activity_understanding,development
14-w2-resident_identity-C3,5e5c247e27f3ca32,14-w2,C3,resident_identity,development
14-w2-occupancy_state-C3,5e5c247e27f3ca32,14-w2,C3,occupancy_state,development
14-w2-private_location-C3,5e5c247e27f3ca32,14-w2,C3,private_location,development
14-w2-routine_inference-C3,5e5c247e27f3ca32,14-w2,C3,routine_inference,development
14-w2-co_resident_activity-C3,5e5c247e27f3ca32,14-w2,C3,co_resident_activity,development
14-w2-activity_understanding-C3,5e5c247e27f3ca32,14-w2,C3,activity_understanding,development
14-w2-resident_identity-C4,5e5c247e27f3ca32,14-w2,C4,resident_identity,development
14-w2-occupancy_state-C4,5e5c247e27f3ca32,14-w2,C4,occupancy_state,development
14-w2-private_location-C4,5e5c247e27f3ca32,14-w2,C4,private_location,development
14-w2-routine_inference-C4,5e5c247e27f3ca32,14-w2,C4,routine_inference,development
14-w2-co_resident_activity-C4,5e5c247e27f3ca32,14-w2,C4,co_resident_activity,development
14-w2-activity_understanding-C4,5e5c247e27f3ca32,14-w2,C4,activity_understanding,development
14-w3-resident_identity-C0,5e5c247e27f3ca32,14-w3,C0,resident_identity,development
14-w3-occupancy_state-C0,5e5c247e27f3ca32,14-w3,C0,occupancy_state,development
14-w3-private_location-C0,5e5c247e27f3ca32,14-w3,C0,private_location,development
14-w3-routine_inference-C0,5e5c247e27f3ca32,14-w3,C0,routine_inference,development
14-w3-co_resident_activity-C0,5e5c247e27f3ca32,14-w3,C0,co_resident_activity,development
14-w3-activity_understanding-C0,5e5c247e27f3ca32,14-w3,C0,activity_understanding,development
14-w3-resident_identity-C1,5e5c247e27f3ca32,14-w3,C1,resident_identity,development
14-w3-occupancy_state-C1,5e5c247e27f3ca32,14-w3,C1,occupancy_state,development
14-w3-private_location-C1,5e5c247e27f3ca32,14-w3,C1,private_location,development
14-w3-routine_inference-C1,5e5c247e27f3ca32,14-w3,C1,routine_inference,development
14-w3-co_resident_activity-C1,5e5c247e27f3ca32,14-w3,C1,co_resident_activity,development
14-w3-activity_understanding-C1,5e5c247e27f3ca32,14-w3,C1,activity_understanding,development
14-w3-resident_identity-C2,5e5c247e27f3ca32,14-w3,C2,resident_identity,development
14-w3-occupancy_state-C2,5e5c247e27f3ca32,14-w3,C2,occupancy_state,development
14-w3-private_location-C2,5e5c247e27f3ca32,14-w3,C2,private_location,development
14-w3-routine_inference-C2,5e5c247e27f3ca32,14-w3,C2,routine_inference,development
14-w3-co_resident_activity-C2,5e5c247e27f3ca32,14-w3,C2,co_resident_activity,development
14-w3-activity_understanding-C2,5e5c247e27f3ca32,14-w3,C2,activity_understanding,development
14-w3-resident_identity-C3,5e5c247e27f3ca32,14-w3,C3,resident_identity,development
14-w3-occupancy_state-C3,5e5c247e27f3ca32,14-w3,C3,occupancy_state,development
14-w3-private_location-C3,5e5c247e27f3ca32,14-w3,C3,private_location,development
14-w3-routine_inference-C3,5e5c247e27f3ca32,14-w3,C3,routine_inference,development
14-w3-co_resident_activity-C3,5e5c247e27f3ca32,14-w3,C3,co_resident_activity,development
14-w3-activity_understanding-C3,5e5c247e27f3ca32,14-w3,C3,activity_understanding,development
14-w3-resident_identity-C4,5e5c247e27f3ca32,14-w3,C4,resident_identity,development
14-w3-occupancy_state-C4,5e5c247e27f3ca32,14-w3,C4,occupancy_state,development
14-w3-private_location-C4,5e5c247e27f3ca32,14-w3,C4,private_location,development
14-w3-routine_inference-C4,5e5c247e27f3ca32,14-w3,C4,routine_inference,development
14-w3-co_resident_activity-C4,5e5c247e27f3ca32,14-w3,C4,co_resident_activity,development
14-w3-activity_understanding-C4,5e5c247e27f3ca32,14-w3,C4,activity_understanding,development
14-w4-resident_identity-C0,5e5c247e27f3ca32,14-w4,C0,resident_identity,development
14-w4-occupancy_state-C0,5e5c247e27f3ca32,14-w4,C0,occupancy_state,development
14-w4-private_location-C0,5e5c247e27f3ca32,14-w4,C0,private_location,development
14-w4-routine_inference-C0,5e5c247e27f3ca32,14-w4,C0,routine_inference,development
14-w4-co_resident_activity-C0,5e5c247e27f3ca32,14-w4,C0,co_resident_activity,development
14-w4-activity_understanding-C0,5e5c247e27f3ca32,14-w4,C0,activity_understanding,development
14-w4-resident_identity-C1,5e5c247e27f3ca32,14-w4,C1,resident_identity,development
14-w4-occupancy_state-C1,5e5c247e27f3ca32,14-w4,C1,occupancy_state,development
14-w4-private_location-C1,5e5c247e27f3ca32,14-w4,C1,private_location,development
14-w4-routine_inference-C1,5e5c247e27f3ca32,14-w4,C1,routine_inference,development
14-w4-co_resident_activity-C1,5e5c247e27f3ca32,14-w4,C1,co_resident_activity,development
14-w4-activity_understanding-C1,5e5c247e27f3ca32,14-w4,C1,activity_understanding,development
14-w4-resident_identity-C2,5e5c247e27f3ca32,14-w4,C2,resident_identity,development
14-w4-occupancy_state-C2,5e5c247e27f3ca32,14-w4,C2,occupancy_state,development
14-w4-private_location-C2,5e5c247e27f3ca32,14-w4,C2,private_location,development
14-w4-routine_inference-C2,5e5c247e27f3ca32,14-w4,C2,routine_inference,development
14-w4-co_resident_activity-C2,5e5c247e27f3ca32,14-w4,C2,co_resident_activity,development
14-w4-activity_understanding-C2,5e5c247e27f3ca32,14-w4,C2,activity_understanding,development
14-w4-resident_identity-C3,5e5c247e27f3ca32,14-w4,C3,resident_identity,development
14-w4-occupancy_state-C3,5e5c247e27f3ca32,14-w4,C3,occupancy_state,development
14-w4-private_location-C3,5e5c247e27f3ca32,14-w4,C3,private_location,development
14-w4-routine_inference-C3,5e5c247e27f3ca32,14-w4,C3,routine_inference,development
14-w4-co_resident_activity-C3,5e5c247e27f3ca32,14-w4,C3,co_resident_activity,development
14-w4-activity_understanding-C3,5e5c247e27f3ca32,14-w4,C3,activity_understanding,development
14-w4-resident_identity-C4,5e5c247e27f3ca32,14-w4,C4,resident_identity,development
14-w4-occupancy_state-C4,5e5c247e27f3ca32,14-w4,C4,occupancy_state,development
14-w4-private_location-C4,5e5c247e27f3ca32,14-w4,C4,private_location,development
14-w4-routine_inference-C4,5e5c247e27f3ca32,14-w4,C4,routine_inference,development
14-w4-co_resident_activity-C4,5e5c247e27f3ca32,14-w4,C4,co_resident_activity,development
14-w4-activity_understanding-C4,5e5c247e27f3ca32,14-w4,C4,activity_understanding,development
14-w5-resident_identity-C0,5e5c247e27f3ca32,14-w5,C0,resident_identity,development
14-w5-occupancy_state-C0,5e5c247e27f3ca32,14-w5,C0,occupancy_state,development
14-w5-private_location-C0,5e5c247e27f3ca32,14-w5,C0,private_location,development
14-w5-routine_inference-C0,5e5c247e27f3ca32,14-w5,C0,routine_inference,development
14-w5-co_resident_activity-C0,5e5c247e27f3ca32,14-w5,C0,co_resident_activity,development
14-w5-activity_understanding-C0,5e5c247e27f3ca32,14-w5,C0,activity_understanding,development
14-w5-resident_identity-C1,5e5c247e27f3ca32,14-w5,C1,resident_identity,development
14-w5-occupancy_state-C1,5e5c247e27f3ca32,14-w5,C1,occupancy_state,development
14-w5-private_location-C1,5e5c247e27f3ca32,14-w5,C1,private_location,development
14-w5-routine_inference-C1,5e5c247e27f3ca32,14-w5,C1,routine_inference,development
14-w5-co_resident_activity-C1,5e5c247e27f3ca32,14-w5,C1,co_resident_activity,development
14-w5-activity_understanding-C1,5e5c247e27f3ca32,14-w5,C1,activity_understanding,development
14-w5-resident_identity-C2,5e5c247e27f3ca32,14-w5,C2,resident_identity,development
14-w5-occupancy_state-C2,5e5c247e27f3ca32,14-w5,C2,occupancy_state,development
14-w5-private_location-C2,5e5c247e27f3ca32,14-w5,C2,private_location,development
14-w5-routine_inference-C2,5e5c247e27f3ca32,14-w5,C2,routine_inference,development
14-w5-co_resident_activity-C2,5e5c247e27f3ca32,14-w5,C2,co_resident_activity,development
14-w5-activity_understanding-C2,5e5c247e27f3ca32,14-w5,C2,activity_understanding,development
14-w5-resident_identity-C3,5e5c247e27f3ca32,14-w5,C3,resident_identity,development
14-w5-occupancy_state-C3,5e5c247e27f3ca32,14-w5,C3,occupancy_state,development
14-w5-private_location-C3,5e5c247e27f3ca32,14-w5,C3,private_location,development
14-w5-routine_inference-C3,5e5c247e27f3ca32,14-w5,C3,routine_inference,development
14-w5-co_resident_activity-C3,5e5c247e27f3ca32,14-w5,C3,co_resident_activity,development
14-w5-activity_understanding-C3,5e5c247e27f3ca32,14-w5,C3,activity_understanding,development
14-w5-resident_identity-C4,5e5c247e27f3ca32,14-w5,C4,resident_identity,development
14-w5-occupancy_state-C4,5e5c247e27f3ca32,14-w5,C4,occupancy_state,development
14-w5-private_location-C4,5e5c247e27f3ca32,14-w5,C4,private_location,development
14-w5-routine_inference-C4,5e5c247e27f3ca32,14-w5,C4,routine_inference,development
14-w5-co_resident_activity-C4,5e5c247e27f3ca32,14-w5,C4,co_resident_activity,development
14-w5-activity_understanding-C4,5e5c247e27f3ca32,14-w5,C4,activity_understanding,development
14-w6-resident_identity-C0,5e5c247e27f3ca32,14-w6,C0,resident_identity,development
14-w6-occupancy_state-C0,5e5c247e27f3ca32,14-w6,C0,occupancy_state,development
14-w6-private_location-C0,5e5c247e27f3ca32,14-w6,C0,private_location,development
14-w6-routine_inference-C0,5e5c247e27f3ca32,14-w6,C0,routine_inference,development
14-w6-co_resident_activity-C0,5e5c247e27f3ca32,14-w6,C0,co_resident_activity,development
14-w6-activity_understanding-C0,5e5c247e27f3ca32,14-w6,C0,activity_understanding,development
14-w6-resident_identity-C1,5e5c247e27f3ca32,14-w6,C1,resident_identity,development
14-w6-occupancy_state-C1,5e5c247e27f3ca32,14-w6,C1,occupancy_state,development
14-w6-private_location-C1,5e5c247e27f3ca32,14-w6,C1,private_location,development
14-w6-routine_inference-C1,5e5c247e27f3ca32,14-w6,C1,routine_inference,development
14-w6-co_resident_activity-C1,5e5c247e27f3ca32,14-w6,C1,co_resident_activity,development
14-w6-activity_understanding-C1,5e5c247e27f3ca32,14-w6,C1,activity_understanding,development
14-w6-resident_identity-C2,5e5c247e27f3ca32,14-w6,C2,resident_identity,development
14-w6-occupancy_state-C2,5e5c247e27f3ca32,14-w6,C2,occupancy_state,development
14-w6-private_location-C2,5e5c247e27f3ca32,14-w6,C2,private_location,development
14-w6-routine_inference-C2,5e5c247e27f3ca32,14-w6,C2,routine_inference,development
14-w6-co_resident_activity-C2,5e5c247e27f3ca32,14-w6,C2,co_resident_activity,development
14-w6-activity_understanding-C2,5e5c247e27f3ca32,14-w6,C2,activity_understanding,development
14-w6-resident_identity-C3,5e5c247e27f3ca32,14-w6,C3,resident_identity,development
14-w6-occupancy_state-C3,5e5c247e27f3ca32,14-w6,C3,occupancy_state,development
14-w6-private_location-C3,5e5c247e27f3ca32,14-w6,C3,private_location,development
14-w6-routine_inference-C3,5e5c247e27f3ca32,14-w6,C3,routine_inference,development
14-w6-co_resident_activity-C3,5e5c247e27f3ca32,14-w6,C3,co_resident_activity,development
14-w6-activity_understanding-C3,5e5c247e27f3ca32,14-w6,C3,activity_understanding,development
14-w6-resident_identity-C4,5e5c247e27f3ca32,14-w6,C4,resident_identity,development
14-w6-occupancy_state-C4,5e5c247e27f3ca32,14-w6,C4,occupancy_state,development
14-w6-private_location-C4,5e5c247e27f3ca32,14-w6,C4,private_location,development
14-w6-routine_inference-C4,5e5c247e27f3ca32,14-w6,C4,routine_inference,development
14-w6-co_resident_activity-C4,5e5c247e27f3ca32,14-w6,C4,co_resident_activity,development
14-w6-activity_understanding-C4,5e5c247e27f3ca32,14-w6,C4,activity_understanding,development
14-w7-resident_identity-C0,5e5c247e27f3ca32,14-w7,C0,resident_identity,development
14-w7-occupancy_state-C0,5e5c247e27f3ca32,14-w7,C0,occupancy_state,development
14-w7-private_location-C0,5e5c247e27f3ca32,14-w7,C0,private_location,development
14-w7-routine_inference-C0,5e5c247e27f3ca32,14-w7,C0,routine_inference,development
14-w7-co_resident_activity-C0,5e5c247e27f3ca32,14-w7,C0,co_resident_activity,development
14-w7-activity_understanding-C0,5e5c247e27f3ca32,14-w7,C0,activity_understanding,development
14-w7-resident_identity-C1,5e5c247e27f3ca32,14-w7,C1,resident_identity,development
14-w7-occupancy_state-C1,5e5c247e27f3ca32,14-w7,C1,occupancy_state,development
14-w7-private_location-C1,5e5c247e27f3ca32,14-w7,C1,private_location,development
14-w7-routine_inference-C1,5e5c247e27f3ca32,14-w7,C1,routine_inference,development
14-w7-co_resident_activity-C1,5e5c247e27f3ca32,14-w7,C1,co_resident_activity,development
14-w7-activity_understanding-C1,5e5c247e27f3ca32,14-w7,C1,activity_understanding,development
14-w7-resident_identity-C2,5e5c247e27f3ca32,14-w7,C2,resident_identity,development
14-w7-occupancy_state-C2,5e5c247e27f3ca32,14-w7,C2,occupancy_state,development
14-w7-private_location-C2,5e5c247e27f3ca32,14-w7,C2,private_location,development
14-w7-routine_inference-C2,5e5c247e27f3ca32,14-w7,C2,routine_inference,development
14-w7-co_resident_activity-C2,5e5c247e27f3ca32,14-w7,C2,co_resident_activity,development
14-w7-activity_understanding-C2,5e5c247e27f3ca32,14-w7,C2,activity_understanding,development
14-w7-resident_identity-C3,5e5c247e27f3ca32,14-w7,C3,resident_identity,development
14-w7-occupancy_state-C3,5e5c247e27f3ca32,14-w7,C3,occupancy_state,development
14-w7-private_location-C3,5e5c247e27f3ca32,14-w7,C3,private_location,development
14-w7-routine_inference-C3,5e5c247e27f3ca32,14-w7,C3,routine_inference,development
14-w7-co_resident_activity-C3,5e5c247e27f3ca32,14-w7,C3,co_resident_activity,development
14-w7-activity_understanding-C3,5e5c247e27f3ca32,14-w7,C3,activity_understanding,development
14-w7-resident_identity-C4,5e5c247e27f3ca32,14-w7,C4,resident_identity,development
14-w7-occupancy_state-C4,5e5c247e27f3ca32,14-w7,C4,occupancy_state,development
14-w7-private_location-C4,5e5c247e27f3ca32,14-w7,C4,private_location,development
14-w7-routine_inference-C4,5e5c247e27f3ca32,14-w7,C4,routine_inference,development
14-w7-co_resident_activity-C4,5e5c247e27f3ca32,14-w7,C4,co_resident_activity,development
14-w7-activity_understanding-C4,5e5c247e27f3ca32,14-w7,C4,activity_understanding,development
14-w8-resident_identity-C0,5e5c247e27f3ca32,14-w8,C0,resident_identity,development
14-w8-occupancy_state-C0,5e5c247e27f3ca32,14-w8,C0,occupancy_state,development
14-w8-private_location-C0,5e5c247e27f3ca32,14-w8,C0,private_location,development
14-w8-routine_inference-C0,5e5c247e27f3ca32,14-w8,C0,routine_inference,development
14-w8-co_resident_activity-C0,5e5c247e27f3ca32,14-w8,C0,co_resident_activity,development
14-w8-activity_understanding-C0,5e5c247e27f3ca32,14-w8,C0,activity_understanding,development
14-w8-resident_identity-C1,5e5c247e27f3ca32,14-w8,C1,resident_identity,development
14-w8-occupancy_state-C1,5e5c247e27f3ca32,14-w8,C1,occupancy_state,development
14-w8-private_location-C1,5e5c247e27f3ca32,14-w8,C1,private_location,development
14-w8-routine_inference-C1,5e5c247e27f3ca32,14-w8,C1,routine_inference,development
14-w8-co_resident_activity-C1,5e5c247e27f3ca32,14-w8,C1,co_resident_activity,development
14-w8-activity_understanding-C1,5e5c247e27f3ca32,14-w8,C1,activity_understanding,development
14-w8-resident_identity-C2,5e5c247e27f3ca32,14-w8,C2,resident_identity,development
14-w8-occupancy_state-C2,5e5c247e27f3ca32,14-w8,C2,occupancy_state,development
14-w8-private_location-C2,5e5c247e27f3ca32,14-w8,C2,private_location,development
14-w8-routine_inference-C2,5e5c247e27f3ca32,14-w8,C2,routine_inference,development
14-w8-co_resident_activity-C2,5e5c247e27f3ca32,14-w8,C2,co_resident_activity,development
14-w8-activity_understanding-C2,5e5c247e27f3ca32,14-w8,C2,activity_understanding,development
14-w8-resident_identity-C3,5e5c247e27f3ca32,14-w8,C3,resident_identity,development
14-w8-occupancy_state-C3,5e5c247e27f3ca32,14-w8,C3,occupancy_state,development
14-w8-private_location-C3,5e5c247e27f3ca32,14-w8,C3,private_location,development
14-w8-routine_inference-C3,5e5c247e27f3ca32,14-w8,C3,routine_inference,development
14-w8-co_resident_activity-C3,5e5c247e27f3ca32,14-w8,C3,co_resident_activity,development
14-w8-activity_understanding-C3,5e5c247e27f3ca32,14-w8,C3,activity_understanding,development
14-w8-resident_identity-C4,5e5c247e27f3ca32,14-w8,C4,resident_identity,development
14-w8-occupancy_state-C4,5e5c247e27f3ca32,14-w8,C4,occupancy_state,development
14-w8-private_location-C4,5e5c247e27f3ca32,14-w8,C4,private_location,development
14-w8-routine_inference-C4,5e5c247e27f3ca32,14-w8,C4,routine_inference,development
14-w8-co_resident_activity-C4,5e5c247e27f3ca32,14-w8,C4,co_resident_activity,development
14-w8-activity_understanding-C4,5e5c247e27f3ca32,14-w8,C4,activity_understanding,development
14-w9-resident_identity-C0,5e5c247e27f3ca32,14-w9,C0,resident_identity,development
14-w9-occupancy_state-C0,5e5c247e27f3ca32,14-w9,C0,occupancy_state,development
14-w9-private_location-C0,5e5c247e27f3ca32,14-w9,C0,private_location,development
14-w9-routine_inference-C0,5e5c247e27f3ca32,14-w9,C0,routine_inference,development
14-w9-co_resident_activity-C0,5e5c247e27f3ca32,14-w9,C0,co_resident_activity,development
14-w9-activity_understanding-C0,5e5c247e27f3ca32,14-w9,C0,activity_understanding,development
14-w9-resident_identity-C1,5e5c247e27f3ca32,14-w9,C1,resident_identity,development
14-w9-occupancy_state-C1,5e5c247e27f3ca32,14-w9,C1,occupancy_state,development
14-w9-private_location-C1,5e5c247e27f3ca32,14-w9,C1,private_location,development
14-w9-routine_inference-C1,5e5c247e27f3ca32,14-w9,C1,routine_inference,development
14-w9-co_resident_activity-C1,5e5c247e27f3ca32,14-w9,C1,co_resident_activity,development
14-w9-activity_understanding-C1,5e5c247e27f3ca32,14-w9,C1,activity_understanding,development
14-w9-resident_identity-C2,5e5c247e27f3ca32,14-w9,C2,resident_identity,development
14-w9-occupancy_state-C2,5e5c247e27f3ca32,14-w9,C2,occupancy_state,development
14-w9-private_location-C2,5e5c247e27f3ca32,14-w9,C2,private_location,development
14-w9-routine_inference-C2,5e5c247e27f3ca32,14-w9,C2,routine_inference,development
14-w9-co_resident_activity-C2,5e5c247e27f3ca32,14-w9,C2,co_resident_activity,development
14-w9-activity_understanding-C2,5e5c247e27f3ca32,14-w9,C2,activity_understanding,development
14-w9-resident_identity-C3,5e5c247e27f3ca32,14-w9,C3,resident_identity,development
14-w9-occupancy_state-C3,5e5c247e27f3ca32,14-w9,C3,occupancy_state,development
14-w9-private_location-C3,5e5c247e27f3ca32,14-w9,C3,private_location,development
14-w9-routine_inference-C3,5e5c247e27f3ca32,14-w9,C3,routine_inference,development
14-w9-co_resident_activity-C3,5e5c247e27f3ca32,14-w9,C3,co_resident_activity,development
14-w9-activity_understanding-C3,5e5c247e27f3ca32,14-w9,C3,activity_understanding,development
14-w9-resident_identity-C4,5e5c247e27f3ca32,14-w9,C4,resident_identity,development
14-w9-occupancy_state-C4,5e5c247e27f3ca32,14-w9,C4,occupancy_state,development
14-w9-private_location-C4,5e5c247e27f3ca32,14-w9,C4,private_location,development
14-w9-routine_inference-C4,5e5c247e27f3ca32,14-w9,C4,routine_inference,development
14-w9-co_resident_activity-C4,5e5c247e27f3ca32,14-w9,C4,co_resident_activity,development
14-w9-activity_understanding-C4,5e5c247e27f3ca32,14-w9,C4,activity_understanding,development
14-w10-resident_identity-C0,5e5c247e27f3ca32,14-w10,C0,resident_identity,development
14-w10-occupancy_state-C0,5e5c247e27f3ca32,14-w10,C0,occupancy_state,development
14-w10-private_location-C0,5e5c247e27f3ca32,14-w10,C0,private_location,development
14-w10-routine_inference-C0,5e5c247e27f3ca32,14-w10,C0,routine_inference,development
14-w10-co_resident_activity-C0,5e5c247e27f3ca32,14-w10,C0,co_resident_activity,development
14-w10-activity_understanding-C0,5e5c247e27f3ca32,14-w10,C0,activity_understanding,development
14-w10-resident_identity-C1,5e5c247e27f3ca32,14-w10,C1,resident_identity,development
14-w10-occupancy_state-C1,5e5c247e27f3ca32,14-w10,C1,occupancy_state,development
14-w10-private_location-C1,5e5c247e27f3ca32,14-w10,C1,private_location,development
14-w10-routine_inference-C1,5e5c247e27f3ca32,14-w10,C1,routine_inference,development
14-w10-co_resident_activity-C1,5e5c247e27f3ca32,14-w10,C1,co_resident_activity,development
14-w10-activity_understanding-C1,5e5c247e27f3ca32,14-w10,C1,activity_understanding,development
14-w10-resident_identity-C2,5e5c247e27f3ca32,14-w10,C2,resident_identity,development
14-w10-occupancy_state-C2,5e5c247e27f3ca32,14-w10,C2,occupancy_state,development
14-w10-private_location-C2,5e5c247e27f3ca32,14-w10,C2,private_location,development
14-w10-routine_inference-C2,5e5c247e27f3ca32,14-w10,C2,routine_inference,development
14-w10-co_resident_activity-C2,5e5c247e27f3ca32,14-w10,C2,co_resident_activity,development
14-w10-activity_understanding-C2,5e5c247e27f3ca32,14-w10,C2,activity_understanding,development
14-w10-resident_identity-C3,5e5c247e27f3ca32,14-w10,C3,resident_identity,development
14-w10-occupancy_state-C3,5e5c247e27f3ca32,14-w10,C3,occupancy_state,development
14-w10-private_location-C3,5e5c247e27f3ca32,14-w10,C3,private_location,development
14-w10-routine_inference-C3,5e5c247e27f3ca32,14-w10,C3,routine_inference,development
14-w10-co_resident_activity-C3,5e5c247e27f3ca32,14-w10,C3,co_resident_activity,development
14-w10-activity_understanding-C3,5e5c247e27f3ca32,14-w10,C3,activity_understanding,development
14-w10-resident_identity-C4,5e5c247e27f3ca32,14-w10,C4,resident_identity,development
14-w10-occupancy_state-C4,5e5c247e27f3ca32,14-w10,C4,occupancy_state,development
14-w10-private_location-C4,5e5c247e27f3ca32,14-w10,C4,private_location,development
14-w10-routine_inference-C4,5e5c247e27f3ca32,14-w10,C4,routine_inference,development
14-w10-co_resident_activity-C4,5e5c247e27f3ca32,14-w10,C4,co_resident_activity,development
14-w10-activity_understanding-C4,5e5c247e27f3ca32,14-w10,C4,activity_understanding,development
14-w11-resident_identity-C0,5e5c247e27f3ca32,14-w11,C0,resident_identity,development
14-w11-occupancy_state-C0,5e5c247e27f3ca32,14-w11,C0,occupancy_state,development
14-w11-private_location-C0,5e5c247e27f3ca32,14-w11,C0,private_location,development
14-w11-routine_inference-C0,5e5c247e27f3ca32,14-w11,C0,routine_inference,development
14-w11-co_resident_activity-C0,5e5c247e27f3ca32,14-w11,C0,co_resident_activity,development
14-w11-activity_understanding-C0,5e5c247e27f3ca32,14-w11,C0,activity_understanding,development
14-w11-resident_identity-C1,5e5c247e27f3ca32,14-w11,C1,resident_identity,development
14-w11-occupancy_state-C1,5e5c247e27f3ca32,14-w11,C1,occupancy_state,development
14-w11-private_location-C1,5e5c247e27f3ca32,14-w11,C1,private_location,development
14-w11-routine_inference-C1,5e5c247e27f3ca32,14-w11,C1,routine_inference,development
14-w11-co_resident_activity-C1,5e5c247e27f3ca32,14-w11,C1,co_resident_activity,development
14-w11-activity_understanding-C1,5e5c247e27f3ca32,14-w11,C1,activity_understanding,development
14-w11-resident_identity-C2,5e5c247e27f3ca32,14-w11,C2,resident_identity,development
14-w11-occupancy_state-C2,5e5c247e27f3ca32,14-w11,C2,occupancy_state,development
14-w11-private_location-C2,5e5c247e27f3ca32,14-w11,C2,private_location,development
14-w11-routine_inference-C2,5e5c247e27f3ca32,14-w11,C2,routine_inference,development
14-w11-co_resident_activity-C2,5e5c247e27f3ca32,14-w11,C2,co_resident_activity,development
14-w11-activity_understanding-C2,5e5c247e27f3ca32,14-w11,C2,activity_understanding,development
14-w11-resident_identity-C3,5e5c247e27f3ca32,14-w11,C3,resident_identity,development
14-w11-occupancy_state-C3,5e5c247e27f3ca32,14-w11,C3,occupancy_state,development
14-w11-private_location-C3,5e5c247e27f3ca32,14-w11,C3,private_location,development
14-w11-routine_inference-C3,5e5c247e27f3ca32,14-w11,C3,routine_inference,development
14-w11-co_resident_activity-C3,5e5c247e27f3ca32,14-w11,C3,co_resident_activity,development
14-w11-activity_understanding-C3,5e5c247e27f3ca32,14-w11,C3,activity_understanding,development
14-w11-resident_identity-C4,5e5c247e27f3ca32,14-w11,C4,resident_identity,development
14-w11-occupancy_state-C4,5e5c247e27f3ca32,14-w11,C4,occupancy_state,development
14-w11-private_location-C4,5e5c247e27f3ca32,14-w11,C4,private_location,development
14-w11-routine_inference-C4,5e5c247e27f3ca32,14-w11,C4,routine_inference,development
14-w11-co_resident_activity-C4,5e5c247e27f3ca32,14-w11,C4,co_resident_activity,development
14-w11-activity_understanding-C4,5e5c247e27f3ca32,14-w11,C4,activity_understanding,development
15-w0-resident_identity-C0,8d277ad7630aa2c8,15-w0,C0,resident_identity,development
15-w0-occupancy_state-C0,8d277ad7630aa2c8,15-w0,C0,occupancy_state,development
15-w0-private_location-C0,8d277ad7630aa2c8,15-w0,C0,private_location,development
15-w0-routine_inference-C0,8d277ad7630aa2c8,15-w0,C0,routine_inference,development
15-w0-co_resident_activity-C0,8d277ad7630aa2c8,15-w0,C0,co_resident_activity,development
15-w0-activity_understanding-C0,8d277ad7630aa2c8,15-w0,C0,activity_understanding,development
15-w0-resident_identity-C1,8d277ad7630aa2c8,15-w0,C1,resident_identity,development
15-w0-occupancy_state-C1,8d277ad7630aa2c8,15-w0,C1,occupancy_state,development
15-w0-private_location-C1,8d277ad7630aa2c8,15-w0,C1,private_location,development
15-w0-routine_inference-C1,8d277ad7630aa2c8,15-w0,C1,routine_inference,development
15-w0-co_resident_activity-C1,8d277ad7630aa2c8,15-w0,C1,co_resident_activity,development
15-w0-activity_understanding-C1,8d277ad7630aa2c8,15-w0,C1,activity_understanding,development
15-w0-resident_identity-C2,8d277ad7630aa2c8,15-w0,C2,resident_identity,development
15-w0-occupancy_state-C2,8d277ad7630aa2c8,15-w0,C2,occupancy_state,development
15-w0-private_location-C2,8d277ad7630aa2c8,15-w0,C2,private_location,development
15-w0-routine_inference-C2,8d277ad7630aa2c8,15-w0,C2,routine_inference,development
15-w0-co_resident_activity-C2,8d277ad7630aa2c8,15-w0,C2,co_resident_activity,development
15-w0-activity_understanding-C2,8d277ad7630aa2c8,15-w0,C2,activity_understanding,development
15-w0-resident_identity-C3,8d277ad7630aa2c8,15-w0,C3,resident_identity,development
15-w0-occupancy_state-C3,8d277ad7630aa2c8,15-w0,C3,occupancy_state,development
15-w0-private_location-C3,8d277ad7630aa2c8,15-w0,C3,private_location,development
15-w0-routine_inference-C3,8d277ad7630aa2c8,15-w0,C3,routine_inference,development
15-w0-co_resident_activity-C3,8d277ad7630aa2c8,15-w0,C3,co_resident_activity,development
15-w0-activity_understanding-C3,8d277ad7630aa2c8,15-w0,C3,activity_understanding,development
15-w0-resident_identity-C4,8d277ad7630aa2c8,15-w0,C4,resident_identity,development
15-w0-occupancy_state-C4,8d277ad7630aa2c8,15-w0,C4,occupancy_state,development
15-w0-private_location-C4,8d277ad7630aa2c8,15-w0,C4,private_location,development
15-w0-routine_inference-C4,8d277ad7630aa2c8,15-w0,C4,routine_inference,development
15-w0-co_resident_activity-C4,8d277ad7630aa2c8,15-w0,C4,co_resident_activity,development
15-w0-activity_understanding-C4,8d277ad7630aa2c8,15-w0,C4,activity_understanding,development
15-w1-resident_identity-C0,8d277ad7630aa2c8,15-w1,C0,resident_identity,development
15-w1-occupancy_state-C0,8d277ad7630aa2c8,15-w1,C0,occupancy_state,development
15-w1-private_location-C0,8d277ad7630aa2c8,15-w1,C0,private_location,development
15-w1-routine_inference-C0,8d277ad7630aa2c8,15-w1,C0,routine_inference,development
15-w1-co_resident_activity-C0,8d277ad7630aa2c8,15-w1,C0,co_resident_activity,development
15-w1-activity_understanding-C0,8d277ad7630aa2c8,15-w1,C0,activity_understanding,development
15-w1-resident_identity-C1,8d277ad7630aa2c8,15-w1,C1,resident_identity,development
15-w1-occupancy_state-C1,8d277ad7630aa2c8,15-w1,C1,occupancy_state,development
15-w1-private_location-C1,8d277ad7630aa2c8,15-w1,C1,private_location,development
15-w1-routine_inference-C1,8d277ad7630aa2c8,15-w1,C1,routine_inference,development
15-w1-co_resident_activity-C1,8d277ad7630aa2c8,15-w1,C1,co_resident_activity,development
15-w1-activity_understanding-C1,8d277ad7630aa2c8,15-w1,C1,activity_understanding,development
15-w1-resident_identity-C2,8d277ad7630aa2c8,15-w1,C2,resident_identity,development
15-w1-occupancy_state-C2,8d277ad7630aa2c8,15-w1,C2,occupancy_state,development
15-w1-private_location-C2,8d277ad7630aa2c8,15-w1,C2,private_location,development
15-w1-routine_inference-C2,8d277ad7630aa2c8,15-w1,C2,routine_inference,development
15-w1-co_resident_activity-C2,8d277ad7630aa2c8,15-w1,C2,co_resident_activity,development
15-w1-activity_understanding-C2,8d277ad7630aa2c8,15-w1,C2,activity_understanding,development
15-w1-resident_identity-C3,8d277ad7630aa2c8,15-w1,C3,resident_identity,development
15-w1-occupancy_state-C3,8d277ad7630aa2c8,15-w1,C3,occupancy_state,development
15-w1-private_location-C3,8d277ad7630aa2c8,15-w1,C3,private_location,development
15-w1-routine_inference-C3,8d277ad7630aa2c8,15-w1,C3,routine_inference,development
15-w1-co_resident_activity-C3,8d277ad7630aa2c8,15-w1,C3,co_resident_activity,development
15-w1-activity_understanding-C3,8d277ad7630aa2c8,15-w1,C3,activity_understanding,development
15-w1-resident_identity-C4,8d277ad7630aa2c8,15-w1,C4,resident_identity,development
15-w1-occupancy_state-C4,8d277ad7630aa2c8,15-w1,C4,occupancy_state,development
15-w1-private_location-C4,8d277ad7630aa2c8,15-w1,C4,private_location,development
15-w1-routine_inference-C4,8d277ad7630aa2c8,15-w1,C4,routine_inference,development
15-w1-co_resident_activity-C4,8d277ad7630aa2c8,15-w1,C4,co_resident_activity,development
15-w1-activity_understanding-C4,8d277ad7630aa2c8,15-w1,C4,activity_understanding,development
15-w2-resident_identity-C0,8d277ad7630aa2c8,15-w2,C0,resident_identity,development
15-w2-occupancy_state-C0,8d277ad7630aa2c8,15-w2,C0,occupancy_state,development
15-w2-private_location-C0,8d277ad7630aa2c8,15-w2,C0,private_location,development
15-w2-routine_inference-C0,8d277ad7630aa2c8,15-w2,C0,routine_inference,development
15-w2-co_resident_activity-C0,8d277ad7630aa2c8,15-w2,C0,co_resident_activity,development
15-w2-activity_understanding-C0,8d277ad7630aa2c8,15-w2,C0,activity_understanding,development
15-w2-resident_identity-C1,8d277ad7630aa2c8,15-w2,C1,resident_identity,development
15-w2-occupancy_state-C1,8d277ad7630aa2c8,15-w2,C1,occupancy_state,development
15-w2-private_location-C1,8d277ad7630aa2c8,15-w2,C1,private_location,development
15-w2-routine_inference-C1,8d277ad7630aa2c8,15-w2,C1,routine_inference,development
15-w2-co_resident_activity-C1,8d277ad7630aa2c8,15-w2,C1,co_resident_activity,development
15-w2-activity_understanding-C1,8d277ad7630aa2c8,15-w2,C1,activity_understanding,development
15-w2-resident_identity-C2,8d277ad7630aa2c8,15-w2,C2,resident_identity,development
15-w2-occupancy_state-C2,8d277ad7630aa2c8,15-w2,C2,occupancy_state,development
15-w2-private_location-C2,8d277ad7630aa2c8,15-w2,C2,private_location,development
15-w2-routine_inference-C2,8d277ad7630aa2c8,15-w2,C2,routine_inference,development
15-w2-co_resident_activity-C2,8d277ad7630aa2c8,15-w2,C2,co_resident_activity,development
15-w2-activity_understanding-C2,8d277ad7630aa2c8,15-w2,C2,activity_understanding,development
15-w2-resident_identity-C3,8d277ad7630aa2c8,15-w2,C3,resident_identity,development
15-w2-occupancy_state-C3,8d277ad7630aa2c8,15-w2,C3,occupancy_state,development
15-w2-private_location-C3,8d277ad7630aa2c8,15-w2,C3,private_location,development
15-w2-routine_inference-C3,8d277ad7630aa2c8,15-w2,C3,routine_inference,development
15-w2-co_resident_activity-C3,8d277ad7630aa2c8,15-w2,C3,co_resident_activity,development
15-w2-activity_understanding-C3,8d277ad7630aa2c8,15-w2,C3,activity_understanding,development
15-w2-resident_identity-C4,8d277ad7630aa2c8,15-w2,C4,resident_identity,development
15-w2-occupancy_state-C4,8d277ad7630aa2c8,15-w2,C4,occupancy_state,development
15-w2-private_location-C4,8d277ad7630aa2c8,15-w2,C4,private_location,development
15-w2-routine_inference-C4,8d277ad7630aa2c8,15-w2,C4,routine_inference,development
15-w2-co_resident_activity-C4,8d277ad7630aa2c8,15-w2,C4,co_resident_activity,development
15-w2-activity_understanding-C4,8d277ad7630aa2c8,15-w2,C4,activity_understanding,development
15-w3-resident_identity-C0,8d277ad7630aa2c8,15-w3,C0,resident_identity,development
15-w3-occupancy_state-C0,8d277ad7630aa2c8,15-w3,C0,occupancy_state,development
15-w3-private_location-C0,8d277ad7630aa2c8,15-w3,C0,private_location,development
15-w3-routine_inference-C0,8d277ad7630aa2c8,15-w3,C0,routine_inference,development
15-w3-co_resident_activity-C0,8d277ad7630aa2c8,15-w3,C0,co_resident_activity,development
15-w3-activity_understanding-C0,8d277ad7630aa2c8,15-w3,C0,activity_understanding,development
15-w3-resident_identity-C1,8d277ad7630aa2c8,15-w3,C1,resident_identity,development
15-w3-occupancy_state-C1,8d277ad7630aa2c8,15-w3,C1,occupancy_state,development
15-w3-private_location-C1,8d277ad7630aa2c8,15-w3,C1,private_location,development
15-w3-routine_inference-C1,8d277ad7630aa2c8,15-w3,C1,routine_inference,development
15-w3-co_resident_activity-C1,8d277ad7630aa2c8,15-w3,C1,co_resident_activity,development
15-w3-activity_understanding-C1,8d277ad7630aa2c8,15-w3,C1,activity_understanding,development
15-w3-resident_identity-C2,8d277ad7630aa2c8,15-w3,C2,resident_identity,development
15-w3-occupancy_state-C2,8d277ad7630aa2c8,15-w3,C2,occupancy_state,development
15-w3-private_location-C2,8d277ad7630aa2c8,15-w3,C2,private_location,development
15-w3-routine_inference-C2,8d277ad7630aa2c8,15-w3,C2,routine_inference,development
15-w3-co_resident_activity-C2,8d277ad7630aa2c8,15-w3,C2,co_resident_activity,development
15-w3-activity_understanding-C2,8d277ad7630aa2c8,15-w3,C2,activity_understanding,development
15-w3-resident_identity-C3,8d277ad7630aa2c8,15-w3,C3,resident_identity,development
15-w3-occupancy_state-C3,8d277ad7630aa2c8,15-w3,C3,occupancy_state,development
15-w3-private_location-C3,8d277ad7630aa2c8,15-w3,C3,private_location,development
15-w3-routine_inference-C3,8d277ad7630aa2c8,15-w3,C3,routine_inference,development
15-w3-co_resident_activity-C3,8d277ad7630aa2c8,15-w3,C3,co_resident_activity,development
15-w3-activity_understanding-C3,8d277ad7630aa2c8,15-w3,C3,activity_understanding,development
15-w3-resident_identity-C4,8d277ad7630aa2c8,15-w3,C4,resident_identity,development
15-w3-occupancy_state-C4,8d277ad7630aa2c8,15-w3,C4,occupancy_state,development
15-w3-private_location-C4,8d277ad7630aa2c8,15-w3,C4,private_location,development
15-w3-routine_inference-C4,8d277ad7630aa2c8,15-w3,C4,routine_inference,development
15-w3-co_resident_activity-C4,8d277ad7630aa2c8,15-w3,C4,co_resident_activity,development
15-w3-activity_understanding-C4,8d277ad7630aa2c8,15-w3,C4,activity_understanding,development
15-w4-resident_identity-C0,8d277ad7630aa2c8,15-w4,C0,resident_identity,development
15-w4-occupancy_state-C0,8d277ad7630aa2c8,15-w4,C0,occupancy_state,development
15-w4-private_location-C0,8d277ad7630aa2c8,15-w4,C0,private_location,development
15-w4-routine_inference-C0,8d277ad7630aa2c8,15-w4,C0,routine_inference,development
15-w4-co_resident_activity-C0,8d277ad7630aa2c8,15-w4,C0,co_resident_activity,development
15-w4-activity_understanding-C0,8d277ad7630aa2c8,15-w4,C0,activity_understanding,development
15-w4-resident_identity-C1,8d277ad7630aa2c8,15-w4,C1,resident_identity,development
15-w4-occupancy_state-C1,8d277ad7630aa2c8,15-w4,C1,occupancy_state,development
15-w4-private_location-C1,8d277ad7630aa2c8,15-w4,C1,private_location,development
15-w4-routine_inference-C1,8d277ad7630aa2c8,15-w4,C1,routine_inference,development
15-w4-co_resident_activity-C1,8d277ad7630aa2c8,15-w4,C1,co_resident_activity,development
15-w4-activity_understanding-C1,8d277ad7630aa2c8,15-w4,C1,activity_understanding,development
15-w4-resident_identity-C2,8d277ad7630aa2c8,15-w4,C2,resident_identity,development
15-w4-occupancy_state-C2,8d277ad7630aa2c8,15-w4,C2,occupancy_state,development
15-w4-private_location-C2,8d277ad7630aa2c8,15-w4,C2,private_location,development
15-w4-routine_inference-C2,8d277ad7630aa2c8,15-w4,C2,routine_inference,development
15-w4-co_resident_activity-C2,8d277ad7630aa2c8,15-w4,C2,co_resident_activity,development
15-w4-activity_understanding-C2,8d277ad7630aa2c8,15-w4,C2,activity_understanding,development
15-w4-resident_identity-C3,8d277ad7630aa2c8,15-w4,C3,resident_identity,development
15-w4-occupancy_state-C3,8d277ad7630aa2c8,15-w4,C3,occupancy_state,development
15-w4-private_location-C3,8d277ad7630aa2c8,15-w4,C3,private_location,development
15-w4-routine_inference-C3,8d277ad7630aa2c8,15-w4,C3,routine_inference,development
15-w4-co_resident_activity-C3,8d277ad7630aa2c8,15-w4,C3,co_resident_activity,development
15-w4-activity_understanding-C3,8d277ad7630aa2c8,15-w4,C3,activity_understanding,development
15-w4-resident_identity-C4,8d277ad7630aa2c8,15-w4,C4,resident_identity,development
15-w4-occupancy_state-C4,8d277ad7630aa2c8,15-w4,C4,occupancy_state,development
15-w4-private_location-C4,8d277ad7630aa2c8,15-w4,C4,private_location,development
15-w4-routine_inference-C4,8d277ad7630aa2c8,15-w4,C4,routine_inference,development
15-w4-co_resident_activity-C4,8d277ad7630aa2c8,15-w4,C4,co_resident_activity,development
15-w4-activity_understanding-C4,8d277ad7630aa2c8,15-w4,C4,activity_understanding,development
15-w5-resident_identity-C0,8d277ad7630aa2c8,15-w5,C0,resident_identity,development
15-w5-occupancy_state-C0,8d277ad7630aa2c8,15-w5,C0,occupancy_state,development
15-w5-private_location-C0,8d277ad7630aa2c8,15-w5,C0,private_location,development
15-w5-routine_inference-C0,8d277ad7630aa2c8,15-w5,C0,routine_inference,development
15-w5-co_resident_activity-C0,8d277ad7630aa2c8,15-w5,C0,co_resident_activity,development
15-w5-activity_understanding-C0,8d277ad7630aa2c8,15-w5,C0,activity_understanding,development
15-w5-resident_identity-C1,8d277ad7630aa2c8,15-w5,C1,resident_identity,development
15-w5-occupancy_state-C1,8d277ad7630aa2c8,15-w5,C1,occupancy_state,development
15-w5-private_location-C1,8d277ad7630aa2c8,15-w5,C1,private_location,development
15-w5-routine_inference-C1,8d277ad7630aa2c8,15-w5,C1,routine_inference,development
15-w5-co_resident_activity-C1,8d277ad7630aa2c8,15-w5,C1,co_resident_activity,development
15-w5-activity_understanding-C1,8d277ad7630aa2c8,15-w5,C1,activity_understanding,development
15-w5-resident_identity-C2,8d277ad7630aa2c8,15-w5,C2,resident_identity,development
15-w5-occupancy_state-C2,8d277ad7630aa2c8,15-w5,C2,occupancy_state,development
15-w5-private_location-C2,8d277ad7630aa2c8,15-w5,C2,private_location,development
15-w5-routine_inference-C2,8d277ad7630aa2c8,15-w5,C2,routine_inference,development
15-w5-co_resident_activity-C2,8d277ad7630aa2c8,15-w5,C2,co_resident_activity,development
15-w5-activity_understanding-C2,8d277ad7630aa2c8,15-w5,C2,activity_understanding,development
15-w5-resident_identity-C3,8d277ad7630aa2c8,15-w5,C3,resident_identity,development
15-w5-occupancy_state-C3,8d277ad7630aa2c8,15-w5,C3,occupancy_state,development
15-w5-private_location-C3,8d277ad7630aa2c8,15-w5,C3,private_location,development
15-w5-routine_inference-C3,8d277ad7630aa2c8,15-w5,C3,routine_inference,development
15-w5-co_resident_activity-C3,8d277ad7630aa2c8,15-w5,C3,co_resident_activity,development
15-w5-activity_understanding-C3,8d277ad7630aa2c8,15-w5,C3,activity_understanding,development
15-w5-resident_identity-C4,8d277ad7630aa2c8,15-w5,C4,resident_identity,development
15-w5-occupancy_state-C4,8d277ad7630aa2c8,15-w5,C4,occupancy_state,development
15-w5-private_location-C4,8d277ad7630aa2c8,15-w5,C4,private_location,development
15-w5-routine_inference-C4,8d277ad7630aa2c8,15-w5,C4,routine_inference,development
15-w5-co_resident_activity-C4,8d277ad7630aa2c8,15-w5,C4,co_resident_activity,development
15-w5-activity_understanding-C4,8d277ad7630aa2c8,15-w5,C4,activity_understanding,development
15-w6-resident_identity-C0,8d277ad7630aa2c8,15-w6,C0,resident_identity,development
15-w6-occupancy_state-C0,8d277ad7630aa2c8,15-w6,C0,occupancy_state,development
15-w6-private_location-C0,8d277ad7630aa2c8,15-w6,C0,private_location,development
15-w6-routine_inference-C0,8d277ad7630aa2c8,15-w6,C0,routine_inference,development
15-w6-co_resident_activity-C0,8d277ad7630aa2c8,15-w6,C0,co_resident_activity,development
15-w6-activity_understanding-C0,8d277ad7630aa2c8,15-w6,C0,activity_understanding,development
15-w6-resident_identity-C1,8d277ad7630aa2c8,15-w6,C1,resident_identity,development
15-w6-occupancy_state-C1,8d277ad7630aa2c8,15-w6,C1,occupancy_state,development
15-w6-private_location-C1,8d277ad7630aa2c8,15-w6,C1,private_location,development
15-w6-routine_inference-C1,8d277ad7630aa2c8,15-w6,C1,routine_inference,development
15-w6-co_resident_activity-C1,8d277ad7630aa2c8,15-w6,C1,co_resident_activity,development
15-w6-activity_understanding-C1,8d277ad7630aa2c8,15-w6,C1,activity_understanding,development
15-w6-resident_identity-C2,8d277ad7630aa2c8,15-w6,C2,resident_identity,development
15-w6-occupancy_state-C2,8d277ad7630aa2c8,15-w6,C2,occupancy_state,development
15-w6-private_location-C2,8d277ad7630aa2c8,15-w6,C2,private_location,development
15-w6-routine_inference-C2,8d277ad7630aa2c8,15-w6,C2,routine_inference,development
15-w6-co_resident_activity-C2,8d277ad7630aa2c8,15-w6,C2,co_resident_activity,development
15-w6-activity_understanding-C2,8d277ad7630aa2c8,15-w6,C2,activity_understanding,development
15-w6-resident_identity-C3,8d277ad7630aa2c8,15-w6,C3,resident_identity,development
15-w6-occupancy_state-C3,8d277ad7630aa2c8,15-w6,C3,occupancy_state,development
15-w6-private_location-C3,8d277ad7630aa2c8,15-w6,C3,private_location,development
15-w6-routine_inference-C3,8d277ad7630aa2c8,15-w6,C3,routine_inference,development
15-w6-co_resident_activity-C3,8d277ad7630aa2c8,15-w6,C3,co_resident_activity,development
15-w6-activity_understanding-C3,8d277ad7630aa2c8,15-w6,C3,activity_understanding,development
15-w6-resident_identity-C4,8d277ad7630aa2c8,15-w6,C4,resident_identity,development
15-w6-occupancy_state-C4,8d277ad7630aa2c8,15-w6,C4,occupancy_state,development
15-w6-private_location-C4,8d277ad7630aa2c8,15-w6,C4,private_location,development
15-w6-routine_inference-C4,8d277ad7630aa2c8,15-w6,C4,routine_inference,development
15-w6-co_resident_activity-C4,8d277ad7630aa2c8,15-w6,C4,co_resident_activity,development
15-w6-activity_understanding-C4,8d277ad7630aa2c8,15-w6,C4,activity_understanding,development
15-w7-resident_identity-C0,8d277ad7630aa2c8,15-w7,C0,resident_identity,development
15-w7-occupancy_state-C0,8d277ad7630aa2c8,15-w7,C0,occupancy_state,development
15-w7-private_location-C0,8d277ad7630aa2c8,15-w7,C0,private_location,development
15-w7-routine_inference-C0,8d277ad7630aa2c8,15-w7,C0,routine_inference,development
15-w7-co_resident_activity-C0,8d277ad7630aa2c8,15-w7,C0,co_resident_activity,development
15-w7-activity_understanding-C0,8d277ad7630aa2c8,15-w7,C0,activity_understanding,development
15-w7-resident_identity-C1,8d277ad7630aa2c8,15-w7,C1,resident_identity,development
15-w7-occupancy_state-C1,8d277ad7630aa2c8,15-w7,C1,occupancy_state,development
15-w7-private_location-C1,8d277ad7630aa2c8,15-w7,C1,private_location,development
15-w7-routine_inference-C1,8d277ad7630aa2c8,15-w7,C1,routine_inference,development
15-w7-co_resident_activity-C1,8d277ad7630aa2c8,15-w7,C1,co_resident_activity,development
15-w7-activity_understanding-C1,8d277ad7630aa2c8,15-w7,C1,activity_understanding,development
15-w7-resident_identity-C2,8d277ad7630aa2c8,15-w7,C2,resident_identity,development
15-w7-occupancy_state-C2,8d277ad7630aa2c8,15-w7,C2,occupancy_state,development
15-w7-private_location-C2,8d277ad7630aa2c8,15-w7,C2,private_location,development
15-w7-routine_inference-C2,8d277ad7630aa2c8,15-w7,C2,routine_inference,development
15-w7-co_resident_activity-C2,8d277ad7630aa2c8,15-w7,C2,co_resident_activity,development
15-w7-activity_understanding-C2,8d277ad7630aa2c8,15-w7,C2,activity_understanding,development
15-w7-resident_identity-C3,8d277ad7630aa2c8,15-w7,C3,resident_identity,development
15-w7-occupancy_state-C3,8d277ad7630aa2c8,15-w7,C3,occupancy_state,development
15-w7-private_location-C3,8d277ad7630aa2c8,15-w7,C3,private_location,development
15-w7-routine_inference-C3,8d277ad7630aa2c8,15-w7,C3,routine_inference,development
15-w7-co_resident_activity-C3,8d277ad7630aa2c8,15-w7,C3,co_resident_activity,development
15-w7-activity_understanding-C3,8d277ad7630aa2c8,15-w7,C3,activity_understanding,development
15-w7-resident_identity-C4,8d277ad7630aa2c8,15-w7,C4,resident_identity,development
15-w7-occupancy_state-C4,8d277ad7630aa2c8,15-w7,C4,occupancy_state,development
15-w7-private_location-C4,8d277ad7630aa2c8,15-w7,C4,private_location,development
15-w7-routine_inference-C4,8d277ad7630aa2c8,15-w7,C4,routine_inference,development
15-w7-co_resident_activity-C4,8d277ad7630aa2c8,15-w7,C4,co_resident_activity,development
15-w7-activity_understanding-C4,8d277ad7630aa2c8,15-w7,C4,activity_understanding,development
15-w8-resident_identity-C0,8d277ad7630aa2c8,15-w8,C0,resident_identity,development
15-w8-occupancy_state-C0,8d277ad7630aa2c8,15-w8,C0,occupancy_state,development
15-w8-private_location-C0,8d277ad7630aa2c8,15-w8,C0,private_location,development
15-w8-routine_inference-C0,8d277ad7630aa2c8,15-w8,C0,routine_inference,development
15-w8-co_resident_activity-C0,8d277ad7630aa2c8,15-w8,C0,co_resident_activity,development
15-w8-activity_understanding-C0,8d277ad7630aa2c8,15-w8,C0,activity_understanding,development
15-w8-resident_identity-C1,8d277ad7630aa2c8,15-w8,C1,resident_identity,development
15-w8-occupancy_state-C1,8d277ad7630aa2c8,15-w8,C1,occupancy_state,development
15-w8-private_location-C1,8d277ad7630aa2c8,15-w8,C1,private_location,development
15-w8-routine_inference-C1,8d277ad7630aa2c8,15-w8,C1,routine_inference,development
15-w8-co_resident_activity-C1,8d277ad7630aa2c8,15-w8,C1,co_resident_activity,development
15-w8-activity_understanding-C1,8d277ad7630aa2c8,15-w8,C1,activity_understanding,development
15-w8-resident_identity-C2,8d277ad7630aa2c8,15-w8,C2,resident_identity,development
15-w8-occupancy_state-C2,8d277ad7630aa2c8,15-w8,C2,occupancy_state,development
15-w8-private_location-C2,8d277ad7630aa2c8,15-w8,C2,private_location,development
15-w8-routine_inference-C2,8d277ad7630aa2c8,15-w8,C2,routine_inference,development
15-w8-co_resident_activity-C2,8d277ad7630aa2c8,15-w8,C2,co_resident_activity,development
15-w8-activity_understanding-C2,8d277ad7630aa2c8,15-w8,C2,activity_understanding,development
15-w8-resident_identity-C3,8d277ad7630aa2c8,15-w8,C3,resident_identity,development
15-w8-occupancy_state-C3,8d277ad7630aa2c8,15-w8,C3,occupancy_state,development
15-w8-private_location-C3,8d277ad7630aa2c8,15-w8,C3,private_location,development
15-w8-routine_inference-C3,8d277ad7630aa2c8,15-w8,C3,routine_inference,development
15-w8-co_resident_activity-C3,8d277ad7630aa2c8,15-w8,C3,co_resident_activity,development
15-w8-activity_understanding-C3,8d277ad7630aa2c8,15-w8,C3,activity_understanding,development
15-w8-resident_identity-C4,8d277ad7630aa2c8,15-w8,C4,resident_identity,development
15-w8-occupancy_state-C4,8d277ad7630aa2c8,15-w8,C4,occupancy_state,development
15-w8-private_location-C4,8d277ad7630aa2c8,15-w8,C4,private_location,development
15-w8-routine_inference-C4,8d277ad7630aa2c8,15-w8,C4,routine_inference,development
15-w8-co_resident_activity-C4,8d277ad7630aa2c8,15-w8,C4,co_resident_activity,development
15-w8-activity_understanding-C4,8d277ad7630aa2c8,15-w8,C4,activity_understanding,development
15-w9-resident_identity-C0,8d277ad7630aa2c8,15-w9,C0,resident_identity,development
15-w9-occupancy_state-C0,8d277ad7630aa2c8,15-w9,C0,occupancy_state,development
15-w9-private_location-C0,8d277ad7630aa2c8,15-w9,C0,private_location,development
15-w9-routine_inference-C0,8d277ad7630aa2c8,15-w9,C0,routine_inference,development
15-w9-co_resident_activity-C0,8d277ad7630aa2c8,15-w9,C0,co_resident_activity,development
15-w9-activity_understanding-C0,8d277ad7630aa2c8,15-w9,C0,activity_understanding,development
15-w9-resident_identity-C1,8d277ad7630aa2c8,15-w9,C1,resident_identity,development
15-w9-occupancy_state-C1,8d277ad7630aa2c8,15-w9,C1,occupancy_state,development
15-w9-private_location-C1,8d277ad7630aa2c8,15-w9,C1,private_location,development
15-w9-routine_inference-C1,8d277ad7630aa2c8,15-w9,C1,routine_inference,development
15-w9-co_resident_activity-C1,8d277ad7630aa2c8,15-w9,C1,co_resident_activity,development
15-w9-activity_understanding-C1,8d277ad7630aa2c8,15-w9,C1,activity_understanding,development
15-w9-resident_identity-C2,8d277ad7630aa2c8,15-w9,C2,resident_identity,development
15-w9-occupancy_state-C2,8d277ad7630aa2c8,15-w9,C2,occupancy_state,development
15-w9-private_location-C2,8d277ad7630aa2c8,15-w9,C2,private_location,development
15-w9-routine_inference-C2,8d277ad7630aa2c8,15-w9,C2,routine_inference,development
15-w9-co_resident_activity-C2,8d277ad7630aa2c8,15-w9,C2,co_resident_activity,development
15-w9-activity_understanding-C2,8d277ad7630aa2c8,15-w9,C2,activity_understanding,development
15-w9-resident_identity-C3,8d277ad7630aa2c8,15-w9,C3,resident_identity,development
15-w9-occupancy_state-C3,8d277ad7630aa2c8,15-w9,C3,occupancy_state,development
15-w9-private_location-C3,8d277ad7630aa2c8,15-w9,C3,private_location,development
15-w9-routine_inference-C3,8d277ad7630aa2c8,15-w9,C3,routine_inference,development
15-w9-co_resident_activity-C3,8d277ad7630aa2c8,15-w9,C3,co_resident_activity,development
15-w9-activity_understanding-C3,8d277ad7630aa2c8,15-w9,C3,activity_understanding,development
15-w9-resident_identity-C4,8d277ad7630aa2c8,15-w9,C4,resident_identity,development
15-w9-occupancy_state-C4,8d277ad7630aa2c8,15-w9,C4,occupancy_state,development
15-w9-private_location-C4,8d277ad7630aa2c8,15-w9,C4,private_location,development
15-w9-routine_inference-C4,8d277ad7630aa2c8,15-w9,C4,routine_inference,development
15-w9-co_resident_activity-C4,8d277ad7630aa2c8,15-w9,C4,co_resident_activity,development
15-w9-activity_understanding-C4,8d277ad7630aa2c8,15-w9,C4,activity_understanding,development
16-w0-resident_identity-C0,fdc74bacb777e1e7,16-w0,C0,resident_identity,development
16-w0-occupancy_state-C0,fdc74bacb777e1e7,16-w0,C0,occupancy_state,development
16-w0-private_location-C0,fdc74bacb777e1e7,16-w0,C0,private_location,development
16-w0-routine_inference-C0,fdc74bacb777e1e7,16-w0,C0,routine_inference,development
16-w0-co_resident_activity-C0,fdc74bacb777e1e7,16-w0,C0,co_resident_activity,development
16-w0-activity_understanding-C0,fdc74bacb777e1e7,16-w0,C0,activity_understanding,development
16-w0-resident_identity-C1,fdc74bacb777e1e7,16-w0,C1,resident_identity,development
16-w0-occupancy_state-C1,fdc74bacb777e1e7,16-w0,C1,occupancy_state,development
16-w0-private_location-C1,fdc74bacb777e1e7,16-w0,C1,private_location,development
16-w0-routine_inference-C1,fdc74bacb777e1e7,16-w0,C1,routine_inference,development
16-w0-co_resident_activity-C1,fdc74bacb777e1e7,16-w0,C1,co_resident_activity,development
16-w0-activity_understanding-C1,fdc74bacb777e1e7,16-w0,C1,activity_understanding,development
16-w0-resident_identity-C2,fdc74bacb777e1e7,16-w0,C2,resident_identity,development
16-w0-occupancy_state-C2,fdc74bacb777e1e7,16-w0,C2,occupancy_state,development
16-w0-private_location-C2,fdc74bacb777e1e7,16-w0,C2,private_location,development
16-w0-routine_inference-C2,fdc74bacb777e1e7,16-w0,C2,routine_inference,development
16-w0-co_resident_activity-C2,fdc74bacb777e1e7,16-w0,C2,co_resident_activity,development
16-w0-activity_understanding-C2,fdc74bacb777e1e7,16-w0,C2,activity_understanding,development
16-w0-resident_identity-C3,fdc74bacb777e1e7,16-w0,C3,resident_identity,development
16-w0-occupancy_state-C3,fdc74bacb777e1e7,16-w0,C3,occupancy_state,development
16-w0-private_location-C3,fdc74bacb777e1e7,16-w0,C3,private_location,development
16-w0-routine_inference-C3,fdc74bacb777e1e7,16-w0,C3,routine_inference,development
16-w0-co_resident_activity-C3,fdc74bacb777e1e7,16-w0,C3,co_resident_activity,development
16-w0-activity_understanding-C3,fdc74bacb777e1e7,16-w0,C3,activity_understanding,development
16-w0-resident_identity-C4,fdc74bacb777e1e7,16-w0,C4,resident_identity,development
16-w0-occupancy_state-C4,fdc74bacb777e1e7,16-w0,C4,occupancy_state,development
16-w0-private_location-C4,fdc74bacb777e1e7,16-w0,C4,private_location,development
16-w0-routine_inference-C4,fdc74bacb777e1e7,16-w0,C4,routine_inference,development
16-w0-co_resident_activity-C4,fdc74bacb777e1e7,16-w0,C4,co_resident_activity,development
16-w0-activity_understanding-C4,fdc74bacb777e1e7,16-w0,C4,activity_understanding,development
16-w1-resident_identity-C0,fdc74bacb777e1e7,16-w1,C0,resident_identity,development
16-w1-occupancy_state-C0,fdc74bacb777e1e7,16-w1,C0,occupancy_state,development
16-w1-private_location-C0,fdc74bacb777e1e7,16-w1,C0,private_location,development
16-w1-routine_inference-C0,fdc74bacb777e1e7,16-w1,C0,routine_inference,development
16-w1-co_resident_activity-C0,fdc74bacb777e1e7,16-w1,C0,co_resident_activity,development
16-w1-activity_understanding-C0,fdc74bacb777e1e7,16-w1,C0,activity_understanding,development
16-w1-resident_identity-C1,fdc74bacb777e1e7,16-w1,C1,resident_identity,development
16-w1-occupancy_state-C1,fdc74bacb777e1e7,16-w1,C1,occupancy_state,development
16-w1-private_location-C1,fdc74bacb777e1e7,16-w1,C1,private_location,development
16-w1-routine_inference-C1,fdc74bacb777e1e7,16-w1,C1,routine_inference,development
16-w1-co_resident_activity-C1,fdc74bacb777e1e7,16-w1,C1,co_resident_activity,development
16-w1-activity_understanding-C1,fdc74bacb777e1e7,16-w1,C1,activity_understanding,development
16-w1-resident_identity-C2,fdc74bacb777e1e7,16-w1,C2,resident_identity,development
16-w1-occupancy_state-C2,fdc74bacb777e1e7,16-w1,C2,occupancy_state,development
16-w1-private_location-C2,fdc74bacb777e1e7,16-w1,C2,private_location,development
16-w1-routine_inference-C2,fdc74bacb777e1e7,16-w1,C2,routine_inference,development
16-w1-co_resident_activity-C2,fdc74bacb777e1e7,16-w1,C2,co_resident_activity,development
16-w1-activity_understanding-C2,fdc74bacb777e1e7,16-w1,C2,activity_understanding,development
16-w1-resident_identity-C3,fdc74bacb777e1e7,16-w1,C3,resident_identity,development
16-w1-occupancy_state-C3,fdc74bacb777e1e7,16-w1,C3,occupancy_state,development
16-w1-private_location-C3,fdc74bacb777e1e7,16-w1,C3,private_location,development
16-w1-routine_inference-C3,fdc74bacb777e1e7,16-w1,C3,routine_inference,development
16-w1-co_resident_activity-C3,fdc74bacb777e1e7,16-w1,C3,co_resident_activity,development
16-w1-activity_understanding-C3,fdc74bacb777e1e7,16-w1,C3,activity_understanding,development
16-w1-resident_identity-C4,fdc74bacb777e1e7,16-w1,C4,resident_identity,development
16-w1-occupancy_state-C4,fdc74bacb777e1e7,16-w1,C4,occupancy_state,development
16-w1-private_location-C4,fdc74bacb777e1e7,16-w1,C4,private_location,development
16-w1-routine_inference-C4,fdc74bacb777e1e7,16-w1,C4,routine_inference,development
16-w1-co_resident_activity-C4,fdc74bacb777e1e7,16-w1,C4,co_resident_activity,development
16-w1-activity_understanding-C4,fdc74bacb777e1e7,16-w1,C4,activity_understanding,development
16-w2-resident_identity-C0,fdc74bacb777e1e7,16-w2,C0,resident_identity,development
16-w2-occupancy_state-C0,fdc74bacb777e1e7,16-w2,C0,occupancy_state,development
16-w2-private_location-C0,fdc74bacb777e1e7,16-w2,C0,private_location,development
16-w2-routine_inference-C0,fdc74bacb777e1e7,16-w2,C0,routine_inference,development
16-w2-co_resident_activity-C0,fdc74bacb777e1e7,16-w2,C0,co_resident_activity,development
16-w2-activity_understanding-C0,fdc74bacb777e1e7,16-w2,C0,activity_understanding,development
16-w2-resident_identity-C1,fdc74bacb777e1e7,16-w2,C1,resident_identity,development
16-w2-occupancy_state-C1,fdc74bacb777e1e7,16-w2,C1,occupancy_state,development
16-w2-private_location-C1,fdc74bacb777e1e7,16-w2,C1,private_location,development
16-w2-routine_inference-C1,fdc74bacb777e1e7,16-w2,C1,routine_inference,development
16-w2-co_resident_activity-C1,fdc74bacb777e1e7,16-w2,C1,co_resident_activity,development
16-w2-activity_understanding-C1,fdc74bacb777e1e7,16-w2,C1,activity_understanding,development
16-w2-resident_identity-C2,fdc74bacb777e1e7,16-w2,C2,resident_identity,development
16-w2-occupancy_state-C2,fdc74bacb777e1e7,16-w2,C2,occupancy_state,development
16-w2-private_location-C2,fdc74bacb777e1e7,16-w2,C2,private_location,development
16-w2-routine_inference-C2,fdc74bacb777e1e7,16-w2,C2,routine_inference,development
16-w2-co_resident_activity-C2,fdc74bacb777e1e7,16-w2,C2,co_resident_activity,development
16-w2-activity_understanding-C2,fdc74bacb777e1e7,16-w2,C2,activity_understanding,development
16-w2-resident_identity-C3,fdc74bacb777e1e7,16-w2,C3,resident_identity,development
16-w2-occupancy_state-C3,fdc74bacb777e1e7,16-w2,C3,occupancy_state,development
16-w2-private_location-C3,fdc74bacb777e1e7,16-w2,C3,private_location,development
16-w2-routine_inference-C3,fdc74bacb777e1e7,16-w2,C3,routine_inference,development
16-w2-co_resident_activity-C3,fdc74bacb777e1e7,16-w2,C3,co_resident_activity,development
16-w2-activity_understanding-C3,fdc74bacb777e1e7,16-w2,C3,activity_understanding,development
16-w2-resident_identity-C4,fdc74bacb777e1e7,16-w2,C4,resident_identity,development
16-w2-occupancy_state-C4,fdc74bacb777e1e7,16-w2,C4,occupancy_state,development
16-w2-private_location-C4,fdc74bacb777e1e7,16-w2,C4,private_location,development
16-w2-routine_inference-C4,fdc74bacb777e1e7,16-w2,C4,routine_inference,development
16-w2-co_resident_activity-C4,fdc74bacb777e1e7,16-w2,C4,co_resident_activity,development
16-w2-activity_understanding-C4,fdc74bacb777e1e7,16-w2,C4,activity_understanding,development
16-w3-resident_identity-C0,fdc74bacb777e1e7,16-w3,C0,resident_identity,development
16-w3-occupancy_state-C0,fdc74bacb777e1e7,16-w3,C0,occupancy_state,development
16-w3-private_location-C0,fdc74bacb777e1e7,16-w3,C0,private_location,development
16-w3-routine_inference-C0,fdc74bacb777e1e7,16-w3,C0,routine_inference,development
16-w3-co_resident_activity-C0,fdc74bacb777e1e7,16-w3,C0,co_resident_activity,development
16-w3-activity_understanding-C0,fdc74bacb777e1e7,16-w3,C0,activity_understanding,development
16-w3-resident_identity-C1,fdc74bacb777e1e7,16-w3,C1,resident_identity,development
16-w3-occupancy_state-C1,fdc74bacb777e1e7,16-w3,C1,occupancy_state,development
16-w3-private_location-C1,fdc74bacb777e1e7,16-w3,C1,private_location,development
16-w3-routine_inference-C1,fdc74bacb777e1e7,16-w3,C1,routine_inference,development
16-w3-co_resident_activity-C1,fdc74bacb777e1e7,16-w3,C1,co_resident_activity,development
16-w3-activity_understanding-C1,fdc74bacb777e1e7,16-w3,C1,activity_understanding,development
16-w3-resident_identity-C2,fdc74bacb777e1e7,16-w3,C2,resident_identity,development
16-w3-occupancy_state-C2,fdc74bacb777e1e7,16-w3,C2,occupancy_state,development
16-w3-private_location-C2,fdc74bacb777e1e7,16-w3,C2,private_location,development
16-w3-routine_inference-C2,fdc74bacb777e1e7,16-w3,C2,routine_inference,development
16-w3-co_resident_activity-C2,fdc74bacb777e1e7,16-w3,C2,co_resident_activity,development
16-w3-activity_understanding-C2,fdc74bacb777e1e7,16-w3,C2,activity_understanding,development
16-w3-resident_identity-C3,fdc74bacb777e1e7,16-w3,C3,resident_identity,development
16-w3-occupancy_state-C3,fdc74bacb777e1e7,16-w3,C3,occupancy_state,development
16-w3-private_location-C3,fdc74bacb777e1e7,16-w3,C3,private_location,development
16-w3-routine_inference-C3,fdc74bacb777e1e7,16-w3,C3,routine_inference,development
16-w3-co_resident_activity-C3,fdc74bacb777e1e7,16-w3,C3,co_resident_activity,development
16-w3-activity_understanding-C3,fdc74bacb777e1e7,16-w3,C3,activity_understanding,development
16-w3-resident_identity-C4,fdc74bacb777e1e7,16-w3,C4,resident_identity,development
16-w3-occupancy_state-C4,fdc74bacb777e1e7,16-w3,C4,occupancy_state,development
16-w3-private_location-C4,fdc74bacb777e1e7,16-w3,C4,private_location,development
16-w3-routine_inference-C4,fdc74bacb777e1e7,16-w3,C4,routine_inference,development
16-w3-co_resident_activity-C4,fdc74bacb777e1e7,16-w3,C4,co_resident_activity,development
16-w3-activity_understanding-C4,fdc74bacb777e1e7,16-w3,C4,activity_understanding,development
16-w4-resident_identity-C0,fdc74bacb777e1e7,16-w4,C0,resident_identity,development
16-w4-occupancy_state-C0,fdc74bacb777e1e7,16-w4,C0,occupancy_state,development
16-w4-private_location-C0,fdc74bacb777e1e7,16-w4,C0,private_location,development
16-w4-routine_inference-C0,fdc74bacb777e1e7,16-w4,C0,routine_inference,development
16-w4-co_resident_activity-C0,fdc74bacb777e1e7,16-w4,C0,co_resident_activity,development
16-w4-activity_understanding-C0,fdc74bacb777e1e7,16-w4,C0,activity_understanding,development
16-w4-resident_identity-C1,fdc74bacb777e1e7,16-w4,C1,resident_identity,development
16-w4-occupancy_state-C1,fdc74bacb777e1e7,16-w4,C1,occupancy_state,development
16-w4-private_location-C1,fdc74bacb777e1e7,16-w4,C1,private_location,development
16-w4-routine_inference-C1,fdc74bacb777e1e7,16-w4,C1,routine_inference,development
16-w4-co_resident_activity-C1,fdc74bacb777e1e7,16-w4,C1,co_resident_activity,development
16-w4-activity_understanding-C1,fdc74bacb777e1e7,16-w4,C1,activity_understanding,development
16-w4-resident_identity-C2,fdc74bacb777e1e7,16-w4,C2,resident_identity,development
16-w4-occupancy_state-C2,fdc74bacb777e1e7,16-w4,C2,occupancy_state,development
16-w4-private_location-C2,fdc74bacb777e1e7,16-w4,C2,private_location,development
16-w4-routine_inference-C2,fdc74bacb777e1e7,16-w4,C2,routine_inference,development
16-w4-co_resident_activity-C2,fdc74bacb777e1e7,16-w4,C2,co_resident_activity,development
16-w4-activity_understanding-C2,fdc74bacb777e1e7,16-w4,C2,activity_understanding,development
16-w4-resident_identity-C3,fdc74bacb777e1e7,16-w4,C3,resident_identity,development
16-w4-occupancy_state-C3,fdc74bacb777e1e7,16-w4,C3,occupancy_state,development
16-w4-private_location-C3,fdc74bacb777e1e7,16-w4,C3,private_location,development
16-w4-routine_inference-C3,fdc74bacb777e1e7,16-w4,C3,routine_inference,development
16-w4-co_resident_activity-C3,fdc74bacb777e1e7,16-w4,C3,co_resident_activity,development
16-w4-activity_understanding-C3,fdc74bacb777e1e7,16-w4,C3,activity_understanding,development
16-w4-resident_identity-C4,fdc74bacb777e1e7,16-w4,C4,resident_identity,development
16-w4-occupancy_state-C4,fdc74bacb777e1e7,16-w4,C4,occupancy_state,development
16-w4-private_location-C4,fdc74bacb777e1e7,16-w4,C4,private_location,development
16-w4-routine_inference-C4,fdc74bacb777e1e7,16-w4,C4,routine_inference,development
16-w4-co_resident_activity-C4,fdc74bacb777e1e7,16-w4,C4,co_resident_activity,development
16-w4-activity_understanding-C4,fdc74bacb777e1e7,16-w4,C4,activity_understanding,development
16-w5-resident_identity-C0,fdc74bacb777e1e7,16-w5,C0,resident_identity,development
16-w5-occupancy_state-C0,fdc74bacb777e1e7,16-w5,C0,occupancy_state,development
16-w5-private_location-C0,fdc74bacb777e1e7,16-w5,C0,private_location,development
16-w5-routine_inference-C0,fdc74bacb777e1e7,16-w5,C0,routine_inference,development
16-w5-co_resident_activity-C0,fdc74bacb777e1e7,16-w5,C0,co_resident_activity,development
16-w5-activity_understanding-C0,fdc74bacb777e1e7,16-w5,C0,activity_understanding,development
16-w5-resident_identity-C1,fdc74bacb777e1e7,16-w5,C1,resident_identity,development
16-w5-occupancy_state-C1,fdc74bacb777e1e7,16-w5,C1,occupancy_state,development
16-w5-private_location-C1,fdc74bacb777e1e7,16-w5,C1,private_location,development
16-w5-routine_inference-C1,fdc74bacb777e1e7,16-w5,C1,routine_inference,development
16-w5-co_resident_activity-C1,fdc74bacb777e1e7,16-w5,C1,co_resident_activity,development
16-w5-activity_understanding-C1,fdc74bacb777e1e7,16-w5,C1,activity_understanding,development
16-w5-resident_identity-C2,fdc74bacb777e1e7,16-w5,C2,resident_identity,development
16-w5-occupancy_state-C2,fdc74bacb777e1e7,16-w5,C2,occupancy_state,development
16-w5-private_location-C2,fdc74bacb777e1e7,16-w5,C2,private_location,development
16-w5-routine_inference-C2,fdc74bacb777e1e7,16-w5,C2,routine_inference,development
16-w5-co_resident_activity-C2,fdc74bacb777e1e7,16-w5,C2,co_resident_activity,development
16-w5-activity_understanding-C2,fdc74bacb777e1e7,16-w5,C2,activity_understanding,development
16-w5-resident_identity-C3,fdc74bacb777e1e7,16-w5,C3,resident_identity,development
16-w5-occupancy_state-C3,fdc74bacb777e1e7,16-w5,C3,occupancy_state,development
16-w5-private_location-C3,fdc74bacb777e1e7,16-w5,C3,private_location,development
16-w5-routine_inference-C3,fdc74bacb777e1e7,16-w5,C3,routine_inference,development
16-w5-co_resident_activity-C3,fdc74bacb777e1e7,16-w5,C3,co_resident_activity,development
16-w5-activity_understanding-C3,fdc74bacb777e1e7,16-w5,C3,activity_understanding,development
16-w5-resident_identity-C4,fdc74bacb777e1e7,16-w5,C4,resident_identity,development
16-w5-occupancy_state-C4,fdc74bacb777e1e7,16-w5,C4,occupancy_state,development
16-w5-private_location-C4,fdc74bacb777e1e7,16-w5,C4,private_location,development
16-w5-routine_inference-C4,fdc74bacb777e1e7,16-w5,C4,routine_inference,development
16-w5-co_resident_activity-C4,fdc74bacb777e1e7,16-w5,C4,co_resident_activity,development
16-w5-activity_understanding-C4,fdc74bacb777e1e7,16-w5,C4,activity_understanding,development
16-w6-resident_identity-C0,fdc74bacb777e1e7,16-w6,C0,resident_identity,development
16-w6-occupancy_state-C0,fdc74bacb777e1e7,16-w6,C0,occupancy_state,development
16-w6-private_location-C0,fdc74bacb777e1e7,16-w6,C0,private_location,development
16-w6-routine_inference-C0,fdc74bacb777e1e7,16-w6,C0,routine_inference,development
16-w6-co_resident_activity-C0,fdc74bacb777e1e7,16-w6,C0,co_resident_activity,development
16-w6-activity_understanding-C0,fdc74bacb777e1e7,16-w6,C0,activity_understanding,development
16-w6-resident_identity-C1,fdc74bacb777e1e7,16-w6,C1,resident_identity,development
16-w6-occupancy_state-C1,fdc74bacb777e1e7,16-w6,C1,occupancy_state,development
16-w6-private_location-C1,fdc74bacb777e1e7,16-w6,C1,private_location,development
16-w6-routine_inference-C1,fdc74bacb777e1e7,16-w6,C1,routine_inference,development
16-w6-co_resident_activity-C1,fdc74bacb777e1e7,16-w6,C1,co_resident_activity,development
16-w6-activity_understanding-C1,fdc74bacb777e1e7,16-w6,C1,activity_understanding,development
16-w6-resident_identity-C2,fdc74bacb777e1e7,16-w6,C2,resident_identity,development
16-w6-occupancy_state-C2,fdc74bacb777e1e7,16-w6,C2,occupancy_state,development
16-w6-private_location-C2,fdc74bacb777e1e7,16-w6,C2,private_location,development
16-w6-routine_inference-C2,fdc74bacb777e1e7,16-w6,C2,routine_inference,development
16-w6-co_resident_activity-C2,fdc74bacb777e1e7,16-w6,C2,co_resident_activity,development
16-w6-activity_understanding-C2,fdc74bacb777e1e7,16-w6,C2,activity_understanding,development
16-w6-resident_identity-C3,fdc74bacb777e1e7,16-w6,C3,resident_identity,development
16-w6-occupancy_state-C3,fdc74bacb777e1e7,16-w6,C3,occupancy_state,development
16-w6-private_location-C3,fdc74bacb777e1e7,16-w6,C3,private_location,development
16-w6-routine_inference-C3,fdc74bacb777e1e7,16-w6,C3,routine_inference,development
16-w6-co_resident_activity-C3,fdc74bacb777e1e7,16-w6,C3,co_resident_activity,development
16-w6-activity_understanding-C3,fdc74bacb777e1e7,16-w6,C3,activity_understanding,development
16-w6-resident_identity-C4,fdc74bacb777e1e7,16-w6,C4,resident_identity,development
16-w6-occupancy_state-C4,fdc74bacb777e1e7,16-w6,C4,occupancy_state,development
16-w6-private_location-C4,fdc74bacb777e1e7,16-w6,C4,private_location,development
16-w6-routine_inference-C4,fdc74bacb777e1e7,16-w6,C4,routine_inference,development
16-w6-co_resident_activity-C4,fdc74bacb777e1e7,16-w6,C4,co_resident_activity,development
16-w6-activity_understanding-C4,fdc74bacb777e1e7,16-w6,C4,activity_understanding,development
16-w7-resident_identity-C0,fdc74bacb777e1e7,16-w7,C0,resident_identity,development
16-w7-occupancy_state-C0,fdc74bacb777e1e7,16-w7,C0,occupancy_state,development
16-w7-private_location-C0,fdc74bacb777e1e7,16-w7,C0,private_location,development
16-w7-routine_inference-C0,fdc74bacb777e1e7,16-w7,C0,routine_inference,development
16-w7-co_resident_activity-C0,fdc74bacb777e1e7,16-w7,C0,co_resident_activity,development
16-w7-activity_understanding-C0,fdc74bacb777e1e7,16-w7,C0,activity_understanding,development
16-w7-resident_identity-C1,fdc74bacb777e1e7,16-w7,C1,resident_identity,development
16-w7-occupancy_state-C1,fdc74bacb777e1e7,16-w7,C1,occupancy_state,development
16-w7-private_location-C1,fdc74bacb777e1e7,16-w7,C1,private_location,development
16-w7-routine_inference-C1,fdc74bacb777e1e7,16-w7,C1,routine_inference,development
16-w7-co_resident_activity-C1,fdc74bacb777e1e7,16-w7,C1,co_resident_activity,development
16-w7-activity_understanding-C1,fdc74bacb777e1e7,16-w7,C1,activity_understanding,development
16-w7-resident_identity-C2,fdc74bacb777e1e7,16-w7,C2,resident_identity,development
16-w7-occupancy_state-C2,fdc74bacb777e1e7,16-w7,C2,occupancy_state,development
16-w7-private_location-C2,fdc74bacb777e1e7,16-w7,C2,private_location,development
16-w7-routine_inference-C2,fdc74bacb777e1e7,16-w7,C2,routine_inference,development
16-w7-co_resident_activity-C2,fdc74bacb777e1e7,16-w7,C2,co_resident_activity,development
16-w7-activity_understanding-C2,fdc74bacb777e1e7,16-w7,C2,activity_understanding,development
16-w7-resident_identity-C3,fdc74bacb777e1e7,16-w7,C3,resident_identity,development
16-w7-occupancy_state-C3,fdc74bacb777e1e7,16-w7,C3,occupancy_state,development
16-w7-private_location-C3,fdc74bacb777e1e7,16-w7,C3,private_location,development
16-w7-routine_inference-C3,fdc74bacb777e1e7,16-w7,C3,routine_inference,development
16-w7-co_resident_activity-C3,fdc74bacb777e1e7,16-w7,C3,co_resident_activity,development
16-w7-activity_understanding-C3,fdc74bacb777e1e7,16-w7,C3,activity_understanding,development
16-w7-resident_identity-C4,fdc74bacb777e1e7,16-w7,C4,resident_identity,development
16-w7-occupancy_state-C4,fdc74bacb777e1e7,16-w7,C4,occupancy_state,development
16-w7-private_location-C4,fdc74bacb777e1e7,16-w7,C4,private_location,development
16-w7-routine_inference-C4,fdc74bacb777e1e7,16-w7,C4,routine_inference,development
16-w7-co_resident_activity-C4,fdc74bacb777e1e7,16-w7,C4,co_resident_activity,development
16-w7-activity_understanding-C4,fdc74bacb777e1e7,16-w7,C4,activity_understanding,development
16-w8-resident_identity-C0,fdc74bacb777e1e7,16-w8,C0,resident_identity,development
16-w8-occupancy_state-C0,fdc74bacb777e1e7,16-w8,C0,occupancy_state,development
16-w8-private_location-C0,fdc74bacb777e1e7,16-w8,C0,private_location,development
16-w8-routine_inference-C0,fdc74bacb777e1e7,16-w8,C0,routine_inference,development
16-w8-co_resident_activity-C0,fdc74bacb777e1e7,16-w8,C0,co_resident_activity,development
16-w8-activity_understanding-C0,fdc74bacb777e1e7,16-w8,C0,activity_understanding,development
16-w8-resident_identity-C1,fdc74bacb777e1e7,16-w8,C1,resident_identity,development
16-w8-occupancy_state-C1,fdc74bacb777e1e7,16-w8,C1,occupancy_state,development
16-w8-private_location-C1,fdc74bacb777e1e7,16-w8,C1,private_location,development
16-w8-routine_inference-C1,fdc74bacb777e1e7,16-w8,C1,routine_inference,development
16-w8-co_resident_activity-C1,fdc74bacb777e1e7,16-w8,C1,co_resident_activity,development
16-w8-activity_understanding-C1,fdc74bacb777e1e7,16-w8,C1,activity_understanding,development
16-w8-resident_identity-C2,fdc74bacb777e1e7,16-w8,C2,resident_identity,development
16-w8-occupancy_state-C2,fdc74bacb777e1e7,16-w8,C2,occupancy_state,development
16-w8-private_location-C2,fdc74bacb777e1e7,16-w8,C2,private_location,development
16-w8-routine_inference-C2,fdc74bacb777e1e7,16-w8,C2,routine_inference,development
16-w8-co_resident_activity-C2,fdc74bacb777e1e7,16-w8,C2,co_resident_activity,development
16-w8-activity_understanding-C2,fdc74bacb777e1e7,16-w8,C2,activity_understanding,development
16-w8-resident_identity-C3,fdc74bacb777e1e7,16-w8,C3,resident_identity,development
16-w8-occupancy_state-C3,fdc74bacb777e1e7,16-w8,C3,occupancy_state,development
16-w8-private_location-C3,fdc74bacb777e1e7,16-w8,C3,private_location,development
16-w8-routine_inference-C3,fdc74bacb777e1e7,16-w8,C3,routine_inference,development
16-w8-co_resident_activity-C3,fdc74bacb777e1e7,16-w8,C3,co_resident_activity,development
16-w8-activity_understanding-C3,fdc74bacb777e1e7,16-w8,C3,activity_understanding,development
16-w8-resident_identity-C4,fdc74bacb777e1e7,16-w8,C4,resident_identity,development
16-w8-occupancy_state-C4,fdc74bacb777e1e7,16-w8,C4,occupancy_state,development
16-w8-private_location-C4,fdc74bacb777e1e7,16-w8,C4,private_location,development
16-w8-routine_inference-C4,fdc74bacb777e1e7,16-w8,C4,routine_inference,development
16-w8-co_resident_activity-C4,fdc74bacb777e1e7,16-w8,C4,co_resident_activity,development
16-w8-activity_understanding-C4,fdc74bacb777e1e7,16-w8,C4,activity_understanding,development
16-w9-resident_identity-C0,fdc74bacb777e1e7,16-w9,C0,resident_identity,development
16-w9-occupancy_state-C0,fdc74bacb777e1e7,16-w9,C0,occupancy_state,development
16-w9-private_location-C0,fdc74bacb777e1e7,16-w9,C0,private_location,development
16-w9-routine_inference-C0,fdc74bacb777e1e7,16-w9,C0,routine_inference,development
16-w9-co_resident_activity-C0,fdc74bacb777e1e7,16-w9,C0,co_resident_activity,development
16-w9-activity_understanding-C0,fdc74bacb777e1e7,16-w9,C0,activity_understanding,development
16-w9-resident_identity-C1,fdc74bacb777e1e7,16-w9,C1,resident_identity,development
16-w9-occupancy_state-C1,fdc74bacb777e1e7,16-w9,C1,occupancy_state,development
16-w9-private_location-C1,fdc74bacb777e1e7,16-w9,C1,private_location,development
16-w9-routine_inference-C1,fdc74bacb777e1e7,16-w9,C1,routine_inference,development
16-w9-co_resident_activity-C1,fdc74bacb777e1e7,16-w9,C1,co_resident_activity,development
16-w9-activity_understanding-C1,fdc74bacb777e1e7,16-w9,C1,activity_understanding,development
16-w9-resident_identity-C2,fdc74bacb777e1e7,16-w9,C2,resident_identity,development
16-w9-occupancy_state-C2,fdc74bacb777e1e7,16-w9,C2,occupancy_state,development
16-w9-private_location-C2,fdc74bacb777e1e7,16-w9,C2,private_location,development
16-w9-routine_inference-C2,fdc74bacb777e1e7,16-w9,C2,routine_inference,development
16-w9-co_resident_activity-C2,fdc74bacb777e1e7,16-w9,C2,co_resident_activity,development
16-w9-activity_understanding-C2,fdc74bacb777e1e7,16-w9,C2,activity_understanding,development
16-w9-resident_identity-C3,fdc74bacb777e1e7,16-w9,C3,resident_identity,development
16-w9-occupancy_state-C3,fdc74bacb777e1e7,16-w9,C3,occupancy_state,development
16-w9-private_location-C3,fdc74bacb777e1e7,16-w9,C3,private_location,development
16-w9-routine_inference-C3,fdc74bacb777e1e7,16-w9,C3,routine_inference,development
16-w9-co_resident_activity-C3,fdc74bacb777e1e7,16-w9,C3,co_resident_activity,development
16-w9-activity_understanding-C3,fdc74bacb777e1e7,16-w9,C3,activity_understanding,development
16-w9-resident_identity-C4,fdc74bacb777e1e7,16-w9,C4,resident_identity,development
16-w9-occupancy_state-C4,fdc74bacb777e1e7,16-w9,C4,occupancy_state,development
16-w9-private_location-C4,fdc74bacb777e1e7,16-w9,C4,private_location,development
16-w9-routine_inference-C4,fdc74bacb777e1e7,16-w9,C4,routine_inference,development
16-w9-co_resident_activity-C4,fdc74bacb777e1e7,16-w9,C4,co_resident_activity,development
16-w9-activity_understanding-C4,fdc74bacb777e1e7,16-w9,C4,activity_understanding,development
16-w10-resident_identity-C0,fdc74bacb777e1e7,16-w10,C0,resident_identity,development
16-w10-occupancy_state-C0,fdc74bacb777e1e7,16-w10,C0,occupancy_state,development
16-w10-private_location-C0,fdc74bacb777e1e7,16-w10,C0,private_location,development
16-w10-routine_inference-C0,fdc74bacb777e1e7,16-w10,C0,routine_inference,development
16-w10-co_resident_activity-C0,fdc74bacb777e1e7,16-w10,C0,co_resident_activity,development
16-w10-activity_understanding-C0,fdc74bacb777e1e7,16-w10,C0,activity_understanding,development
16-w10-resident_identity-C1,fdc74bacb777e1e7,16-w10,C1,resident_identity,development
16-w10-occupancy_state-C1,fdc74bacb777e1e7,16-w10,C1,occupancy_state,development
16-w10-private_location-C1,fdc74bacb777e1e7,16-w10,C1,private_location,development
16-w10-routine_inference-C1,fdc74bacb777e1e7,16-w10,C1,routine_inference,development
16-w10-co_resident_activity-C1,fdc74bacb777e1e7,16-w10,C1,co_resident_activity,development
16-w10-activity_understanding-C1,fdc74bacb777e1e7,16-w10,C1,activity_understanding,development
16-w10-resident_identity-C2,fdc74bacb777e1e7,16-w10,C2,resident_identity,development
16-w10-occupancy_state-C2,fdc74bacb777e1e7,16-w10,C2,occupancy_state,development
16-w10-private_location-C2,fdc74bacb777e1e7,16-w10,C2,private_location,development
16-w10-routine_inference-C2,fdc74bacb777e1e7,16-w10,C2,routine_inference,development
16-w10-co_resident_activity-C2,fdc74bacb777e1e7,16-w10,C2,co_resident_activity,development
16-w10-activity_understanding-C2,fdc74bacb777e1e7,16-w10,C2,activity_understanding,development
16-w10-resident_identity-C3,fdc74bacb777e1e7,16-w10,C3,resident_identity,development
16-w10-occupancy_state-C3,fdc74bacb777e1e7,16-w10,C3,occupancy_state,development
16-w10-private_location-C3,fdc74bacb777e1e7,16-w10,C3,private_location,development
16-w10-routine_inference-C3,fdc74bacb777e1e7,16-w10,C3,routine_inference,development
16-w10-co_resident_activity-C3,fdc74bacb777e1e7,16-w10,C3,co_resident_activity,development
16-w10-activity_understanding-C3,fdc74bacb777e1e7,16-w10,C3,activity_understanding,development
16-w10-resident_identity-C4,fdc74bacb777e1e7,16-w10,C4,resident_identity,development
16-w10-occupancy_state-C4,fdc74bacb777e1e7,16-w10,C4,occupancy_state,development
16-w10-private_location-C4,fdc74bacb777e1e7,16-w10,C4,private_location,development
16-w10-routine_inference-C4,fdc74bacb777e1e7,16-w10,C4,routine_inference,development
16-w10-co_resident_activity-C4,fdc74bacb777e1e7,16-w10,C4,co_resident_activity,development
16-w10-activity_understanding-C4,fdc74bacb777e1e7,16-w10,C4,activity_understanding,development
18-w0-resident_identity-C0,476912c303d9247f,18-w0,C0,resident_identity,development
18-w0-occupancy_state-C0,476912c303d9247f,18-w0,C0,occupancy_state,development
18-w0-private_location-C0,476912c303d9247f,18-w0,C0,private_location,development
18-w0-routine_inference-C0,476912c303d9247f,18-w0,C0,routine_inference,development
18-w0-co_resident_activity-C0,476912c303d9247f,18-w0,C0,co_resident_activity,development
18-w0-activity_understanding-C0,476912c303d9247f,18-w0,C0,activity_understanding,development
18-w0-resident_identity-C1,476912c303d9247f,18-w0,C1,resident_identity,development
18-w0-occupancy_state-C1,476912c303d9247f,18-w0,C1,occupancy_state,development
18-w0-private_location-C1,476912c303d9247f,18-w0,C1,private_location,development
18-w0-routine_inference-C1,476912c303d9247f,18-w0,C1,routine_inference,development
18-w0-co_resident_activity-C1,476912c303d9247f,18-w0,C1,co_resident_activity,development
18-w0-activity_understanding-C1,476912c303d9247f,18-w0,C1,activity_understanding,development
18-w0-resident_identity-C2,476912c303d9247f,18-w0,C2,resident_identity,development
18-w0-occupancy_state-C2,476912c303d9247f,18-w0,C2,occupancy_state,development
18-w0-private_location-C2,476912c303d9247f,18-w0,C2,private_location,development
18-w0-routine_inference-C2,476912c303d9247f,18-w0,C2,routine_inference,development
18-w0-co_resident_activity-C2,476912c303d9247f,18-w0,C2,co_resident_activity,development
18-w0-activity_understanding-C2,476912c303d9247f,18-w0,C2,activity_understanding,development
18-w0-resident_identity-C3,476912c303d9247f,18-w0,C3,resident_identity,development
18-w0-occupancy_state-C3,476912c303d9247f,18-w0,C3,occupancy_state,development
18-w0-private_location-C3,476912c303d9247f,18-w0,C3,private_location,development
18-w0-routine_inference-C3,476912c303d9247f,18-w0,C3,routine_inference,development
18-w0-co_resident_activity-C3,476912c303d9247f,18-w0,C3,co_resident_activity,development
18-w0-activity_understanding-C3,476912c303d9247f,18-w0,C3,activity_understanding,development
18-w0-resident_identity-C4,476912c303d9247f,18-w0,C4,resident_identity,development
18-w0-occupancy_state-C4,476912c303d9247f,18-w0,C4,occupancy_state,development
18-w0-private_location-C4,476912c303d9247f,18-w0,C4,private_location,development
18-w0-routine_inference-C4,476912c303d9247f,18-w0,C4,routine_inference,development
18-w0-co_resident_activity-C4,476912c303d9247f,18-w0,C4,co_resident_activity,development
18-w0-activity_understanding-C4,476912c303d9247f,18-w0,C4,activity_understanding,development
18-w1-resident_identity-C0,476912c303d9247f,18-w1,C0,resident_identity,development
18-w1-occupancy_state-C0,476912c303d9247f,18-w1,C0,occupancy_state,development
18-w1-private_location-C0,476912c303d9247f,18-w1,C0,private_location,development
18-w1-routine_inference-C0,476912c303d9247f,18-w1,C0,routine_inference,development
18-w1-co_resident_activity-C0,476912c303d9247f,18-w1,C0,co_resident_activity,development
18-w1-activity_understanding-C0,476912c303d9247f,18-w1,C0,activity_understanding,development
18-w1-resident_identity-C1,476912c303d9247f,18-w1,C1,resident_identity,development
18-w1-occupancy_state-C1,476912c303d9247f,18-w1,C1,occupancy_state,development
18-w1-private_location-C1,476912c303d9247f,18-w1,C1,private_location,development
18-w1-routine_inference-C1,476912c303d9247f,18-w1,C1,routine_inference,development
18-w1-co_resident_activity-C1,476912c303d9247f,18-w1,C1,co_resident_activity,development
18-w1-activity_understanding-C1,476912c303d9247f,18-w1,C1,activity_understanding,development
18-w1-resident_identity-C2,476912c303d9247f,18-w1,C2,resident_identity,development
18-w1-occupancy_state-C2,476912c303d9247f,18-w1,C2,occupancy_state,development
18-w1-private_location-C2,476912c303d9247f,18-w1,C2,private_location,development
18-w1-routine_inference-C2,476912c303d9247f,18-w1,C2,routine_inference,development
18-w1-co_resident_activity-C2,476912c303d9247f,18-w1,C2,co_resident_activity,development
18-w1-activity_understanding-C2,476912c303d9247f,18-w1,C2,activity_understanding,development
18-w1-resident_identity-C3,476912c303d9247f,18-w1,C3,resident_identity,development
18-w1-occupancy_state-C3,476912c303d9247f,18-w1,C3,occupancy_state,development
18-w1-private_location-C3,476912c303d9247f,18-w1,C3,private_location,development
18-w1-routine_inference-C3,476912c303d9247f,18-w1,C3,routine_inference,development
18-w1-co_resident_activity-C3,476912c303d9247f,18-w1,C3,co_resident_activity,development
18-w1-activity_understanding-C3,476912c303d9247f,18-w1,C3,activity_understanding,development
18-w1-resident_identity-C4,476912c303d9247f,18-w1,C4,resident_identity,development
18-w1-occupancy_state-C4,476912c303d9247f,18-w1,C4,occupancy_state,development
18-w1-private_location-C4,476912c303d9247f,18-w1,C4,private_location,development
18-w1-routine_inference-C4,476912c303d9247f,18-w1,C4,routine_inference,development
18-w1-co_resident_activity-C4,476912c303d9247f,18-w1,C4,co_resident_activity,development
18-w1-activity_understanding-C4,476912c303d9247f,18-w1,C4,activity_understanding,development
18-w2-resident_identity-C0,476912c303d9247f,18-w2,C0,resident_identity,development
18-w2-occupancy_state-C0,476912c303d9247f,18-w2,C0,occupancy_state,development
18-w2-private_location-C0,476912c303d9247f,18-w2,C0,private_location,development
18-w2-routine_inference-C0,476912c303d9247f,18-w2,C0,routine_inference,development
18-w2-co_resident_activity-C0,476912c303d9247f,18-w2,C0,co_resident_activity,development
18-w2-activity_understanding-C0,476912c303d9247f,18-w2,C0,activity_understanding,development
18-w2-resident_identity-C1,476912c303d9247f,18-w2,C1,resident_identity,development
18-w2-occupancy_state-C1,476912c303d9247f,18-w2,C1,occupancy_state,development
18-w2-private_location-C1,476912c303d9247f,18-w2,C1,private_location,development
18-w2-routine_inference-C1,476912c303d9247f,18-w2,C1,routine_inference,development
18-w2-co_resident_activity-C1,476912c303d9247f,18-w2,C1,co_resident_activity,development
18-w2-activity_understanding-C1,476912c303d9247f,18-w2,C1,activity_understanding,development
18-w2-resident_identity-C2,476912c303d9247f,18-w2,C2,resident_identity,development
18-w2-occupancy_state-C2,476912c303d9247f,18-w2,C2,occupancy_state,development
18-w2-private_location-C2,476912c303d9247f,18-w2,C2,private_location,development
18-w2-routine_inference-C2,476912c303d9247f,18-w2,C2,routine_inference,development
18-w2-co_resident_activity-C2,476912c303d9247f,18-w2,C2,co_resident_activity,development
18-w2-activity_understanding-C2,476912c303d9247f,18-w2,C2,activity_understanding,development
18-w2-resident_identity-C3,476912c303d9247f,18-w2,C3,resident_identity,development
18-w2-occupancy_state-C3,476912c303d9247f,18-w2,C3,occupancy_state,development
18-w2-private_location-C3,476912c303d9247f,18-w2,C3,private_location,development
18-w2-routine_inference-C3,476912c303d9247f,18-w2,C3,routine_inference,development
18-w2-co_resident_activity-C3,476912c303d9247f,18-w2,C3,co_resident_activity,development
18-w2-activity_understanding-C3,476912c303d9247f,18-w2,C3,activity_understanding,development
18-w2-resident_identity-C4,476912c303d9247f,18-w2,C4,resident_identity,development
18-w2-occupancy_state-C4,476912c303d9247f,18-w2,C4,occupancy_state,development
18-w2-private_location-C4,476912c303d9247f,18-w2,C4,private_location,development
18-w2-routine_inference-C4,476912c303d9247f,18-w2,C4,routine_inference,development
18-w2-co_resident_activity-C4,476912c303d9247f,18-w2,C4,co_resident_activity,development
18-w2-activity_understanding-C4,476912c303d9247f,18-w2,C4,activity_understanding,development
18-w3-resident_identity-C0,476912c303d9247f,18-w3,C0,resident_identity,development
18-w3-occupancy_state-C0,476912c303d9247f,18-w3,C0,occupancy_state,development
18-w3-private_location-C0,476912c303d9247f,18-w3,C0,private_location,development
18-w3-routine_inference-C0,476912c303d9247f,18-w3,C0,routine_inference,development
18-w3-co_resident_activity-C0,476912c303d9247f,18-w3,C0,co_resident_activity,development
18-w3-activity_understanding-C0,476912c303d9247f,18-w3,C0,activity_understanding,development
18-w3-resident_identity-C1,476912c303d9247f,18-w3,C1,resident_identity,development
18-w3-occupancy_state-C1,476912c303d9247f,18-w3,C1,occupancy_state,development
18-w3-private_location-C1,476912c303d9247f,18-w3,C1,private_location,development
18-w3-routine_inference-C1,476912c303d9247f,18-w3,C1,routine_inference,development
18-w3-co_resident_activity-C1,476912c303d9247f,18-w3,C1,co_resident_activity,development
18-w3-activity_understanding-C1,476912c303d9247f,18-w3,C1,activity_understanding,development
18-w3-resident_identity-C2,476912c303d9247f,18-w3,C2,resident_identity,development
18-w3-occupancy_state-C2,476912c303d9247f,18-w3,C2,occupancy_state,development
18-w3-private_location-C2,476912c303d9247f,18-w3,C2,private_location,development
18-w3-routine_inference-C2,476912c303d9247f,18-w3,C2,routine_inference,development
18-w3-co_resident_activity-C2,476912c303d9247f,18-w3,C2,co_resident_activity,development
18-w3-activity_understanding-C2,476912c303d9247f,18-w3,C2,activity_understanding,development
18-w3-resident_identity-C3,476912c303d9247f,18-w3,C3,resident_identity,development
18-w3-occupancy_state-C3,476912c303d9247f,18-w3,C3,occupancy_state,development
18-w3-private_location-C3,476912c303d9247f,18-w3,C3,private_location,development
18-w3-routine_inference-C3,476912c303d9247f,18-w3,C3,routine_inference,development
18-w3-co_resident_activity-C3,476912c303d9247f,18-w3,C3,co_resident_activity,development
18-w3-activity_understanding-C3,476912c303d9247f,18-w3,C3,activity_understanding,development
18-w3-resident_identity-C4,476912c303d9247f,18-w3,C4,resident_identity,development
18-w3-occupancy_state-C4,476912c303d9247f,18-w3,C4,occupancy_state,development
18-w3-private_location-C4,476912c303d9247f,18-w3,C4,private_location,development
18-w3-routine_inference-C4,476912c303d9247f,18-w3,C4,routine_inference,development
18-w3-co_resident_activity-C4,476912c303d9247f,18-w3,C4,co_resident_activity,development
18-w3-activity_understanding-C4,476912c303d9247f,18-w3,C4,activity_understanding,development
18-w4-resident_identity-C0,476912c303d9247f,18-w4,C0,resident_identity,development
18-w4-occupancy_state-C0,476912c303d9247f,18-w4,C0,occupancy_state,development
18-w4-private_location-C0,476912c303d9247f,18-w4,C0,private_location,development
18-w4-routine_inference-C0,476912c303d9247f,18-w4,C0,routine_inference,development
18-w4-co_resident_activity-C0,476912c303d9247f,18-w4,C0,co_resident_activity,development
18-w4-activity_understanding-C0,476912c303d9247f,18-w4,C0,activity_understanding,development
18-w4-resident_identity-C1,476912c303d9247f,18-w4,C1,resident_identity,development
18-w4-occupancy_state-C1,476912c303d9247f,18-w4,C1,occupancy_state,development
18-w4-private_location-C1,476912c303d9247f,18-w4,C1,private_location,development
18-w4-routine_inference-C1,476912c303d9247f,18-w4,C1,routine_inference,development
18-w4-co_resident_activity-C1,476912c303d9247f,18-w4,C1,co_resident_activity,development
18-w4-activity_understanding-C1,476912c303d9247f,18-w4,C1,activity_understanding,development
18-w4-resident_identity-C2,476912c303d9247f,18-w4,C2,resident_identity,development
18-w4-occupancy_state-C2,476912c303d9247f,18-w4,C2,occupancy_state,development
18-w4-private_location-C2,476912c303d9247f,18-w4,C2,private_location,development
18-w4-routine_inference-C2,476912c303d9247f,18-w4,C2,routine_inference,development
18-w4-co_resident_activity-C2,476912c303d9247f,18-w4,C2,co_resident_activity,development
18-w4-activity_understanding-C2,476912c303d9247f,18-w4,C2,activity_understanding,development
18-w4-resident_identity-C3,476912c303d9247f,18-w4,C3,resident_identity,development
18-w4-occupancy_state-C3,476912c303d9247f,18-w4,C3,occupancy_state,development
18-w4-private_location-C3,476912c303d9247f,18-w4,C3,private_location,development
18-w4-routine_inference-C3,476912c303d9247f,18-w4,C3,routine_inference,development
18-w4-co_resident_activity-C3,476912c303d9247f,18-w4,C3,co_resident_activity,development
18-w4-activity_understanding-C3,476912c303d9247f,18-w4,C3,activity_understanding,development
18-w4-resident_identity-C4,476912c303d9247f,18-w4,C4,resident_identity,development
18-w4-occupancy_state-C4,476912c303d9247f,18-w4,C4,occupancy_state,development
18-w4-private_location-C4,476912c303d9247f,18-w4,C4,private_location,development
18-w4-routine_inference-C4,476912c303d9247f,18-w4,C4,routine_inference,development
18-w4-co_resident_activity-C4,476912c303d9247f,18-w4,C4,co_resident_activity,development
18-w4-activity_understanding-C4,476912c303d9247f,18-w4,C4,activity_understanding,development
18-w5-resident_identity-C0,476912c303d9247f,18-w5,C0,resident_identity,development
18-w5-occupancy_state-C0,476912c303d9247f,18-w5,C0,occupancy_state,development
18-w5-private_location-C0,476912c303d9247f,18-w5,C0,private_location,development
18-w5-routine_inference-C0,476912c303d9247f,18-w5,C0,routine_inference,development
18-w5-co_resident_activity-C0,476912c303d9247f,18-w5,C0,co_resident_activity,development
18-w5-activity_understanding-C0,476912c303d9247f,18-w5,C0,activity_understanding,development
18-w5-resident_identity-C1,476912c303d9247f,18-w5,C1,resident_identity,development
18-w5-occupancy_state-C1,476912c303d9247f,18-w5,C1,occupancy_state,development
18-w5-private_location-C1,476912c303d9247f,18-w5,C1,private_location,development
18-w5-routine_inference-C1,476912c303d9247f,18-w5,C1,routine_inference,development
18-w5-co_resident_activity-C1,476912c303d9247f,18-w5,C1,co_resident_activity,development
18-w5-activity_understanding-C1,476912c303d9247f,18-w5,C1,activity_understanding,development
18-w5-resident_identity-C2,476912c303d9247f,18-w5,C2,resident_identity,development
18-w5-occupancy_state-C2,476912c303d9247f,18-w5,C2,occupancy_state,development
18-w5-private_location-C2,476912c303d9247f,18-w5,C2,private_location,development
18-w5-routine_inference-C2,476912c303d9247f,18-w5,C2,routine_inference,development
18-w5-co_resident_activity-C2,476912c303d9247f,18-w5,C2,co_resident_activity,development
18-w5-activity_understanding-C2,476912c303d9247f,18-w5,C2,activity_understanding,development
18-w5-resident_identity-C3,476912c303d9247f,18-w5,C3,resident_identity,development
18-w5-occupancy_state-C3,476912c303d9247f,18-w5,C3,occupancy_state,development
18-w5-private_location-C3,476912c303d9247f,18-w5,C3,private_location,development
18-w5-routine_inference-C3,476912c303d9247f,18-w5,C3,routine_inference,development
18-w5-co_resident_activity-C3,476912c303d9247f,18-w5,C3,co_resident_activity,development
18-w5-activity_understanding-C3,476912c303d9247f,18-w5,C3,activity_understanding,development
18-w5-resident_identity-C4,476912c303d9247f,18-w5,C4,resident_identity,development
18-w5-occupancy_state-C4,476912c303d9247f,18-w5,C4,occupancy_state,development
18-w5-private_location-C4,476912c303d9247f,18-w5,C4,private_location,development
18-w5-routine_inference-C4,476912c303d9247f,18-w5,C4,routine_inference,development
18-w5-co_resident_activity-C4,476912c303d9247f,18-w5,C4,co_resident_activity,development
18-w5-activity_understanding-C4,476912c303d9247f,18-w5,C4,activity_understanding,development
18-w6-resident_identity-C0,476912c303d9247f,18-w6,C0,resident_identity,development
18-w6-occupancy_state-C0,476912c303d9247f,18-w6,C0,occupancy_state,development
18-w6-private_location-C0,476912c303d9247f,18-w6,C0,private_location,development
18-w6-routine_inference-C0,476912c303d9247f,18-w6,C0,routine_inference,development
18-w6-co_resident_activity-C0,476912c303d9247f,18-w6,C0,co_resident_activity,development
18-w6-activity_understanding-C0,476912c303d9247f,18-w6,C0,activity_understanding,development
18-w6-resident_identity-C1,476912c303d9247f,18-w6,C1,resident_identity,development
18-w6-occupancy_state-C1,476912c303d9247f,18-w6,C1,occupancy_state,development
18-w6-private_location-C1,476912c303d9247f,18-w6,C1,private_location,development
18-w6-routine_inference-C1,476912c303d9247f,18-w6,C1,routine_inference,development
18-w6-co_resident_activity-C1,476912c303d9247f,18-w6,C1,co_resident_activity,development
18-w6-activity_understanding-C1,476912c303d9247f,18-w6,C1,activity_understanding,development
18-w6-resident_identity-C2,476912c303d9247f,18-w6,C2,resident_identity,development
18-w6-occupancy_state-C2,476912c303d9247f,18-w6,C2,occupancy_state,development
18-w6-private_location-C2,476912c303d9247f,18-w6,C2,private_location,development
18-w6-routine_inference-C2,476912c303d9247f,18-w6,C2,routine_inference,development
18-w6-co_resident_activity-C2,476912c303d9247f,18-w6,C2,co_resident_activity,development
18-w6-activity_understanding-C2,476912c303d9247f,18-w6,C2,activity_understanding,development
18-w6-resident_identity-C3,476912c303d9247f,18-w6,C3,resident_identity,development
18-w6-occupancy_state-C3,476912c303d9247f,18-w6,C3,occupancy_state,development
18-w6-private_location-C3,476912c303d9247f,18-w6,C3,private_location,development
18-w6-routine_inference-C3,476912c303d9247f,18-w6,C3,routine_inference,development
18-w6-co_resident_activity-C3,476912c303d9247f,18-w6,C3,co_resident_activity,development
18-w6-activity_understanding-C3,476912c303d9247f,18-w6,C3,activity_understanding,development
18-w6-resident_identity-C4,476912c303d9247f,18-w6,C4,resident_identity,development
18-w6-occupancy_state-C4,476912c303d9247f,18-w6,C4,occupancy_state,development
18-w6-private_location-C4,476912c303d9247f,18-w6,C4,private_location,development
18-w6-routine_inference-C4,476912c303d9247f,18-w6,C4,routine_inference,development
18-w6-co_resident_activity-C4,476912c303d9247f,18-w6,C4,co_resident_activity,development
18-w6-activity_understanding-C4,476912c303d9247f,18-w6,C4,activity_understanding,development
18-w7-resident_identity-C0,476912c303d9247f,18-w7,C0,resident_identity,development
18-w7-occupancy_state-C0,476912c303d9247f,18-w7,C0,occupancy_state,development
18-w7-private_location-C0,476912c303d9247f,18-w7,C0,private_location,development
18-w7-routine_inference-C0,476912c303d9247f,18-w7,C0,routine_inference,development
18-w7-co_resident_activity-C0,476912c303d9247f,18-w7,C0,co_resident_activity,development
18-w7-activity_understanding-C0,476912c303d9247f,18-w7,C0,activity_understanding,development
18-w7-resident_identity-C1,476912c303d9247f,18-w7,C1,resident_identity,development
18-w7-occupancy_state-C1,476912c303d9247f,18-w7,C1,occupancy_state,development
18-w7-private_location-C1,476912c303d9247f,18-w7,C1,private_location,development
18-w7-routine_inference-C1,476912c303d9247f,18-w7,C1,routine_inference,development
18-w7-co_resident_activity-C1,476912c303d9247f,18-w7,C1,co_resident_activity,development
18-w7-activity_understanding-C1,476912c303d9247f,18-w7,C1,activity_understanding,development
18-w7-resident_identity-C2,476912c303d9247f,18-w7,C2,resident_identity,development
18-w7-occupancy_state-C2,476912c303d9247f,18-w7,C2,occupancy_state,development
18-w7-private_location-C2,476912c303d9247f,18-w7,C2,private_location,development
18-w7-routine_inference-C2,476912c303d9247f,18-w7,C2,routine_inference,development
18-w7-co_resident_activity-C2,476912c303d9247f,18-w7,C2,co_resident_activity,development
18-w7-activity_understanding-C2,476912c303d9247f,18-w7,C2,activity_understanding,development
18-w7-resident_identity-C3,476912c303d9247f,18-w7,C3,resident_identity,development
18-w7-occupancy_state-C3,476912c303d9247f,18-w7,C3,occupancy_state,development
18-w7-private_location-C3,476912c303d9247f,18-w7,C3,private_location,development
18-w7-routine_inference-C3,476912c303d9247f,18-w7,C3,routine_inference,development
18-w7-co_resident_activity-C3,476912c303d9247f,18-w7,C3,co_resident_activity,development
18-w7-activity_understanding-C3,476912c303d9247f,18-w7,C3,activity_understanding,development
18-w7-resident_identity-C4,476912c303d9247f,18-w7,C4,resident_identity,development
18-w7-occupancy_state-C4,476912c303d9247f,18-w7,C4,occupancy_state,development
18-w7-private_location-C4,476912c303d9247f,18-w7,C4,private_location,development
18-w7-routine_inference-C4,476912c303d9247f,18-w7,C4,routine_inference,development
18-w7-co_resident_activity-C4,476912c303d9247f,18-w7,C4,co_resident_activity,development
18-w7-activity_understanding-C4,476912c303d9247f,18-w7,C4,activity_understanding,development
18-w8-resident_identity-C0,476912c303d9247f,18-w8,C0,resident_identity,development
18-w8-occupancy_state-C0,476912c303d9247f,18-w8,C0,occupancy_state,development
18-w8-private_location-C0,476912c303d9247f,18-w8,C0,private_location,development
18-w8-routine_inference-C0,476912c303d9247f,18-w8,C0,routine_inference,development
18-w8-co_resident_activity-C0,476912c303d9247f,18-w8,C0,co_resident_activity,development
18-w8-activity_understanding-C0,476912c303d9247f,18-w8,C0,activity_understanding,development
18-w8-resident_identity-C1,476912c303d9247f,18-w8,C1,resident_identity,development
18-w8-occupancy_state-C1,476912c303d9247f,18-w8,C1,occupancy_state,development
18-w8-private_location-C1,476912c303d9247f,18-w8,C1,private_location,development
18-w8-routine_inference-C1,476912c303d9247f,18-w8,C1,routine_inference,development
18-w8-co_resident_activity-C1,476912c303d9247f,18-w8,C1,co_resident_activity,development
18-w8-activity_understanding-C1,476912c303d9247f,18-w8,C1,activity_understanding,development
18-w8-resident_identity-C2,476912c303d9247f,18-w8,C2,resident_identity,development
18-w8-occupancy_state-C2,476912c303d9247f,18-w8,C2,occupancy_state,development
18-w8-private_location-C2,476912c303d9247f,18-w8,C2,private_location,development
18-w8-routine_inference-C2,476912c303d9247f,18-w8,C2,routine_inference,development
18-w8-co_resident_activity-C2,476912c303d9247f,18-w8,C2,co_resident_activity,development
18-w8-activity_understanding-C2,476912c303d9247f,18-w8,C2,activity_understanding,development
18-w8-resident_identity-C3,476912c303d9247f,18-w8,C3,resident_identity,development
18-w8-occupancy_state-C3,476912c303d9247f,18-w8,C3,occupancy_state,development
18-w8-private_location-C3,476912c303d9247f,18-w8,C3,private_location,development
18-w8-routine_inference-C3,476912c303d9247f,18-w8,C3,routine_inference,development
18-w8-co_resident_activity-C3,476912c303d9247f,18-w8,C3,co_resident_activity,development
18-w8-activity_understanding-C3,476912c303d9247f,18-w8,C3,activity_understanding,development
18-w8-resident_identity-C4,476912c303d9247f,18-w8,C4,resident_identity,development
18-w8-occupancy_state-C4,476912c303d9247f,18-w8,C4,occupancy_state,development
18-w8-private_location-C4,476912c303d9247f,18-w8,C4,private_location,development
18-w8-routine_inference-C4,476912c303d9247f,18-w8,C4,routine_inference,development
18-w8-co_resident_activity-C4,476912c303d9247f,18-w8,C4,co_resident_activity,development
18-w8-activity_understanding-C4,476912c303d9247f,18-w8,C4,activity_understanding,development
18-w9-resident_identity-C0,476912c303d9247f,18-w9,C0,resident_identity,development
18-w9-occupancy_state-C0,476912c303d9247f,18-w9,C0,occupancy_state,development
18-w9-private_location-C0,476912c303d9247f,18-w9,C0,private_location,development
18-w9-routine_inference-C0,476912c303d9247f,18-w9,C0,routine_inference,development
18-w9-co_resident_activity-C0,476912c303d9247f,18-w9,C0,co_resident_activity,development
18-w9-activity_understanding-C0,476912c303d9247f,18-w9,C0,activity_understanding,development
18-w9-resident_identity-C1,476912c303d9247f,18-w9,C1,resident_identity,development
18-w9-occupancy_state-C1,476912c303d9247f,18-w9,C1,occupancy_state,development
18-w9-private_location-C1,476912c303d9247f,18-w9,C1,private_location,development
18-w9-routine_inference-C1,476912c303d9247f,18-w9,C1,routine_inference,development
18-w9-co_resident_activity-C1,476912c303d9247f,18-w9,C1,co_resident_activity,development
18-w9-activity_understanding-C1,476912c303d9247f,18-w9,C1,activity_understanding,development
18-w9-resident_identity-C2,476912c303d9247f,18-w9,C2,resident_identity,development
18-w9-occupancy_state-C2,476912c303d9247f,18-w9,C2,occupancy_state,development
18-w9-private_location-C2,476912c303d9247f,18-w9,C2,private_location,development
18-w9-routine_inference-C2,476912c303d9247f,18-w9,C2,routine_inference,development
18-w9-co_resident_activity-C2,476912c303d9247f,18-w9,C2,co_resident_activity,development
18-w9-activity_understanding-C2,476912c303d9247f,18-w9,C2,activity_understanding,development
18-w9-resident_identity-C3,476912c303d9247f,18-w9,C3,resident_identity,development
18-w9-occupancy_state-C3,476912c303d9247f,18-w9,C3,occupancy_state,development
18-w9-private_location-C3,476912c303d9247f,18-w9,C3,private_location,development
18-w9-routine_inference-C3,476912c303d9247f,18-w9,C3,routine_inference,development
18-w9-co_resident_activity-C3,476912c303d9247f,18-w9,C3,co_resident_activity,development
18-w9-activity_understanding-C3,476912c303d9247f,18-w9,C3,activity_understanding,development
18-w9-resident_identity-C4,476912c303d9247f,18-w9,C4,resident_identity,development
18-w9-occupancy_state-C4,476912c303d9247f,18-w9,C4,occupancy_state,development
18-w9-private_location-C4,476912c303d9247f,18-w9,C4,private_location,development
18-w9-routine_inference-C4,476912c303d9247f,18-w9,C4,routine_inference,development
18-w9-co_resident_activity-C4,476912c303d9247f,18-w9,C4,co_resident_activity,development
18-w9-activity_understanding-C4,476912c303d9247f,18-w9,C4,activity_understanding,development
18-w10-resident_identity-C0,476912c303d9247f,18-w10,C0,resident_identity,development
18-w10-occupancy_state-C0,476912c303d9247f,18-w10,C0,occupancy_state,development
18-w10-private_location-C0,476912c303d9247f,18-w10,C0,private_location,development
18-w10-routine_inference-C0,476912c303d9247f,18-w10,C0,routine_inference,development
18-w10-co_resident_activity-C0,476912c303d9247f,18-w10,C0,co_resident_activity,development
18-w10-activity_understanding-C0,476912c303d9247f,18-w10,C0,activity_understanding,development
18-w10-resident_identity-C1,476912c303d9247f,18-w10,C1,resident_identity,development
18-w10-occupancy_state-C1,476912c303d9247f,18-w10,C1,occupancy_state,development
18-w10-private_location-C1,476912c303d9247f,18-w10,C1,private_location,development
18-w10-routine_inference-C1,476912c303d9247f,18-w10,C1,routine_inference,development
18-w10-co_resident_activity-C1,476912c303d9247f,18-w10,C1,co_resident_activity,development
18-w10-activity_understanding-C1,476912c303d9247f,18-w10,C1,activity_understanding,development
18-w10-resident_identity-C2,476912c303d9247f,18-w10,C2,resident_identity,development
18-w10-occupancy_state-C2,476912c303d9247f,18-w10,C2,occupancy_state,development
18-w10-private_location-C2,476912c303d9247f,18-w10,C2,private_location,development
18-w10-routine_inference-C2,476912c303d9247f,18-w10,C2,routine_inference,development
18-w10-co_resident_activity-C2,476912c303d9247f,18-w10,C2,co_resident_activity,development
18-w10-activity_understanding-C2,476912c303d9247f,18-w10,C2,activity_understanding,development
18-w10-resident_identity-C3,476912c303d9247f,18-w10,C3,resident_identity,development
18-w10-occupancy_state-C3,476912c303d9247f,18-w10,C3,occupancy_state,development
18-w10-private_location-C3,476912c303d9247f,18-w10,C3,private_location,development
18-w10-routine_inference-C3,476912c303d9247f,18-w10,C3,routine_inference,development
18-w10-co_resident_activity-C3,476912c303d9247f,18-w10,C3,co_resident_activity,development
18-w10-activity_understanding-C3,476912c303d9247f,18-w10,C3,activity_understanding,development
18-w10-resident_identity-C4,476912c303d9247f,18-w10,C4,resident_identity,development
18-w10-occupancy_state-C4,476912c303d9247f,18-w10,C4,occupancy_state,development
18-w10-private_location-C4,476912c303d9247f,18-w10,C4,private_location,development
18-w10-routine_inference-C4,476912c303d9247f,18-w10,C4,routine_inference,development
18-w10-co_resident_activity-C4,476912c303d9247f,18-w10,C4,co_resident_activity,development
18-w10-activity_understanding-C4,476912c303d9247f,18-w10,C4,activity_understanding,development
18-w11-resident_identity-C0,476912c303d9247f,18-w11,C0,resident_identity,development
18-w11-occupancy_state-C0,476912c303d9247f,18-w11,C0,occupancy_state,development
18-w11-private_location-C0,476912c303d9247f,18-w11,C0,private_location,development
18-w11-routine_inference-C0,476912c303d9247f,18-w11,C0,routine_inference,development
18-w11-co_resident_activity-C0,476912c303d9247f,18-w11,C0,co_resident_activity,development
18-w11-activity_understanding-C0,476912c303d9247f,18-w11,C0,activity_understanding,development
18-w11-resident_identity-C1,476912c303d9247f,18-w11,C1,resident_identity,development
18-w11-occupancy_state-C1,476912c303d9247f,18-w11,C1,occupancy_state,development
18-w11-private_location-C1,476912c303d9247f,18-w11,C1,private_location,development
18-w11-routine_inference-C1,476912c303d9247f,18-w11,C1,routine_inference,development
18-w11-co_resident_activity-C1,476912c303d9247f,18-w11,C1,co_resident_activity,development
18-w11-activity_understanding-C1,476912c303d9247f,18-w11,C1,activity_understanding,development
18-w11-resident_identity-C2,476912c303d9247f,18-w11,C2,resident_identity,development
18-w11-occupancy_state-C2,476912c303d9247f,18-w11,C2,occupancy_state,development
18-w11-private_location-C2,476912c303d9247f,18-w11,C2,private_location,development
18-w11-routine_inference-C2,476912c303d9247f,18-w11,C2,routine_inference,development
18-w11-co_resident_activity-C2,476912c303d9247f,18-w11,C2,co_resident_activity,development
18-w11-activity_understanding-C2,476912c303d9247f,18-w11,C2,activity_understanding,development
18-w11-resident_identity-C3,476912c303d9247f,18-w11,C3,resident_identity,development
18-w11-occupancy_state-C3,476912c303d9247f,18-w11,C3,occupancy_state,development
18-w11-private_location-C3,476912c303d9247f,18-w11,C3,private_location,development
18-w11-routine_inference-C3,476912c303d9247f,18-w11,C3,routine_inference,development
18-w11-co_resident_activity-C3,476912c303d9247f,18-w11,C3,co_resident_activity,development
18-w11-activity_understanding-C3,476912c303d9247f,18-w11,C3,activity_understanding,development
18-w11-resident_identity-C4,476912c303d9247f,18-w11,C4,resident_identity,development
18-w11-occupancy_state-C4,476912c303d9247f,18-w11,C4,occupancy_state,development
18-w11-private_location-C4,476912c303d9247f,18-w11,C4,private_location,development
18-w11-routine_inference-C4,476912c303d9247f,18-w11,C4,routine_inference,development
18-w11-co_resident_activity-C4,476912c303d9247f,18-w11,C4,co_resident_activity,development
18-w11-activity_understanding-C4,476912c303d9247f,18-w11,C4,activity_understanding,development
19-w0-resident_identity-C0,5443329884924bcb,19-w0,C0,resident_identity,development
19-w0-occupancy_state-C0,5443329884924bcb,19-w0,C0,occupancy_state,development
19-w0-private_location-C0,5443329884924bcb,19-w0,C0,private_location,development
19-w0-routine_inference-C0,5443329884924bcb,19-w0,C0,routine_inference,development
19-w0-co_resident_activity-C0,5443329884924bcb,19-w0,C0,co_resident_activity,development
19-w0-activity_understanding-C0,5443329884924bcb,19-w0,C0,activity_understanding,development
19-w0-resident_identity-C1,5443329884924bcb,19-w0,C1,resident_identity,development
19-w0-occupancy_state-C1,5443329884924bcb,19-w0,C1,occupancy_state,development
19-w0-private_location-C1,5443329884924bcb,19-w0,C1,private_location,development
19-w0-routine_inference-C1,5443329884924bcb,19-w0,C1,routine_inference,development
19-w0-co_resident_activity-C1,5443329884924bcb,19-w0,C1,co_resident_activity,development
19-w0-activity_understanding-C1,5443329884924bcb,19-w0,C1,activity_understanding,development
19-w0-resident_identity-C2,5443329884924bcb,19-w0,C2,resident_identity,development
19-w0-occupancy_state-C2,5443329884924bcb,19-w0,C2,occupancy_state,development
19-w0-private_location-C2,5443329884924bcb,19-w0,C2,private_location,development
19-w0-routine_inference-C2,5443329884924bcb,19-w0,C2,routine_inference,development
19-w0-co_resident_activity-C2,5443329884924bcb,19-w0,C2,co_resident_activity,development
19-w0-activity_understanding-C2,5443329884924bcb,19-w0,C2,activity_understanding,development
19-w0-resident_identity-C3,5443329884924bcb,19-w0,C3,resident_identity,development
19-w0-occupancy_state-C3,5443329884924bcb,19-w0,C3,occupancy_state,development
19-w0-private_location-C3,5443329884924bcb,19-w0,C3,private_location,development
19-w0-routine_inference-C3,5443329884924bcb,19-w0,C3,routine_inference,development
19-w0-co_resident_activity-C3,5443329884924bcb,19-w0,C3,co_resident_activity,development
19-w0-activity_understanding-C3,5443329884924bcb,19-w0,C3,activity_understanding,development
19-w0-resident_identity-C4,5443329884924bcb,19-w0,C4,resident_identity,development
19-w0-occupancy_state-C4,5443329884924bcb,19-w0,C4,occupancy_state,development
19-w0-private_location-C4,5443329884924bcb,19-w0,C4,private_location,development
19-w0-routine_inference-C4,5443329884924bcb,19-w0,C4,routine_inference,development
19-w0-co_resident_activity-C4,5443329884924bcb,19-w0,C4,co_resident_activity,development
19-w0-activity_understanding-C4,5443329884924bcb,19-w0,C4,activity_understanding,development
19-w1-resident_identity-C0,5443329884924bcb,19-w1,C0,resident_identity,development
19-w1-occupancy_state-C0,5443329884924bcb,19-w1,C0,occupancy_state,development
19-w1-private_location-C0,5443329884924bcb,19-w1,C0,private_location,development
19-w1-routine_inference-C0,5443329884924bcb,19-w1,C0,routine_inference,development
19-w1-co_resident_activity-C0,5443329884924bcb,19-w1,C0,co_resident_activity,development
19-w1-activity_understanding-C0,5443329884924bcb,19-w1,C0,activity_understanding,development
19-w1-resident_identity-C1,5443329884924bcb,19-w1,C1,resident_identity,development
19-w1-occupancy_state-C1,5443329884924bcb,19-w1,C1,occupancy_state,development
19-w1-private_location-C1,5443329884924bcb,19-w1,C1,private_location,development
19-w1-routine_inference-C1,5443329884924bcb,19-w1,C1,routine_inference,development
19-w1-co_resident_activity-C1,5443329884924bcb,19-w1,C1,co_resident_activity,development
19-w1-activity_understanding-C1,5443329884924bcb,19-w1,C1,activity_understanding,development
19-w1-resident_identity-C2,5443329884924bcb,19-w1,C2,resident_identity,development
19-w1-occupancy_state-C2,5443329884924bcb,19-w1,C2,occupancy_state,development
19-w1-private_location-C2,5443329884924bcb,19-w1,C2,private_location,development
19-w1-routine_inference-C2,5443329884924bcb,19-w1,C2,routine_inference,development
19-w1-co_resident_activity-C2,5443329884924bcb,19-w1,C2,co_resident_activity,development
19-w1-activity_understanding-C2,5443329884924bcb,19-w1,C2,activity_understanding,development
19-w1-resident_identity-C3,5443329884924bcb,19-w1,C3,resident_identity,development
19-w1-occupancy_state-C3,5443329884924bcb,19-w1,C3,occupancy_state,development
19-w1-private_location-C3,5443329884924bcb,19-w1,C3,private_location,development
19-w1-routine_inference-C3,5443329884924bcb,19-w1,C3,routine_inference,development
19-w1-co_resident_activity-C3,5443329884924bcb,19-w1,C3,co_resident_activity,development
19-w1-activity_understanding-C3,5443329884924bcb,19-w1,C3,activity_understanding,development
19-w1-resident_identity-C4,5443329884924bcb,19-w1,C4,resident_identity,development
19-w1-occupancy_state-C4,5443329884924bcb,19-w1,C4,occupancy_state,development
19-w1-private_location-C4,5443329884924bcb,19-w1,C4,private_location,development
19-w1-routine_inference-C4,5443329884924bcb,19-w1,C4,routine_inference,development
19-w1-co_resident_activity-C4,5443329884924bcb,19-w1,C4,co_resident_activity,development
19-w1-activity_understanding-C4,5443329884924bcb,19-w1,C4,activity_understanding,development
19-w2-resident_identity-C0,5443329884924bcb,19-w2,C0,resident_identity,development
19-w2-occupancy_state-C0,5443329884924bcb,19-w2,C0,occupancy_state,development
19-w2-private_location-C0,5443329884924bcb,19-w2,C0,private_location,development
19-w2-routine_inference-C0,5443329884924bcb,19-w2,C0,routine_inference,development
19-w2-co_resident_activity-C0,5443329884924bcb,19-w2,C0,co_resident_activity,development
19-w2-activity_understanding-C0,5443329884924bcb,19-w2,C0,activity_understanding,development
19-w2-resident_identity-C1,5443329884924bcb,19-w2,C1,resident_identity,development
19-w2-occupancy_state-C1,5443329884924bcb,19-w2,C1,occupancy_state,development
19-w2-private_location-C1,5443329884924bcb,19-w2,C1,private_location,development
19-w2-routine_inference-C1,5443329884924bcb,19-w2,C1,routine_inference,development
19-w2-co_resident_activity-C1,5443329884924bcb,19-w2,C1,co_resident_activity,development
19-w2-activity_understanding-C1,5443329884924bcb,19-w2,C1,activity_understanding,development
19-w2-resident_identity-C2,5443329884924bcb,19-w2,C2,resident_identity,development
19-w2-occupancy_state-C2,5443329884924bcb,19-w2,C2,occupancy_state,development
19-w2-private_location-C2,5443329884924bcb,19-w2,C2,private_location,development
19-w2-routine_inference-C2,5443329884924bcb,19-w2,C2,routine_inference,development
19-w2-co_resident_activity-C2,5443329884924bcb,19-w2,C2,co_resident_activity,development
19-w2-activity_understanding-C2,5443329884924bcb,19-w2,C2,activity_understanding,development
19-w2-resident_identity-C3,5443329884924bcb,19-w2,C3,resident_identity,development
19-w2-occupancy_state-C3,5443329884924bcb,19-w2,C3,occupancy_state,development
19-w2-private_location-C3,5443329884924bcb,19-w2,C3,private_location,development
19-w2-routine_inference-C3,5443329884924bcb,19-w2,C3,routine_inference,development
19-w2-co_resident_activity-C3,5443329884924bcb,19-w2,C3,co_resident_activity,development
19-w2-activity_understanding-C3,5443329884924bcb,19-w2,C3,activity_understanding,development
19-w2-resident_identity-C4,5443329884924bcb,19-w2,C4,resident_identity,development
19-w2-occupancy_state-C4,5443329884924bcb,19-w2,C4,occupancy_state,development
19-w2-private_location-C4,5443329884924bcb,19-w2,C4,private_location,development
19-w2-routine_inference-C4,5443329884924bcb,19-w2,C4,routine_inference,development
19-w2-co_resident_activity-C4,5443329884924bcb,19-w2,C4,co_resident_activity,development
19-w2-activity_understanding-C4,5443329884924bcb,19-w2,C4,activity_understanding,development
19-w3-resident_identity-C0,5443329884924bcb,19-w3,C0,resident_identity,development
19-w3-occupancy_state-C0,5443329884924bcb,19-w3,C0,occupancy_state,development
19-w3-private_location-C0,5443329884924bcb,19-w3,C0,private_location,development
19-w3-routine_inference-C0,5443329884924bcb,19-w3,C0,routine_inference,development
19-w3-co_resident_activity-C0,5443329884924bcb,19-w3,C0,co_resident_activity,development
19-w3-activity_understanding-C0,5443329884924bcb,19-w3,C0,activity_understanding,development
19-w3-resident_identity-C1,5443329884924bcb,19-w3,C1,resident_identity,development
19-w3-occupancy_state-C1,5443329884924bcb,19-w3,C1,occupancy_state,development
19-w3-private_location-C1,5443329884924bcb,19-w3,C1,private_location,development
19-w3-routine_inference-C1,5443329884924bcb,19-w3,C1,routine_inference,development
19-w3-co_resident_activity-C1,5443329884924bcb,19-w3,C1,co_resident_activity,development
19-w3-activity_understanding-C1,5443329884924bcb,19-w3,C1,activity_understanding,development
19-w3-resident_identity-C2,5443329884924bcb,19-w3,C2,resident_identity,development
19-w3-occupancy_state-C2,5443329884924bcb,19-w3,C2,occupancy_state,development
19-w3-private_location-C2,5443329884924bcb,19-w3,C2,private_location,development
19-w3-routine_inference-C2,5443329884924bcb,19-w3,C2,routine_inference,development
19-w3-co_resident_activity-C2,5443329884924bcb,19-w3,C2,co_resident_activity,development
19-w3-activity_understanding-C2,5443329884924bcb,19-w3,C2,activity_understanding,development
19-w3-resident_identity-C3,5443329884924bcb,19-w3,C3,resident_identity,development
19-w3-occupancy_state-C3,5443329884924bcb,19-w3,C3,occupancy_state,development
19-w3-private_location-C3,5443329884924bcb,19-w3,C3,private_location,development
19-w3-routine_inference-C3,5443329884924bcb,19-w3,C3,routine_inference,development
19-w3-co_resident_activity-C3,5443329884924bcb,19-w3,C3,co_resident_activity,development
19-w3-activity_understanding-C3,5443329884924bcb,19-w3,C3,activity_understanding,development
19-w3-resident_identity-C4,5443329884924bcb,19-w3,C4,resident_identity,development
19-w3-occupancy_state-C4,5443329884924bcb,19-w3,C4,occupancy_state,development
19-w3-private_location-C4,5443329884924bcb,19-w3,C4,private_location,development
19-w3-routine_inference-C4,5443329884924bcb,19-w3,C4,routine_inference,development
19-w3-co_resident_activity-C4,5443329884924bcb,19-w3,C4,co_resident_activity,development
19-w3-activity_understanding-C4,5443329884924bcb,19-w3,C4,activity_understanding,development
19-w4-resident_identity-C0,5443329884924bcb,19-w4,C0,resident_identity,development
19-w4-occupancy_state-C0,5443329884924bcb,19-w4,C0,occupancy_state,development
19-w4-private_location-C0,5443329884924bcb,19-w4,C0,private_location,development
19-w4-routine_inference-C0,5443329884924bcb,19-w4,C0,routine_inference,development
19-w4-co_resident_activity-C0,5443329884924bcb,19-w4,C0,co_resident_activity,development
19-w4-activity_understanding-C0,5443329884924bcb,19-w4,C0,activity_understanding,development
19-w4-resident_identity-C1,5443329884924bcb,19-w4,C1,resident_identity,development
19-w4-occupancy_state-C1,5443329884924bcb,19-w4,C1,occupancy_state,development
19-w4-private_location-C1,5443329884924bcb,19-w4,C1,private_location,development
19-w4-routine_inference-C1,5443329884924bcb,19-w4,C1,routine_inference,development
19-w4-co_resident_activity-C1,5443329884924bcb,19-w4,C1,co_resident_activity,development
19-w4-activity_understanding-C1,5443329884924bcb,19-w4,C1,activity_understanding,development
19-w4-resident_identity-C2,5443329884924bcb,19-w4,C2,resident_identity,development
19-w4-occupancy_state-C2,5443329884924bcb,19-w4,C2,occupancy_state,development
19-w4-private_location-C2,5443329884924bcb,19-w4,C2,private_location,development
19-w4-routine_inference-C2,5443329884924bcb,19-w4,C2,routine_inference,development
19-w4-co_resident_activity-C2,5443329884924bcb,19-w4,C2,co_resident_activity,development
19-w4-activity_understanding-C2,5443329884924bcb,19-w4,C2,activity_understanding,development
19-w4-resident_identity-C3,5443329884924bcb,19-w4,C3,resident_identity,development
19-w4-occupancy_state-C3,5443329884924bcb,19-w4,C3,occupancy_state,development
19-w4-private_location-C3,5443329884924bcb,19-w4,C3,private_location,development
19-w4-routine_inference-C3,5443329884924bcb,19-w4,C3,routine_inference,development
19-w4-co_resident_activity-C3,5443329884924bcb,19-w4,C3,co_resident_activity,development
19-w4-activity_understanding-C3,5443329884924bcb,19-w4,C3,activity_understanding,development
19-w4-resident_identity-C4,5443329884924bcb,19-w4,C4,resident_identity,development
19-w4-occupancy_state-C4,5443329884924bcb,19-w4,C4,occupancy_state,development
19-w4-private_location-C4,5443329884924bcb,19-w4,C4,private_location,development
19-w4-routine_inference-C4,5443329884924bcb,19-w4,C4,routine_inference,development
19-w4-co_resident_activity-C4,5443329884924bcb,19-w4,C4,co_resident_activity,development
19-w4-activity_understanding-C4,5443329884924bcb,19-w4,C4,activity_understanding,development
19-w5-resident_identity-C0,5443329884924bcb,19-w5,C0,resident_identity,development
19-w5-occupancy_state-C0,5443329884924bcb,19-w5,C0,occupancy_state,development
19-w5-private_location-C0,5443329884924bcb,19-w5,C0,private_location,development
19-w5-routine_inference-C0,5443329884924bcb,19-w5,C0,routine_inference,development
19-w5-co_resident_activity-C0,5443329884924bcb,19-w5,C0,co_resident_activity,development
19-w5-activity_understanding-C0,5443329884924bcb,19-w5,C0,activity_understanding,development
19-w5-resident_identity-C1,5443329884924bcb,19-w5,C1,resident_identity,development
19-w5-occupancy_state-C1,5443329884924bcb,19-w5,C1,occupancy_state,development
19-w5-private_location-C1,5443329884924bcb,19-w5,C1,private_location,development
19-w5-routine_inference-C1,5443329884924bcb,19-w5,C1,routine_inference,development
19-w5-co_resident_activity-C1,5443329884924bcb,19-w5,C1,co_resident_activity,development
19-w5-activity_understanding-C1,5443329884924bcb,19-w5,C1,activity_understanding,development
19-w5-resident_identity-C2,5443329884924bcb,19-w5,C2,resident_identity,development
19-w5-occupancy_state-C2,5443329884924bcb,19-w5,C2,occupancy_state,development
19-w5-private_location-C2,5443329884924bcb,19-w5,C2,private_location,development
19-w5-routine_inference-C2,5443329884924bcb,19-w5,C2,routine_inference,development
19-w5-co_resident_activity-C2,5443329884924bcb,19-w5,C2,co_resident_activity,development
19-w5-activity_understanding-C2,5443329884924bcb,19-w5,C2,activity_understanding,development
19-w5-resident_identity-C3,5443329884924bcb,19-w5,C3,resident_identity,development
19-w5-occupancy_state-C3,5443329884924bcb,19-w5,C3,occupancy_state,development
19-w5-private_location-C3,5443329884924bcb,19-w5,C3,private_location,development
19-w5-routine_inference-C3,5443329884924bcb,19-w5,C3,routine_inference,development
19-w5-co_resident_activity-C3,5443329884924bcb,19-w5,C3,co_resident_activity,development
19-w5-activity_understanding-C3,5443329884924bcb,19-w5,C3,activity_understanding,development
19-w5-resident_identity-C4,5443329884924bcb,19-w5,C4,resident_identity,development
19-w5-occupancy_state-C4,5443329884924bcb,19-w5,C4,occupancy_state,development
19-w5-private_location-C4,5443329884924bcb,19-w5,C4,private_location,development
19-w5-routine_inference-C4,5443329884924bcb,19-w5,C4,routine_inference,development
19-w5-co_resident_activity-C4,5443329884924bcb,19-w5,C4,co_resident_activity,development
19-w5-activity_understanding-C4,5443329884924bcb,19-w5,C4,activity_understanding,development
19-w6-resident_identity-C0,5443329884924bcb,19-w6,C0,resident_identity,development
19-w6-occupancy_state-C0,5443329884924bcb,19-w6,C0,occupancy_state,development
19-w6-private_location-C0,5443329884924bcb,19-w6,C0,private_location,development
19-w6-routine_inference-C0,5443329884924bcb,19-w6,C0,routine_inference,development
19-w6-co_resident_activity-C0,5443329884924bcb,19-w6,C0,co_resident_activity,development
19-w6-activity_understanding-C0,5443329884924bcb,19-w6,C0,activity_understanding,development
19-w6-resident_identity-C1,5443329884924bcb,19-w6,C1,resident_identity,development
19-w6-occupancy_state-C1,5443329884924bcb,19-w6,C1,occupancy_state,development
19-w6-private_location-C1,5443329884924bcb,19-w6,C1,private_location,development
19-w6-routine_inference-C1,5443329884924bcb,19-w6,C1,routine_inference,development
19-w6-co_resident_activity-C1,5443329884924bcb,19-w6,C1,co_resident_activity,development
19-w6-activity_understanding-C1,5443329884924bcb,19-w6,C1,activity_understanding,development
19-w6-resident_identity-C2,5443329884924bcb,19-w6,C2,resident_identity,development
19-w6-occupancy_state-C2,5443329884924bcb,19-w6,C2,occupancy_state,development
19-w6-private_location-C2,5443329884924bcb,19-w6,C2,private_location,development
19-w6-routine_inference-C2,5443329884924bcb,19-w6,C2,routine_inference,development
19-w6-co_resident_activity-C2,5443329884924bcb,19-w6,C2,co_resident_activity,development
19-w6-activity_understanding-C2,5443329884924bcb,19-w6,C2,activity_understanding,development
19-w6-resident_identity-C3,5443329884924bcb,19-w6,C3,resident_identity,development
19-w6-occupancy_state-C3,5443329884924bcb,19-w6,C3,occupancy_state,development
19-w6-private_location-C3,5443329884924bcb,19-w6,C3,private_location,development
19-w6-routine_inference-C3,5443329884924bcb,19-w6,C3,routine_inference,development
19-w6-co_resident_activity-C3,5443329884924bcb,19-w6,C3,co_resident_activity,development
19-w6-activity_understanding-C3,5443329884924bcb,19-w6,C3,activity_understanding,development
19-w6-resident_identity-C4,5443329884924bcb,19-w6,C4,resident_identity,development
19-w6-occupancy_state-C4,5443329884924bcb,19-w6,C4,occupancy_state,development
19-w6-private_location-C4,5443329884924bcb,19-w6,C4,private_location,development
19-w6-routine_inference-C4,5443329884924bcb,19-w6,C4,routine_inference,development
19-w6-co_resident_activity-C4,5443329884924bcb,19-w6,C4,co_resident_activity,development
19-w6-activity_understanding-C4,5443329884924bcb,19-w6,C4,activity_understanding,development
19-w7-resident_identity-C0,5443329884924bcb,19-w7,C0,resident_identity,development
19-w7-occupancy_state-C0,5443329884924bcb,19-w7,C0,occupancy_state,development
19-w7-private_location-C0,5443329884924bcb,19-w7,C0,private_location,development
19-w7-routine_inference-C0,5443329884924bcb,19-w7,C0,routine_inference,development
19-w7-co_resident_activity-C0,5443329884924bcb,19-w7,C0,co_resident_activity,development
19-w7-activity_understanding-C0,5443329884924bcb,19-w7,C0,activity_understanding,development
19-w7-resident_identity-C1,5443329884924bcb,19-w7,C1,resident_identity,development
19-w7-occupancy_state-C1,5443329884924bcb,19-w7,C1,occupancy_state,development
19-w7-private_location-C1,5443329884924bcb,19-w7,C1,private_location,development
19-w7-routine_inference-C1,5443329884924bcb,19-w7,C1,routine_inference,development
19-w7-co_resident_activity-C1,5443329884924bcb,19-w7,C1,co_resident_activity,development
19-w7-activity_understanding-C1,5443329884924bcb,19-w7,C1,activity_understanding,development
19-w7-resident_identity-C2,5443329884924bcb,19-w7,C2,resident_identity,development
19-w7-occupancy_state-C2,5443329884924bcb,19-w7,C2,occupancy_state,development
19-w7-private_location-C2,5443329884924bcb,19-w7,C2,private_location,development
19-w7-routine_inference-C2,5443329884924bcb,19-w7,C2,routine_inference,development
19-w7-co_resident_activity-C2,5443329884924bcb,19-w7,C2,co_resident_activity,development
19-w7-activity_understanding-C2,5443329884924bcb,19-w7,C2,activity_understanding,development
19-w7-resident_identity-C3,5443329884924bcb,19-w7,C3,resident_identity,development
19-w7-occupancy_state-C3,5443329884924bcb,19-w7,C3,occupancy_state,development
19-w7-private_location-C3,5443329884924bcb,19-w7,C3,private_location,development
19-w7-routine_inference-C3,5443329884924bcb,19-w7,C3,routine_inference,development
19-w7-co_resident_activity-C3,5443329884924bcb,19-w7,C3,co_resident_activity,development
19-w7-activity_understanding-C3,5443329884924bcb,19-w7,C3,activity_understanding,development
19-w7-resident_identity-C4,5443329884924bcb,19-w7,C4,resident_identity,development
19-w7-occupancy_state-C4,5443329884924bcb,19-w7,C4,occupancy_state,development
19-w7-private_location-C4,5443329884924bcb,19-w7,C4,private_location,development
19-w7-routine_inference-C4,5443329884924bcb,19-w7,C4,routine_inference,development
19-w7-co_resident_activity-C4,5443329884924bcb,19-w7,C4,co_resident_activity,development
19-w7-activity_understanding-C4,5443329884924bcb,19-w7,C4,activity_understanding,development
19-w8-resident_identity-C0,5443329884924bcb,19-w8,C0,resident_identity,development
19-w8-occupancy_state-C0,5443329884924bcb,19-w8,C0,occupancy_state,development
19-w8-private_location-C0,5443329884924bcb,19-w8,C0,private_location,development
19-w8-routine_inference-C0,5443329884924bcb,19-w8,C0,routine_inference,development
19-w8-co_resident_activity-C0,5443329884924bcb,19-w8,C0,co_resident_activity,development
19-w8-activity_understanding-C0,5443329884924bcb,19-w8,C0,activity_understanding,development
19-w8-resident_identity-C1,5443329884924bcb,19-w8,C1,resident_identity,development
19-w8-occupancy_state-C1,5443329884924bcb,19-w8,C1,occupancy_state,development
19-w8-private_location-C1,5443329884924bcb,19-w8,C1,private_location,development
19-w8-routine_inference-C1,5443329884924bcb,19-w8,C1,routine_inference,development
19-w8-co_resident_activity-C1,5443329884924bcb,19-w8,C1,co_resident_activity,development
19-w8-activity_understanding-C1,5443329884924bcb,19-w8,C1,activity_understanding,development
19-w8-resident_identity-C2,5443329884924bcb,19-w8,C2,resident_identity,development
19-w8-occupancy_state-C2,5443329884924bcb,19-w8,C2,occupancy_state,development
19-w8-private_location-C2,5443329884924bcb,19-w8,C2,private_location,development
19-w8-routine_inference-C2,5443329884924bcb,19-w8,C2,routine_inference,development
19-w8-co_resident_activity-C2,5443329884924bcb,19-w8,C2,co_resident_activity,development
19-w8-activity_understanding-C2,5443329884924bcb,19-w8,C2,activity_understanding,development
19-w8-resident_identity-C3,5443329884924bcb,19-w8,C3,resident_identity,development
19-w8-occupancy_state-C3,5443329884924bcb,19-w8,C3,occupancy_state,development
19-w8-private_location-C3,5443329884924bcb,19-w8,C3,private_location,development
19-w8-routine_inference-C3,5443329884924bcb,19-w8,C3,routine_inference,development
19-w8-co_resident_activity-C3,5443329884924bcb,19-w8,C3,co_resident_activity,development
19-w8-activity_understanding-C3,5443329884924bcb,19-w8,C3,activity_understanding,development
19-w8-resident_identity-C4,5443329884924bcb,19-w8,C4,resident_identity,development
19-w8-occupancy_state-C4,5443329884924bcb,19-w8,C4,occupancy_state,development
19-w8-private_location-C4,5443329884924bcb,19-w8,C4,private_location,development
19-w8-routine_inference-C4,5443329884924bcb,19-w8,C4,routine_inference,development
19-w8-co_resident_activity-C4,5443329884924bcb,19-w8,C4,co_resident_activity,development
19-w8-activity_understanding-C4,5443329884924bcb,19-w8,C4,activity_understanding,development
19-w9-resident_identity-C0,5443329884924bcb,19-w9,C0,resident_identity,development
19-w9-occupancy_state-C0,5443329884924bcb,19-w9,C0,occupancy_state,development
19-w9-private_location-C0,5443329884924bcb,19-w9,C0,private_location,development
19-w9-routine_inference-C0,5443329884924bcb,19-w9,C0,routine_inference,development
19-w9-co_resident_activity-C0,5443329884924bcb,19-w9,C0,co_resident_activity,development
19-w9-activity_understanding-C0,5443329884924bcb,19-w9,C0,activity_understanding,development
19-w9-resident_identity-C1,5443329884924bcb,19-w9,C1,resident_identity,development
19-w9-occupancy_state-C1,5443329884924bcb,19-w9,C1,occupancy_state,development
19-w9-private_location-C1,5443329884924bcb,19-w9,C1,private_location,development
19-w9-routine_inference-C1,5443329884924bcb,19-w9,C1,routine_inference,development
19-w9-co_resident_activity-C1,5443329884924bcb,19-w9,C1,co_resident_activity,development
19-w9-activity_understanding-C1,5443329884924bcb,19-w9,C1,activity_understanding,development
19-w9-resident_identity-C2,5443329884924bcb,19-w9,C2,resident_identity,development
19-w9-occupancy_state-C2,5443329884924bcb,19-w9,C2,occupancy_state,development
19-w9-private_location-C2,5443329884924bcb,19-w9,C2,private_location,development
19-w9-routine_inference-C2,5443329884924bcb,19-w9,C2,routine_inference,development
19-w9-co_resident_activity-C2,5443329884924bcb,19-w9,C2,co_resident_activity,development
19-w9-activity_understanding-C2,5443329884924bcb,19-w9,C2,activity_understanding,development
19-w9-resident_identity-C3,5443329884924bcb,19-w9,C3,resident_identity,development
19-w9-occupancy_state-C3,5443329884924bcb,19-w9,C3,occupancy_state,development
19-w9-private_location-C3,5443329884924bcb,19-w9,C3,private_location,development
19-w9-routine_inference-C3,5443329884924bcb,19-w9,C3,routine_inference,development
19-w9-co_resident_activity-C3,5443329884924bcb,19-w9,C3,co_resident_activity,development
19-w9-activity_understanding-C3,5443329884924bcb,19-w9,C3,activity_understanding,development
19-w9-resident_identity-C4,5443329884924bcb,19-w9,C4,resident_identity,development
19-w9-occupancy_state-C4,5443329884924bcb,19-w9,C4,occupancy_state,development
19-w9-private_location-C4,5443329884924bcb,19-w9,C4,private_location,development
19-w9-routine_inference-C4,5443329884924bcb,19-w9,C4,routine_inference,development
19-w9-co_resident_activity-C4,5443329884924bcb,19-w9,C4,co_resident_activity,development
19-w9-activity_understanding-C4,5443329884924bcb,19-w9,C4,activity_understanding,development
20-w0-resident_identity-C0,710aa92e5a714638,20-w0,C0,resident_identity,development
20-w0-occupancy_state-C0,710aa92e5a714638,20-w0,C0,occupancy_state,development
20-w0-private_location-C0,710aa92e5a714638,20-w0,C0,private_location,development
20-w0-routine_inference-C0,710aa92e5a714638,20-w0,C0,routine_inference,development
20-w0-co_resident_activity-C0,710aa92e5a714638,20-w0,C0,co_resident_activity,development
20-w0-activity_understanding-C0,710aa92e5a714638,20-w0,C0,activity_understanding,development
20-w0-resident_identity-C1,710aa92e5a714638,20-w0,C1,resident_identity,development
20-w0-occupancy_state-C1,710aa92e5a714638,20-w0,C1,occupancy_state,development
20-w0-private_location-C1,710aa92e5a714638,20-w0,C1,private_location,development
20-w0-routine_inference-C1,710aa92e5a714638,20-w0,C1,routine_inference,development
20-w0-co_resident_activity-C1,710aa92e5a714638,20-w0,C1,co_resident_activity,development
20-w0-activity_understanding-C1,710aa92e5a714638,20-w0,C1,activity_understanding,development
20-w0-resident_identity-C2,710aa92e5a714638,20-w0,C2,resident_identity,development
20-w0-occupancy_state-C2,710aa92e5a714638,20-w0,C2,occupancy_state,development
20-w0-private_location-C2,710aa92e5a714638,20-w0,C2,private_location,development
20-w0-routine_inference-C2,710aa92e5a714638,20-w0,C2,routine_inference,development
20-w0-co_resident_activity-C2,710aa92e5a714638,20-w0,C2,co_resident_activity,development
20-w0-activity_understanding-C2,710aa92e5a714638,20-w0,C2,activity_understanding,development
20-w0-resident_identity-C3,710aa92e5a714638,20-w0,C3,resident_identity,development
20-w0-occupancy_state-C3,710aa92e5a714638,20-w0,C3,occupancy_state,development
20-w0-private_location-C3,710aa92e5a714638,20-w0,C3,private_location,development
20-w0-routine_inference-C3,710aa92e5a714638,20-w0,C3,routine_inference,development
20-w0-co_resident_activity-C3,710aa92e5a714638,20-w0,C3,co_resident_activity,development
20-w0-activity_understanding-C3,710aa92e5a714638,20-w0,C3,activity_understanding,development
20-w0-resident_identity-C4,710aa92e5a714638,20-w0,C4,resident_identity,development
20-w0-occupancy_state-C4,710aa92e5a714638,20-w0,C4,occupancy_state,development
20-w0-private_location-C4,710aa92e5a714638,20-w0,C4,private_location,development
20-w0-routine_inference-C4,710aa92e5a714638,20-w0,C4,routine_inference,development
20-w0-co_resident_activity-C4,710aa92e5a714638,20-w0,C4,co_resident_activity,development
20-w0-activity_understanding-C4,710aa92e5a714638,20-w0,C4,activity_understanding,development
20-w1-resident_identity-C0,710aa92e5a714638,20-w1,C0,resident_identity,development
20-w1-occupancy_state-C0,710aa92e5a714638,20-w1,C0,occupancy_state,development
20-w1-private_location-C0,710aa92e5a714638,20-w1,C0,private_location,development
20-w1-routine_inference-C0,710aa92e5a714638,20-w1,C0,routine_inference,development
20-w1-co_resident_activity-C0,710aa92e5a714638,20-w1,C0,co_resident_activity,development
20-w1-activity_understanding-C0,710aa92e5a714638,20-w1,C0,activity_understanding,development
20-w1-resident_identity-C1,710aa92e5a714638,20-w1,C1,resident_identity,development
20-w1-occupancy_state-C1,710aa92e5a714638,20-w1,C1,occupancy_state,development
20-w1-private_location-C1,710aa92e5a714638,20-w1,C1,private_location,development
20-w1-routine_inference-C1,710aa92e5a714638,20-w1,C1,routine_inference,development
20-w1-co_resident_activity-C1,710aa92e5a714638,20-w1,C1,co_resident_activity,development
20-w1-activity_understanding-C1,710aa92e5a714638,20-w1,C1,activity_understanding,development
20-w1-resident_identity-C2,710aa92e5a714638,20-w1,C2,resident_identity,development
20-w1-occupancy_state-C2,710aa92e5a714638,20-w1,C2,occupancy_state,development
20-w1-private_location-C2,710aa92e5a714638,20-w1,C2,private_location,development
20-w1-routine_inference-C2,710aa92e5a714638,20-w1,C2,routine_inference,development
20-w1-co_resident_activity-C2,710aa92e5a714638,20-w1,C2,co_resident_activity,development
20-w1-activity_understanding-C2,710aa92e5a714638,20-w1,C2,activity_understanding,development
20-w1-resident_identity-C3,710aa92e5a714638,20-w1,C3,resident_identity,development
20-w1-occupancy_state-C3,710aa92e5a714638,20-w1,C3,occupancy_state,development
20-w1-private_location-C3,710aa92e5a714638,20-w1,C3,private_location,development
20-w1-routine_inference-C3,710aa92e5a714638,20-w1,C3,routine_inference,development
20-w1-co_resident_activity-C3,710aa92e5a714638,20-w1,C3,co_resident_activity,development
20-w1-activity_understanding-C3,710aa92e5a714638,20-w1,C3,activity_understanding,development
20-w1-resident_identity-C4,710aa92e5a714638,20-w1,C4,resident_identity,development
20-w1-occupancy_state-C4,710aa92e5a714638,20-w1,C4,occupancy_state,development
20-w1-private_location-C4,710aa92e5a714638,20-w1,C4,private_location,development
20-w1-routine_inference-C4,710aa92e5a714638,20-w1,C4,routine_inference,development
20-w1-co_resident_activity-C4,710aa92e5a714638,20-w1,C4,co_resident_activity,development
20-w1-activity_understanding-C4,710aa92e5a714638,20-w1,C4,activity_understanding,development
20-w2-resident_identity-C0,710aa92e5a714638,20-w2,C0,resident_identity,development
20-w2-occupancy_state-C0,710aa92e5a714638,20-w2,C0,occupancy_state,development
20-w2-private_location-C0,710aa92e5a714638,20-w2,C0,private_location,development
20-w2-routine_inference-C0,710aa92e5a714638,20-w2,C0,routine_inference,development
20-w2-co_resident_activity-C0,710aa92e5a714638,20-w2,C0,co_resident_activity,development
20-w2-activity_understanding-C0,710aa92e5a714638,20-w2,C0,activity_understanding,development
20-w2-resident_identity-C1,710aa92e5a714638,20-w2,C1,resident_identity,development
20-w2-occupancy_state-C1,710aa92e5a714638,20-w2,C1,occupancy_state,development
20-w2-private_location-C1,710aa92e5a714638,20-w2,C1,private_location,development
20-w2-routine_inference-C1,710aa92e5a714638,20-w2,C1,routine_inference,development
20-w2-co_resident_activity-C1,710aa92e5a714638,20-w2,C1,co_resident_activity,development
20-w2-activity_understanding-C1,710aa92e5a714638,20-w2,C1,activity_understanding,development
20-w2-resident_identity-C2,710aa92e5a714638,20-w2,C2,resident_identity,development
20-w2-occupancy_state-C2,710aa92e5a714638,20-w2,C2,occupancy_state,development
20-w2-private_location-C2,710aa92e5a714638,20-w2,C2,private_location,development
20-w2-routine_inference-C2,710aa92e5a714638,20-w2,C2,routine_inference,development
20-w2-co_resident_activity-C2,710aa92e5a714638,20-w2,C2,co_resident_activity,development
20-w2-activity_understanding-C2,710aa92e5a714638,20-w2,C2,activity_understanding,development
20-w2-resident_identity-C3,710aa92e5a714638,20-w2,C3,resident_identity,development
20-w2-occupancy_state-C3,710aa92e5a714638,20-w2,C3,occupancy_state,development
20-w2-private_location-C3,710aa92e5a714638,20-w2,C3,private_location,development
20-w2-routine_inference-C3,710aa92e5a714638,20-w2,C3,routine_inference,development
20-w2-co_resident_activity-C3,710aa92e5a714638,20-w2,C3,co_resident_activity,development
20-w2-activity_understanding-C3,710aa92e5a714638,20-w2,C3,activity_understanding,development
20-w2-resident_identity-C4,710aa92e5a714638,20-w2,C4,resident_identity,development
20-w2-occupancy_state-C4,710aa92e5a714638,20-w2,C4,occupancy_state,development
20-w2-private_location-C4,710aa92e5a714638,20-w2,C4,private_location,development
20-w2-routine_inference-C4,710aa92e5a714638,20-w2,C4,routine_inference,development
20-w2-co_resident_activity-C4,710aa92e5a714638,20-w2,C4,co_resident_activity,development
20-w2-activity_understanding-C4,710aa92e5a714638,20-w2,C4,activity_understanding,development
20-w3-resident_identity-C0,710aa92e5a714638,20-w3,C0,resident_identity,development
20-w3-occupancy_state-C0,710aa92e5a714638,20-w3,C0,occupancy_state,development
20-w3-private_location-C0,710aa92e5a714638,20-w3,C0,private_location,development
20-w3-routine_inference-C0,710aa92e5a714638,20-w3,C0,routine_inference,development
20-w3-co_resident_activity-C0,710aa92e5a714638,20-w3,C0,co_resident_activity,development
20-w3-activity_understanding-C0,710aa92e5a714638,20-w3,C0,activity_understanding,development
20-w3-resident_identity-C1,710aa92e5a714638,20-w3,C1,resident_identity,development
20-w3-occupancy_state-C1,710aa92e5a714638,20-w3,C1,occupancy_state,development
20-w3-private_location-C1,710aa92e5a714638,20-w3,C1,private_location,development
20-w3-routine_inference-C1,710aa92e5a714638,20-w3,C1,routine_inference,development
20-w3-co_resident_activity-C1,710aa92e5a714638,20-w3,C1,co_resident_activity,development
20-w3-activity_understanding-C1,710aa92e5a714638,20-w3,C1,activity_understanding,development
20-w3-resident_identity-C2,710aa92e5a714638,20-w3,C2,resident_identity,development
20-w3-occupancy_state-C2,710aa92e5a714638,20-w3,C2,occupancy_state,development
20-w3-private_location-C2,710aa92e5a714638,20-w3,C2,private_location,development
20-w3-routine_inference-C2,710aa92e5a714638,20-w3,C2,routine_inference,development
20-w3-co_resident_activity-C2,710aa92e5a714638,20-w3,C2,co_resident_activity,development
20-w3-activity_understanding-C2,710aa92e5a714638,20-w3,C2,activity_understanding,development
20-w3-resident_identity-C3,710aa92e5a714638,20-w3,C3,resident_identity,development
20-w3-occupancy_state-C3,710aa92e5a714638,20-w3,C3,occupancy_state,development
20-w3-private_location-C3,710aa92e5a714638,20-w3,C3,private_location,development
20-w3-routine_inference-C3,710aa92e5a714638,20-w3,C3,routine_inference,development
20-w3-co_resident_activity-C3,710aa92e5a714638,20-w3,C3,co_resident_activity,development
20-w3-activity_understanding-C3,710aa92e5a714638,20-w3,C3,activity_understanding,development
20-w3-resident_identity-C4,710aa92e5a714638,20-w3,C4,resident_identity,development
20-w3-occupancy_state-C4,710aa92e5a714638,20-w3,C4,occupancy_state,development
20-w3-private_location-C4,710aa92e5a714638,20-w3,C4,private_location,development
20-w3-routine_inference-C4,710aa92e5a714638,20-w3,C4,routine_inference,development
20-w3-co_resident_activity-C4,710aa92e5a714638,20-w3,C4,co_resident_activity,development
20-w3-activity_understanding-C4,710aa92e5a714638,20-w3,C4,activity_understanding,development
20-w4-resident_identity-C0,710aa92e5a714638,20-w4,C0,resident_identity,development
20-w4-occupancy_state-C0,710aa92e5a714638,20-w4,C0,occupancy_state,development
20-w4-private_location-C0,710aa92e5a714638,20-w4,C0,private_location,development
20-w4-routine_inference-C0,710aa92e5a714638,20-w4,C0,routine_inference,development
20-w4-co_resident_activity-C0,710aa92e5a714638,20-w4,C0,co_resident_activity,development
20-w4-activity_understanding-C0,710aa92e5a714638,20-w4,C0,activity_understanding,development
20-w4-resident_identity-C1,710aa92e5a714638,20-w4,C1,resident_identity,development
20-w4-occupancy_state-C1,710aa92e5a714638,20-w4,C1,occupancy_state,development
20-w4-private_location-C1,710aa92e5a714638,20-w4,C1,private_location,development
20-w4-routine_inference-C1,710aa92e5a714638,20-w4,C1,routine_inference,development
20-w4-co_resident_activity-C1,710aa92e5a714638,20-w4,C1,co_resident_activity,development
20-w4-activity_understanding-C1,710aa92e5a714638,20-w4,C1,activity_understanding,development
20-w4-resident_identity-C2,710aa92e5a714638,20-w4,C2,resident_identity,development
20-w4-occupancy_state-C2,710aa92e5a714638,20-w4,C2,occupancy_state,development
20-w4-private_location-C2,710aa92e5a714638,20-w4,C2,private_location,development
20-w4-routine_inference-C2,710aa92e5a714638,20-w4,C2,routine_inference,development
20-w4-co_resident_activity-C2,710aa92e5a714638,20-w4,C2,co_resident_activity,development
20-w4-activity_understanding-C2,710aa92e5a714638,20-w4,C2,activity_understanding,development
20-w4-resident_identity-C3,710aa92e5a714638,20-w4,C3,resident_identity,development
20-w4-occupancy_state-C3,710aa92e5a714638,20-w4,C3,occupancy_state,development
20-w4-private_location-C3,710aa92e5a714638,20-w4,C3,private_location,development
20-w4-routine_inference-C3,710aa92e5a714638,20-w4,C3,routine_inference,development
20-w4-co_resident_activity-C3,710aa92e5a714638,20-w4,C3,co_resident_activity,development
20-w4-activity_understanding-C3,710aa92e5a714638,20-w4,C3,activity_understanding,development
20-w4-resident_identity-C4,710aa92e5a714638,20-w4,C4,resident_identity,development
20-w4-occupancy_state-C4,710aa92e5a714638,20-w4,C4,occupancy_state,development
20-w4-private_location-C4,710aa92e5a714638,20-w4,C4,private_location,development
20-w4-routine_inference-C4,710aa92e5a714638,20-w4,C4,routine_inference,development
20-w4-co_resident_activity-C4,710aa92e5a714638,20-w4,C4,co_resident_activity,development
20-w4-activity_understanding-C4,710aa92e5a714638,20-w4,C4,activity_understanding,development
20-w5-resident_identity-C0,710aa92e5a714638,20-w5,C0,resident_identity,development
20-w5-occupancy_state-C0,710aa92e5a714638,20-w5,C0,occupancy_state,development
20-w5-private_location-C0,710aa92e5a714638,20-w5,C0,private_location,development
20-w5-routine_inference-C0,710aa92e5a714638,20-w5,C0,routine_inference,development
20-w5-co_resident_activity-C0,710aa92e5a714638,20-w5,C0,co_resident_activity,development
20-w5-activity_understanding-C0,710aa92e5a714638,20-w5,C0,activity_understanding,development
20-w5-resident_identity-C1,710aa92e5a714638,20-w5,C1,resident_identity,development
20-w5-occupancy_state-C1,710aa92e5a714638,20-w5,C1,occupancy_state,development
20-w5-private_location-C1,710aa92e5a714638,20-w5,C1,private_location,development
20-w5-routine_inference-C1,710aa92e5a714638,20-w5,C1,routine_inference,development
20-w5-co_resident_activity-C1,710aa92e5a714638,20-w5,C1,co_resident_activity,development
20-w5-activity_understanding-C1,710aa92e5a714638,20-w5,C1,activity_understanding,development
20-w5-resident_identity-C2,710aa92e5a714638,20-w5,C2,resident_identity,development
20-w5-occupancy_state-C2,710aa92e5a714638,20-w5,C2,occupancy_state,development
20-w5-private_location-C2,710aa92e5a714638,20-w5,C2,private_location,development
20-w5-routine_inference-C2,710aa92e5a714638,20-w5,C2,routine_inference,development
20-w5-co_resident_activity-C2,710aa92e5a714638,20-w5,C2,co_resident_activity,development
20-w5-activity_understanding-C2,710aa92e5a714638,20-w5,C2,activity_understanding,development
20-w5-resident_identity-C3,710aa92e5a714638,20-w5,C3,resident_identity,development
20-w5-occupancy_state-C3,710aa92e5a714638,20-w5,C3,occupancy_state,development
20-w5-private_location-C3,710aa92e5a714638,20-w5,C3,private_location,development
20-w5-routine_inference-C3,710aa92e5a714638,20-w5,C3,routine_inference,development
20-w5-co_resident_activity-C3,710aa92e5a714638,20-w5,C3,co_resident_activity,development
20-w5-activity_understanding-C3,710aa92e5a714638,20-w5,C3,activity_understanding,development
20-w5-resident_identity-C4,710aa92e5a714638,20-w5,C4,resident_identity,development
20-w5-occupancy_state-C4,710aa92e5a714638,20-w5,C4,occupancy_state,development
20-w5-private_location-C4,710aa92e5a714638,20-w5,C4,private_location,development
20-w5-routine_inference-C4,710aa92e5a714638,20-w5,C4,routine_inference,development
20-w5-co_resident_activity-C4,710aa92e5a714638,20-w5,C4,co_resident_activity,development
20-w5-activity_understanding-C4,710aa92e5a714638,20-w5,C4,activity_understanding,development
20-w6-resident_identity-C0,710aa92e5a714638,20-w6,C0,resident_identity,development
20-w6-occupancy_state-C0,710aa92e5a714638,20-w6,C0,occupancy_state,development
20-w6-private_location-C0,710aa92e5a714638,20-w6,C0,private_location,development
20-w6-routine_inference-C0,710aa92e5a714638,20-w6,C0,routine_inference,development
20-w6-co_resident_activity-C0,710aa92e5a714638,20-w6,C0,co_resident_activity,development
20-w6-activity_understanding-C0,710aa92e5a714638,20-w6,C0,activity_understanding,development
20-w6-resident_identity-C1,710aa92e5a714638,20-w6,C1,resident_identity,development
20-w6-occupancy_state-C1,710aa92e5a714638,20-w6,C1,occupancy_state,development
20-w6-private_location-C1,710aa92e5a714638,20-w6,C1,private_location,development
20-w6-routine_inference-C1,710aa92e5a714638,20-w6,C1,routine_inference,development
20-w6-co_resident_activity-C1,710aa92e5a714638,20-w6,C1,co_resident_activity,development
20-w6-activity_understanding-C1,710aa92e5a714638,20-w6,C1,activity_understanding,development
20-w6-resident_identity-C2,710aa92e5a714638,20-w6,C2,resident_identity,development
20-w6-occupancy_state-C2,710aa92e5a714638,20-w6,C2,occupancy_state,development
20-w6-private_location-C2,710aa92e5a714638,20-w6,C2,private_location,development
20-w6-routine_inference-C2,710aa92e5a714638,20-w6,C2,routine_inference,development
20-w6-co_resident_activity-C2,710aa92e5a714638,20-w6,C2,co_resident_activity,development
20-w6-activity_understanding-C2,710aa92e5a714638,20-w6,C2,activity_understanding,development
20-w6-resident_identity-C3,710aa92e5a714638,20-w6,C3,resident_identity,development
20-w6-occupancy_state-C3,710aa92e5a714638,20-w6,C3,occupancy_state,development
20-w6-private_location-C3,710aa92e5a714638,20-w6,C3,private_location,development
20-w6-routine_inference-C3,710aa92e5a714638,20-w6,C3,routine_inference,development
20-w6-co_resident_activity-C3,710aa92e5a714638,20-w6,C3,co_resident_activity,development
20-w6-activity_understanding-C3,710aa92e5a714638,20-w6,C3,activity_understanding,development
20-w6-resident_identity-C4,710aa92e5a714638,20-w6,C4,resident_identity,development
20-w6-occupancy_state-C4,710aa92e5a714638,20-w6,C4,occupancy_state,development
20-w6-private_location-C4,710aa92e5a714638,20-w6,C4,private_location,development
20-w6-routine_inference-C4,710aa92e5a714638,20-w6,C4,routine_inference,development
20-w6-co_resident_activity-C4,710aa92e5a714638,20-w6,C4,co_resident_activity,development
20-w6-activity_understanding-C4,710aa92e5a714638,20-w6,C4,activity_understanding,development
20-w7-resident_identity-C0,710aa92e5a714638,20-w7,C0,resident_identity,development
20-w7-occupancy_state-C0,710aa92e5a714638,20-w7,C0,occupancy_state,development
20-w7-private_location-C0,710aa92e5a714638,20-w7,C0,private_location,development
20-w7-routine_inference-C0,710aa92e5a714638,20-w7,C0,routine_inference,development
20-w7-co_resident_activity-C0,710aa92e5a714638,20-w7,C0,co_resident_activity,development
20-w7-activity_understanding-C0,710aa92e5a714638,20-w7,C0,activity_understanding,development
20-w7-resident_identity-C1,710aa92e5a714638,20-w7,C1,resident_identity,development
20-w7-occupancy_state-C1,710aa92e5a714638,20-w7,C1,occupancy_state,development
20-w7-private_location-C1,710aa92e5a714638,20-w7,C1,private_location,development
20-w7-routine_inference-C1,710aa92e5a714638,20-w7,C1,routine_inference,development
20-w7-co_resident_activity-C1,710aa92e5a714638,20-w7,C1,co_resident_activity,development
20-w7-activity_understanding-C1,710aa92e5a714638,20-w7,C1,activity_understanding,development
20-w7-resident_identity-C2,710aa92e5a714638,20-w7,C2,resident_identity,development
20-w7-occupancy_state-C2,710aa92e5a714638,20-w7,C2,occupancy_state,development
20-w7-private_location-C2,710aa92e5a714638,20-w7,C2,private_location,development
20-w7-routine_inference-C2,710aa92e5a714638,20-w7,C2,routine_inference,development
20-w7-co_resident_activity-C2,710aa92e5a714638,20-w7,C2,co_resident_activity,development
20-w7-activity_understanding-C2,710aa92e5a714638,20-w7,C2,activity_understanding,development
20-w7-resident_identity-C3,710aa92e5a714638,20-w7,C3,resident_identity,development
20-w7-occupancy_state-C3,710aa92e5a714638,20-w7,C3,occupancy_state,development
20-w7-private_location-C3,710aa92e5a714638,20-w7,C3,private_location,development
20-w7-routine_inference-C3,710aa92e5a714638,20-w7,C3,routine_inference,development
20-w7-co_resident_activity-C3,710aa92e5a714638,20-w7,C3,co_resident_activity,development
20-w7-activity_understanding-C3,710aa92e5a714638,20-w7,C3,activity_understanding,development
20-w7-resident_identity-C4,710aa92e5a714638,20-w7,C4,resident_identity,development
20-w7-occupancy_state-C4,710aa92e5a714638,20-w7,C4,occupancy_state,development
20-w7-private_location-C4,710aa92e5a714638,20-w7,C4,private_location,development
20-w7-routine_inference-C4,710aa92e5a714638,20-w7,C4,routine_inference,development
20-w7-co_resident_activity-C4,710aa92e5a714638,20-w7,C4,co_resident_activity,development
20-w7-activity_understanding-C4,710aa92e5a714638,20-w7,C4,activity_understanding,development
20-w8-resident_identity-C0,710aa92e5a714638,20-w8,C0,resident_identity,development
20-w8-occupancy_state-C0,710aa92e5a714638,20-w8,C0,occupancy_state,development
20-w8-private_location-C0,710aa92e5a714638,20-w8,C0,private_location,development
20-w8-routine_inference-C0,710aa92e5a714638,20-w8,C0,routine_inference,development
20-w8-co_resident_activity-C0,710aa92e5a714638,20-w8,C0,co_resident_activity,development
20-w8-activity_understanding-C0,710aa92e5a714638,20-w8,C0,activity_understanding,development
20-w8-resident_identity-C1,710aa92e5a714638,20-w8,C1,resident_identity,development
20-w8-occupancy_state-C1,710aa92e5a714638,20-w8,C1,occupancy_state,development
20-w8-private_location-C1,710aa92e5a714638,20-w8,C1,private_location,development
20-w8-routine_inference-C1,710aa92e5a714638,20-w8,C1,routine_inference,development
20-w8-co_resident_activity-C1,710aa92e5a714638,20-w8,C1,co_resident_activity,development
20-w8-activity_understanding-C1,710aa92e5a714638,20-w8,C1,activity_understanding,development
20-w8-resident_identity-C2,710aa92e5a714638,20-w8,C2,resident_identity,development
20-w8-occupancy_state-C2,710aa92e5a714638,20-w8,C2,occupancy_state,development
20-w8-private_location-C2,710aa92e5a714638,20-w8,C2,private_location,development
20-w8-routine_inference-C2,710aa92e5a714638,20-w8,C2,routine_inference,development
20-w8-co_resident_activity-C2,710aa92e5a714638,20-w8,C2,co_resident_activity,development
20-w8-activity_understanding-C2,710aa92e5a714638,20-w8,C2,activity_understanding,development
20-w8-resident_identity-C3,710aa92e5a714638,20-w8,C3,resident_identity,development
20-w8-occupancy_state-C3,710aa92e5a714638,20-w8,C3,occupancy_state,development
20-w8-private_location-C3,710aa92e5a714638,20-w8,C3,private_location,development
20-w8-routine_inference-C3,710aa92e5a714638,20-w8,C3,routine_inference,development
20-w8-co_resident_activity-C3,710aa92e5a714638,20-w8,C3,co_resident_activity,development
20-w8-activity_understanding-C3,710aa92e5a714638,20-w8,C3,activity_understanding,development
20-w8-resident_identity-C4,710aa92e5a714638,20-w8,C4,resident_identity,development
20-w8-occupancy_state-C4,710aa92e5a714638,20-w8,C4,occupancy_state,development
20-w8-private_location-C4,710aa92e5a714638,20-w8,C4,private_location,development
20-w8-routine_inference-C4,710aa92e5a714638,20-w8,C4,routine_inference,development
20-w8-co_resident_activity-C4,710aa92e5a714638,20-w8,C4,co_resident_activity,development
20-w8-activity_understanding-C4,710aa92e5a714638,20-w8,C4,activity_understanding,development
20-w9-resident_identity-C0,710aa92e5a714638,20-w9,C0,resident_identity,development
20-w9-occupancy_state-C0,710aa92e5a714638,20-w9,C0,occupancy_state,development
20-w9-private_location-C0,710aa92e5a714638,20-w9,C0,private_location,development
20-w9-routine_inference-C0,710aa92e5a714638,20-w9,C0,routine_inference,development
20-w9-co_resident_activity-C0,710aa92e5a714638,20-w9,C0,co_resident_activity,development
20-w9-activity_understanding-C0,710aa92e5a714638,20-w9,C0,activity_understanding,development
20-w9-resident_identity-C1,710aa92e5a714638,20-w9,C1,resident_identity,development
20-w9-occupancy_state-C1,710aa92e5a714638,20-w9,C1,occupancy_state,development
20-w9-private_location-C1,710aa92e5a714638,20-w9,C1,private_location,development
20-w9-routine_inference-C1,710aa92e5a714638,20-w9,C1,routine_inference,development
20-w9-co_resident_activity-C1,710aa92e5a714638,20-w9,C1,co_resident_activity,development
20-w9-activity_understanding-C1,710aa92e5a714638,20-w9,C1,activity_understanding,development
20-w9-resident_identity-C2,710aa92e5a714638,20-w9,C2,resident_identity,development
20-w9-occupancy_state-C2,710aa92e5a714638,20-w9,C2,occupancy_state,development
20-w9-private_location-C2,710aa92e5a714638,20-w9,C2,private_location,development
20-w9-routine_inference-C2,710aa92e5a714638,20-w9,C2,routine_inference,development
20-w9-co_resident_activity-C2,710aa92e5a714638,20-w9,C2,co_resident_activity,development
20-w9-activity_understanding-C2,710aa92e5a714638,20-w9,C2,activity_understanding,development
20-w9-resident_identity-C3,710aa92e5a714638,20-w9,C3,resident_identity,development
20-w9-occupancy_state-C3,710aa92e5a714638,20-w9,C3,occupancy_state,development
20-w9-private_location-C3,710aa92e5a714638,20-w9,C3,private_location,development
20-w9-routine_inference-C3,710aa92e5a714638,20-w9,C3,routine_inference,development
20-w9-co_resident_activity-C3,710aa92e5a714638,20-w9,C3,co_resident_activity,development
20-w9-activity_understanding-C3,710aa92e5a714638,20-w9,C3,activity_understanding,development
20-w9-resident_identity-C4,710aa92e5a714638,20-w9,C4,resident_identity,development
20-w9-occupancy_state-C4,710aa92e5a714638,20-w9,C4,occupancy_state,development
20-w9-private_location-C4,710aa92e5a714638,20-w9,C4,private_location,development
20-w9-routine_inference-C4,710aa92e5a714638,20-w9,C4,routine_inference,development
20-w9-co_resident_activity-C4,710aa92e5a714638,20-w9,C4,co_resident_activity,development
20-w9-activity_understanding-C4,710aa92e5a714638,20-w9,C4,activity_understanding,development
20-w10-resident_identity-C0,710aa92e5a714638,20-w10,C0,resident_identity,development
20-w10-occupancy_state-C0,710aa92e5a714638,20-w10,C0,occupancy_state,development
20-w10-private_location-C0,710aa92e5a714638,20-w10,C0,private_location,development
20-w10-routine_inference-C0,710aa92e5a714638,20-w10,C0,routine_inference,development
20-w10-co_resident_activity-C0,710aa92e5a714638,20-w10,C0,co_resident_activity,development
20-w10-activity_understanding-C0,710aa92e5a714638,20-w10,C0,activity_understanding,development
20-w10-resident_identity-C1,710aa92e5a714638,20-w10,C1,resident_identity,development
20-w10-occupancy_state-C1,710aa92e5a714638,20-w10,C1,occupancy_state,development
20-w10-private_location-C1,710aa92e5a714638,20-w10,C1,private_location,development
20-w10-routine_inference-C1,710aa92e5a714638,20-w10,C1,routine_inference,development
20-w10-co_resident_activity-C1,710aa92e5a714638,20-w10,C1,co_resident_activity,development
20-w10-activity_understanding-C1,710aa92e5a714638,20-w10,C1,activity_understanding,development
20-w10-resident_identity-C2,710aa92e5a714638,20-w10,C2,resident_identity,development
20-w10-occupancy_state-C2,710aa92e5a714638,20-w10,C2,occupancy_state,development
20-w10-private_location-C2,710aa92e5a714638,20-w10,C2,private_location,development
20-w10-routine_inference-C2,710aa92e5a714638,20-w10,C2,routine_inference,development
20-w10-co_resident_activity-C2,710aa92e5a714638,20-w10,C2,co_resident_activity,development
20-w10-activity_understanding-C2,710aa92e5a714638,20-w10,C2,activity_understanding,development
20-w10-resident_identity-C3,710aa92e5a714638,20-w10,C3,resident_identity,development
20-w10-occupancy_state-C3,710aa92e5a714638,20-w10,C3,occupancy_state,development
20-w10-private_location-C3,710aa92e5a714638,20-w10,C3,private_location,development
20-w10-routine_inference-C3,710aa92e5a714638,20-w10,C3,routine_inference,development
20-w10-co_resident_activity-C3,710aa92e5a714638,20-w10,C3,co_resident_activity,development
20-w10-activity_understanding-C3,710aa92e5a714638,20-w10,C3,activity_understanding,development
20-w10-resident_identity-C4,710aa92e5a714638,20-w10,C4,resident_identity,development
20-w10-occupancy_state-C4,710aa92e5a714638,20-w10,C4,occupancy_state,development
20-w10-private_location-C4,710aa92e5a714638,20-w10,C4,private_location,development
20-w10-routine_inference-C4,710aa92e5a714638,20-w10,C4,routine_inference,development
20-w10-co_resident_activity-C4,710aa92e5a714638,20-w10,C4,co_resident_activity,development
20-w10-activity_understanding-C4,710aa92e5a714638,20-w10,C4,activity_understanding,development
20-w11-resident_identity-C0,710aa92e5a714638,20-w11,C0,resident_identity,development
20-w11-occupancy_state-C0,710aa92e5a714638,20-w11,C0,occupancy_state,development
20-w11-private_location-C0,710aa92e5a714638,20-w11,C0,private_location,development
20-w11-routine_inference-C0,710aa92e5a714638,20-w11,C0,routine_inference,development
20-w11-co_resident_activity-C0,710aa92e5a714638,20-w11,C0,co_resident_activity,development
20-w11-activity_understanding-C0,710aa92e5a714638,20-w11,C0,activity_understanding,development
20-w11-resident_identity-C1,710aa92e5a714638,20-w11,C1,resident_identity,development
20-w11-occupancy_state-C1,710aa92e5a714638,20-w11,C1,occupancy_state,development
20-w11-private_location-C1,710aa92e5a714638,20-w11,C1,private_location,development
20-w11-routine_inference-C1,710aa92e5a714638,20-w11,C1,routine_inference,development
20-w11-co_resident_activity-C1,710aa92e5a714638,20-w11,C1,co_resident_activity,development
20-w11-activity_understanding-C1,710aa92e5a714638,20-w11,C1,activity_understanding,development
20-w11-resident_identity-C2,710aa92e5a714638,20-w11,C2,resident_identity,development
20-w11-occupancy_state-C2,710aa92e5a714638,20-w11,C2,occupancy_state,development
20-w11-private_location-C2,710aa92e5a714638,20-w11,C2,private_location,development
20-w11-routine_inference-C2,710aa92e5a714638,20-w11,C2,routine_inference,development
20-w11-co_resident_activity-C2,710aa92e5a714638,20-w11,C2,co_resident_activity,development
20-w11-activity_understanding-C2,710aa92e5a714638,20-w11,C2,activity_understanding,development
20-w11-resident_identity-C3,710aa92e5a714638,20-w11,C3,resident_identity,development
20-w11-occupancy_state-C3,710aa92e5a714638,20-w11,C3,occupancy_state,development
20-w11-private_location-C3,710aa92e5a714638,20-w11,C3,private_location,development
20-w11-routine_inference-C3,710aa92e5a714638,20-w11,C3,routine_inference,development
20-w11-co_resident_activity-C3,710aa92e5a714638,20-w11,C3,co_resident_activity,development
20-w11-activity_understanding-C3,710aa92e5a714638,20-w11,C3,activity_understanding,development
20-w11-resident_identity-C4,710aa92e5a714638,20-w11,C4,resident_identity,development
20-w11-occupancy_state-C4,710aa92e5a714638,20-w11,C4,occupancy_state,development
20-w11-private_location-C4,710aa92e5a714638,20-w11,C4,private_location,development
20-w11-routine_inference-C4,710aa92e5a714638,20-w11,C4,routine_inference,development
20-w11-co_resident_activity-C4,710aa92e5a714638,20-w11,C4,co_resident_activity,development
20-w11-activity_understanding-C4,710aa92e5a714638,20-w11,C4,activity_understanding,development
20-w12-resident_identity-C0,710aa92e5a714638,20-w12,C0,resident_identity,development
20-w12-occupancy_state-C0,710aa92e5a714638,20-w12,C0,occupancy_state,development
20-w12-private_location-C0,710aa92e5a714638,20-w12,C0,private_location,development
20-w12-routine_inference-C0,710aa92e5a714638,20-w12,C0,routine_inference,development
20-w12-co_resident_activity-C0,710aa92e5a714638,20-w12,C0,co_resident_activity,development
20-w12-activity_understanding-C0,710aa92e5a714638,20-w12,C0,activity_understanding,development
20-w12-resident_identity-C1,710aa92e5a714638,20-w12,C1,resident_identity,development
20-w12-occupancy_state-C1,710aa92e5a714638,20-w12,C1,occupancy_state,development
20-w12-private_location-C1,710aa92e5a714638,20-w12,C1,private_location,development
20-w12-routine_inference-C1,710aa92e5a714638,20-w12,C1,routine_inference,development
20-w12-co_resident_activity-C1,710aa92e5a714638,20-w12,C1,co_resident_activity,development
20-w12-activity_understanding-C1,710aa92e5a714638,20-w12,C1,activity_understanding,development
20-w12-resident_identity-C2,710aa92e5a714638,20-w12,C2,resident_identity,development
20-w12-occupancy_state-C2,710aa92e5a714638,20-w12,C2,occupancy_state,development
20-w12-private_location-C2,710aa92e5a714638,20-w12,C2,private_location,development
20-w12-routine_inference-C2,710aa92e5a714638,20-w12,C2,routine_inference,development
20-w12-co_resident_activity-C2,710aa92e5a714638,20-w12,C2,co_resident_activity,development
20-w12-activity_understanding-C2,710aa92e5a714638,20-w12,C2,activity_understanding,development
20-w12-resident_identity-C3,710aa92e5a714638,20-w12,C3,resident_identity,development
20-w12-occupancy_state-C3,710aa92e5a714638,20-w12,C3,occupancy_state,development
20-w12-private_location-C3,710aa92e5a714638,20-w12,C3,private_location,development
20-w12-routine_inference-C3,710aa92e5a714638,20-w12,C3,routine_inference,development
20-w12-co_resident_activity-C3,710aa92e5a714638,20-w12,C3,co_resident_activity,development
20-w12-activity_understanding-C3,710aa92e5a714638,20-w12,C3,activity_understanding,development
20-w12-resident_identity-C4,710aa92e5a714638,20-w12,C4,resident_identity,development
20-w12-occupancy_state-C4,710aa92e5a714638,20-w12,C4,occupancy_state,development
20-w12-private_location-C4,710aa92e5a714638,20-w12,C4,private_location,development
20-w12-routine_inference-C4,710aa92e5a714638,20-w12,C4,routine_inference,development
20-w12-co_resident_activity-C4,710aa92e5a714638,20-w12,C4,co_resident_activity,development
20-w12-activity_understanding-C4,710aa92e5a714638,20-w12,C4,activity_understanding,development
20-w13-resident_identity-C0,710aa92e5a714638,20-w13,C0,resident_identity,development
20-w13-occupancy_state-C0,710aa92e5a714638,20-w13,C0,occupancy_state,development
20-w13-private_location-C0,710aa92e5a714638,20-w13,C0,private_location,development
20-w13-routine_inference-C0,710aa92e5a714638,20-w13,C0,routine_inference,development
20-w13-co_resident_activity-C0,710aa92e5a714638,20-w13,C0,co_resident_activity,development
20-w13-activity_understanding-C0,710aa92e5a714638,20-w13,C0,activity_understanding,development
20-w13-resident_identity-C1,710aa92e5a714638,20-w13,C1,resident_identity,development
20-w13-occupancy_state-C1,710aa92e5a714638,20-w13,C1,occupancy_state,development
20-w13-private_location-C1,710aa92e5a714638,20-w13,C1,private_location,development
20-w13-routine_inference-C1,710aa92e5a714638,20-w13,C1,routine_inference,development
20-w13-co_resident_activity-C1,710aa92e5a714638,20-w13,C1,co_resident_activity,development
20-w13-activity_understanding-C1,710aa92e5a714638,20-w13,C1,activity_understanding,development
20-w13-resident_identity-C2,710aa92e5a714638,20-w13,C2,resident_identity,development
20-w13-occupancy_state-C2,710aa92e5a714638,20-w13,C2,occupancy_state,development
20-w13-private_location-C2,710aa92e5a714638,20-w13,C2,private_location,development
20-w13-routine_inference-C2,710aa92e5a714638,20-w13,C2,routine_inference,development
20-w13-co_resident_activity-C2,710aa92e5a714638,20-w13,C2,co_resident_activity,development
20-w13-activity_understanding-C2,710aa92e5a714638,20-w13,C2,activity_understanding,development
20-w13-resident_identity-C3,710aa92e5a714638,20-w13,C3,resident_identity,development
20-w13-occupancy_state-C3,710aa92e5a714638,20-w13,C3,occupancy_state,development
20-w13-private_location-C3,710aa92e5a714638,20-w13,C3,private_location,development
20-w13-routine_inference-C3,710aa92e5a714638,20-w13,C3,routine_inference,development
20-w13-co_resident_activity-C3,710aa92e5a714638,20-w13,C3,co_resident_activity,development
20-w13-activity_understanding-C3,710aa92e5a714638,20-w13,C3,activity_understanding,development
20-w13-resident_identity-C4,710aa92e5a714638,20-w13,C4,resident_identity,development
20-w13-occupancy_state-C4,710aa92e5a714638,20-w13,C4,occupancy_state,development
20-w13-private_location-C4,710aa92e5a714638,20-w13,C4,private_location,development
20-w13-routine_inference-C4,710aa92e5a714638,20-w13,C4,routine_inference,development
20-w13-co_resident_activity-C4,710aa92e5a714638,20-w13,C4,co_resident_activity,development
20-w13-activity_understanding-C4,710aa92e5a714638,20-w13,C4,activity_understanding,development
